ID,OrderIndex,AmplitudeCurveID,Duration,Delay,Phase,Amplitude,AmplitudeB,Frequency,RadiusMin,RadiusMax,Flags,EffectType,DirectionType,MovementType,AttenuationType,CameraEffectID
302,0,1345,4,0,1,0.0555556,1,6,5,50,0,1,2,2,1,1
303,1,1345,4,0,1,0.0555556,1,4,5,50,0,1,3,2,1,1
304,2,1345,4,0,1,0.111111,1,5.2,5,50,0,1,4,2,1,1
305,0,1397,2,0,1,0.055555556,1,6,5,50,0,1,2,2,1,2
306,1,1397,2,0,1,0.055555556,1,4,5,50,0,1,3,2,1,2
307,2,1397,2,0,1,0.11111111,1,5.2,5,50,0,1,4,2,1,2
308,0,1397,0.4,0,0.06,0.055555556,1,3,5,50,0,1,4,2,1,3
309,0,1345,0.6,0,1,0.0555556,1,6,5,50,0,1,2,2,1,4
310,1,1345,0.6,0,1,0.0555556,1,6,5,50,0,1,3,2,1,4
311,2,1345,0.6,0,1,0.0555556,1,6,5,50,0,1,4,2,1,4
312,0,1345,10,0,1,0.0555556,1,6,5,50,0,1,2,2,1,5
313,1,1345,10,0,1,0.0555556,1,4,5,50,0,1,3,2,1,5
314,2,1345,10,0,1,0.111111,1,5.2,5,50,0,1,4,2,1,5
315,0,1345,20,0,1,0.0555556,1,6,5,50,0,1,2,2,1,6
316,1,1345,20,0,1,0.0555556,1,4,5,50,0,1,3,2,1,6
317,2,1345,20,0,1,0.111111,1,5.2,5,50,0,1,4,2,1,6
318,0,1345,7,0,1,0.0555556,1,6,5,50,0,1,2,2,1,7
319,1,1345,7,0,1,0.0555556,1,4,5,50,0,1,3,2,1,7
320,2,1345,7,0,1,0.111111,1,5.2,5,50,0,1,4,2,1,7
321,0,1345,1.5,0,1,0.277778,1,10,5,50,0,1,4,2,1,8
322,1,1345,1.5,0,1,0.277778,1,10,5,50,0,1,3,2,1,8
323,2,1345,1.5,0,1,0.277778,1,10,5,50,0,1,2,2,1,8
324,0,1345,1,0,1,0.111111,1,6,5,50,0,1,2,2,1,9
325,1,1345,1,0,1,0.111111,1,6,5,50,0,1,3,2,1,9
326,2,1345,1,0,1,0.111111,1,6,5,50,0,1,4,2,1,9
327,0,1345,0.75,0,1,0.277778,1,10,5,50,0,1,2,2,1,10
328,1,1345,0.75,0,1,0.277778,1,10,5,50,0,1,3,2,1,10
329,2,1345,0.75,0,1,0.277778,1,10,5,50,0,1,4,2,1,10
330,0,1345,5,0,1,0.0555556,1,6,5,50,0,1,2,2,1,11
331,1,1345,5,0,1,0.0555556,1,4,5,50,0,1,3,2,1,11
332,2,1345,5,0,1,0.111111,1,5.2,5,50,0,1,4,2,1,11
333,0,1345,1.5,0,1,0.277778,1,10,5,50,3,1,2,2,1,12
334,1,1345,1.5,0,1,0.277778,1,10,5,50,3,1,3,2,1,12
335,2,1345,1.5,0,1,0.277778,1,10,5,50,3,1,4,2,1,12
336,0,1345,0,0,1,0.00277778,1,0.1,79,80,4,1,3,2,1,13
337,1,1345,0,0,1,0.0555556,1,0.3,79,80,4,1,4,2,1,13
338,0,1345,0.75,0,1,0.694444,1,25,79,80,0,1,2,2,1,14
339,1,1345,0.75,0,1,0.694444,1,25,79,80,0,1,3,2,1,14
340,2,1345,0.75,0,1,0.694444,1,25,79,80,0,1,4,2,1,14
341,0,1345,2,0,1,0.694444,1,25,79,80,0,1,2,2,1,15
342,1,1345,2,0,1,0.694444,1,25,79,80,0,1,3,2,1,15
343,2,1345,2,0,1,0.694444,1,25,79,80,0,1,4,2,1,15
344,0,1345,0.75,0,1,0.194444,1,8,5,50,0,1,2,2,1,16
345,1,1345,0.75,0,1,0.194444,1,8,5,50,0,1,3,2,1,16
346,2,1345,0.75,0,1,0.194444,1,8,5,50,0,1,4,2,1,16
347,0,1345,7,0,1,0.277778,1,10,5,50,0,1,4,2,1,17
348,1,1345,7,0,1,0.277778,1,10,5,50,0,1,3,2,1,17
349,2,1345,7,0,1,0.277778,1,10,5,50,0,1,2,2,1,17
350,0,1345,1.5,0,1,0.0138889,1,6,5,50,0,1,2,2,1,18
351,1,1345,1.5,0,1,0.0138889,1,6,5,50,0,1,3,2,1,18
352,2,1345,1.5,0,1,0.0138889,1,6,5,50,0,1,4,2,1,18
353,0,1345,15,0,1,0.0555556,1,6,5,50,0,1,2,2,1,19
354,1,1345,15,0,1,0.0555556,1,4,5,50,0,1,3,2,1,19
355,2,1345,15,0,1,0.111111,1,5.2,5,50,0,1,4,2,1,19
356,0,1397,0.6,0,0.16,0.083333336,1,2,5,50,0,1,4,2,1,20
357,0,1397,0.4,0,0.06,0.055555556,1,3,5,50,0,1,4,2,1,21
358,0,1397,0.6,0,0.1,0.11111111,1,3,5,50,0,1,4,2,1,22
359,0,1397,0.65,0,0.08,0.16666667,1,4,5,50,0,1,4,2,1,23
360,0,1397,0.4,0,0.06,0.19444445,1,3,5,50,0,1,4,2,1,24
361,0,0,10,0,1,0.11111111,1,5.2,5,50,0,1,4,2,1,25
362,0,1397,0.6,0,0.06,0.33333334,1,3,5,50,0,1,4,2,1,26
363,0,0,7,0,1,0.055555556,1,6,5,50,0,1,2,2,1,27
364,0,1397,0.4,0,0.06,0.083333336,1,3,5,50,0,1,4,2,1,28
365,0,1347,2,0,0.06,0.33333334,1,3,5,50,0,1,4,2,1,29
366,0,0,0,0,1,0.0027777778,1,0.1,79,80,4,1,3,2,1,30
367,0,0,0,0,1,0.055555556,1,0.3,79,80,4,1,4,2,1,31
368,0,0,0.75,0,1,0.6944445,1,25,79,80,0,1,2,2,1,32
369,0,0,0.75,0,1,0.6944445,1,25,79,80,0,1,3,2,1,33
370,0,0,0.75,0,1,0.6944445,1,25,79,80,0,1,4,2,1,34
371,0,0,2,0,1,0.6944445,1,25,79,80,0,1,2,2,1,35
372,0,0,2,0,1,0.6944445,1,25,79,80,0,1,3,2,1,36
373,0,0,2,0,1,0.6944445,1,25,79,80,0,1,4,2,1,37
374,0,0,0.75,0,1,0.2777778,1,10,5,50,0,1,2,2,1,38
375,0,0,0.75,0,1,0.2777778,1,10,5,50,0,1,3,2,1,39
376,0,0,0.75,0,1,0.2777778,1,10,5,50,0,1,4,2,1,40
377,0,0,0.75,0,1,0.19444445,1,8,5,50,0,1,2,2,1,41
378,0,0,0.75,0,1,0.19444445,1,8,5,50,0,1,3,2,1,42
379,0,0,0.75,0,1,0.19444445,1,8,5,50,0,1,4,2,1,43
380,0,0,5,0,1,0.055555556,1,4,5,50,0,1,3,2,1,44
381,0,0,5,0,1,0.11111111,1,5.2,5,50,0,1,4,2,1,45
382,0,0,1.5,0,1,0.013888889,1,6,5,50,0,1,2,2,1,46
383,0,0,1.5,0,1,0.013888889,1,6,5,50,0,1,3,2,1,47
384,0,0,1.5,0,1,0.013888889,1,6,5,50,0,1,4,2,1,48
385,0,0,1.5,0,1,0.2777778,1,10,5,50,0,1,4,2,1,49
386,0,0,1.5,0,1,0.2777778,1,10,5,50,0,1,3,2,1,50
387,0,0,1.5,0,1,0.2777778,1,10,5,50,0,1,2,2,1,51
388,0,0,7,0,1,0.055555556,1,4,5,50,0,1,3,2,1,52
389,0,0,1,0,1,0.11111111,1,6,5,50,0,1,2,2,1,53
390,0,0,1,0,1,0.11111111,1,6,5,50,0,1,3,2,1,54
391,0,0,1,0,1,0.11111111,1,6,5,50,0,1,4,2,1,55
392,0,0,1.5,0,1,0.2777778,1,10,5,50,3,1,2,2,1,56
393,0,0,0.6,0,1,0.055555556,1,6,5,50,0,1,2,2,1,57
394,0,0,0.6,0,1,0.055555556,1,6,5,50,0,1,3,2,1,58
395,0,0,0.6,0,1,0.055555556,1,6,5,50,0,1,4,2,1,59
396,0,0,0.6,0,1,0.055555556,1,6,79,80,0,1,4,2,1,60
397,0,0,0.6,0,1,0.055555556,1,6,79,80,0,1,3,2,1,61
398,0,0,0.6,0,1,0.055555556,1,6,79,80,0,1,4,2,1,62
399,0,0,7,0,1,0.11111111,1,5.2,5,50,0,1,4,2,1,63
400,0,0,15,0,1,0.055555556,1,4,5,50,0,1,3,2,1,64
401,0,0,15,0,1,0.11111111,1,5.2,5,50,0,1,4,2,1,65
402,0,0,2,0,1,0.083333336,1,9,79,80,0,1,4,2,1,66
403,0,0,2,0,1,0.083333336,1,9,79,80,0,1,3,2,1,67
404,0,0,2,0,1,0.083333336,1,9,79,80,0,1,4,2,1,68
405,0,0,7,0,1,0.2777778,1,10,5,50,0,1,4,2,1,69
406,0,0,7,0,1,0.2777778,1,10,5,50,0,1,3,2,1,70
407,0,0,7,0,1,0.2777778,1,10,5,50,0,1,2,2,1,71
408,0,0,20,0,1,0.055555556,1,6,5,50,0,1,2,2,1,72
409,0,0,20,0,1,0.055555556,1,4,5,50,0,1,3,2,1,73
410,0,0,20,0,1,0.11111111,1,5.2,5,50,0,1,4,2,1,74
411,0,0,4,0,1,0.055555556,1,6,5,50,0,1,2,2,1,75
412,1,0,4,0,1,0.055555556,1,4,5,50,0,1,3,2,1,75
413,2,0,4,0,1,0.11111111,1,5.2,5,50,0,1,4,2,1,75
414,0,0,0.6,0,1,0.055555556,1,6,5,50,0,1,3,2,1,76
415,1,0,0.6,0,1,0.055555556,1,6,5,50,0,1,4,2,1,76
416,2,0,0.6,0,1,0.055555556,1,6,5,50,0,1,4,2,1,76
417,0,1397,0.6,0,0.1,0.11111111,1,3,5,50,0,1,4,2,1,77
418,0,1397,1,0,1,0.027777778,1,4,5,50,0,1,3,2,1,78
419,1,1397,1,0,1,0.027777778,1,6,5,50,0,1,4,2,1,78
420,2,1397,1,0,1,0.027777778,1,6,5,50,0,1,4,2,1,78
421,0,0,10,0,1,0.055555556,1,6,5,50,0,1,2,2,1,79
422,1,0,10,0,1,0.055555556,1,4,5,50,0,1,3,2,1,79
423,2,0,10,0,1,0.11111111,1,5.2,5,50,0,1,4,2,1,79
424,0,0,20,0,1,0.055555556,1,6,5,50,0,1,2,2,1,80
425,1,0,20,0,1,0.055555556,1,4,5,50,0,1,3,2,1,80
426,2,0,20,0,1,0.11111111,1,5.2,5,50,0,1,4,2,1,80
427,0,0,7,0,1,0.055555556,1,6,5,50,0,1,2,2,1,81
428,1,0,7,0,1,0.055555556,1,4,5,50,0,1,3,2,1,81
429,2,0,7,0,1,0.11111111,1,5.2,5,50,0,1,4,2,1,81
430,0,1347,2,0,0.06,0.25,1,8,5,50,0,1,4,2,1,82
431,0,11853,1,0,0,0.277778,0.5,15,5,50,0,0,0,0,0,83
432,1,11854,1,0,0,0.277778,5,15,5,50,0,1,1,0,0,83
434,0,11859,0.25,0,0,0.277778,0.05,15,5,50,0,0,0,0,0,84
435,1,11860,0.25,0,0,0.277778,5,15,5,50,0,1,1,0,0,84
437,0,11857,0.5,0,0,0.277778,0.5,15,5,50,0,0,0,0,0,85
438,1,11858,1,0,0,0.277778,5,15,5,50,0,1,1,0,0,85
440,0,11855,0.75,0,0,0.277778,0.5,15,5,50,0,0,0,0,0,86
441,1,11856,0.75,0,0,0.277778,5,15,5,50,0,1,1,0,0,86
443,0,0,3,0,1,0.22222222,1,6,5,50,0,1,2,2,1,87
444,1,0,3,0,1,0.22222222,1,4,5,50,0,1,3,2,1,87
445,2,0,3,0,1,0.22222222,1,5.2,5,50,0,1,4,2,1,87
446,0,1397,0.6,0,0.06,0.33333334,1,3,5,50,0,1,4,2,1,88
447,0,1346,4,0,1,0.05,1,6,5,50,0,1,2,2,1,89
448,1,1346,4,0,1,0.05,1,5,5,50,0,1,3,2,1,89
449,2,1346,4,0,1,0.1,1,5.2,5,50,0,1,4,2,1,89
450,0,1397,2,0,1,0.055555556,1,6,5,50,0,1,2,2,1,90
451,1,1397,2,0,1,0.055555556,1,4,5,50,0,1,3,2,1,90
452,2,1397,2,0,1,0.11111111,1,5.2,5,50,0,1,4,2,1,90
453,0,0,1,0,1,0.11111111,1,6,5,50,0,1,2,2,1,91
454,1,0,1,0,1,0.11111111,1,6,5,50,0,1,3,2,1,91
455,2,0,1,0,1,0.11111111,1,6,5,50,0,1,4,2,1,91
456,0,0,0.6,0,1,0.055555556,1,6,5,50,0,1,2,2,1,92
457,1,0,0.6,0,1,0.055555556,1,6,5,50,0,1,3,2,1,92
458,2,1397,1,0,0.06,0.2777778,1,8,5,50,0,1,4,2,1,92
459,0,0,2,0,1,0.0019444445,1,12,5,50,0,1,4,2,1,93
460,0,0,1,0,1,0.041666668,1,5,5,50,0,1,2,2,1,94
461,1,0,1,0,1,0.041666668,1,5,5,50,0,1,3,2,1,94
462,2,0,1,0,1,0.041666668,1,5,5,50,0,1,4,2,1,94
463,0,0,0.1,0,1,0.0027777778,1,8,5,50,0,1,2,2,1,95
464,1,0,0.1,0,1,0.0027777778,1,8,5,50,0,1,3,2,1,95
465,2,0,0.2,0,1,0.0027777778,1,8,5,50,0,1,4,2,1,95
466,0,0,0.75,0,1,0.2777778,1,10,5,50,0,1,2,2,1,96
467,1,0,0.75,0,1,0.2777778,1,10,5,50,0,1,3,2,1,96
468,2,0,0.75,0,1,0.2777778,1,10,5,50,0,1,4,2,1,96
469,0,0,2,0,1,0.22222222,1,0.5,5,50,0,1,2,2,1,97
470,1,0,2,0,1,0.22222222,1,0.5,5,50,0,1,3,2,1,97
471,2,0,2,0,1,0.22222222,1,0.5,5,50,0,1,4,2,1,97
472,0,0,1,0,1,0.055555556,1,4,5,50,0,1,2,2,1,98
473,1,0,1,0,1,0.055555556,1,4,5,50,0,1,3,2,1,98
474,2,0,1,0,1,0.055555556,1,4,5,50,0,1,4,2,1,98
475,0,0,5,0,1,0.16666667,1,3,5,50,0,1,3,2,1,99
476,1,0,3,0,1,0.33333334,1,8,5,50,0,1,4,2,1,99
477,2,0,5,0,1,0.083333336,1,1,5,50,0,1,2,2,1,99
478,0,0,4,0,1,0.055555556,1,5,5,50,0,1,3,2,1,100
479,1,0,2,0,1,0.16666667,1,4,5,50,0,1,4,2,1,100
480,2,0,4,0,1,0.055555556,1,1,5,50,0,1,2,2,1,100
481,0,0,5,0,1,0.055555556,1,6,5,50,0,1,2,2,1,101
482,1,0,5,0,1,0.055555556,1,4,5,50,0,1,3,2,1,101
483,2,0,5,0,1,0.11111111,1,5.2,5,50,0,1,4,2,1,101
484,0,1346,2,0,1,0.0355556,1,7,5,50,0,1,2,2,1,102
485,1,1346,2,0,1,0.0355556,1,8,5,50,0,1,3,2,1,102
486,2,1346,2,0,1,0.081111,1,9,5,50,0,1,4,2,1,102
487,0,0,5,0,1,0.2777778,1,4,5,50,0,1,3,2,1,103
488,1,0,5,0,1,0.2777778,1,5.2,5,50,0,1,4,2,1,103
489,2,0,5,0,1,0.2777778,1,5.2,5,50,0,1,4,2,1,103
490,0,0,4,0,1,0.2777778,1,10,5,50,0,1,2,2,1,104
491,1,0,4,0,1,0.2777778,1,10,5,50,0,1,3,2,1,104
492,2,1346,6,0,1,0.16666667,1,10,5,50,0,1,4,2,1,104
493,0,0,12,0,1,0.22222222,1,8,5,50,0,1,4,2,1,105
494,1,0,12,0,1,0.22222222,1,8,5,50,0,1,4,2,1,105
495,2,0,12,0,1,0.22222222,1,8,5,50,0,1,4,2,1,105
496,0,1397,0.4,0,0.06,0.055555556,1,3,5,50,0,1,4,2,1,106
497,0,1346,1,0,1,0.0277778,1,8,5,50,0,1,2,2,1,107
498,1,1346,1,0,1,0.0277778,1,9,5,50,0,1,3,2,1,107
499,2,1346,1,0,1,0.0277778,1,10,5,50,0,1,4,2,1,107
500,0,0,5,0,1,0.055555556,1,6,5,50,2,1,2,2,1,108
501,0,0,1.5,0,1,0.2777778,1,10,5,50,3,1,2,2,1,109
502,1,0,1.5,0,1,0.2777778,1,10,5,50,3,1,3,2,1,109
503,2,0,1.5,0,1,0.2777778,1,10,5,50,3,1,4,2,1,109
504,0,0,0.6,0,1,0.055555556,1,6,5,50,3,1,4,2,1,110
505,1,0,0.6,0,1,0.055555556,1,6,5,50,3,1,4,2,1,110
506,2,0,0.6,0,1,0.055555556,1,6,5,50,3,1,3,2,1,110
507,0,0,2.5,0,1,0.2777778,1,6,5,50,0,1,2,2,1,111
508,1,0,2.5,0,1,0.2777778,1,4,5,50,0,1,3,2,1,111
509,2,0,2.5,0,1,0.2777778,1,5.2,5,50,0,1,4,2,1,111
510,0,1397,0.6,0,0.06,0.33333334,1,3,5,50,0,1,4,2,1,112
511,0,1347,2,0,0.06,0.33333334,1,3,5,50,0,1,4,2,1,113
512,0,0,3,0,1,0.22222222,1,8,5,50,0,1,4,2,1,114
513,1,0,3,0,1,0.22222222,1,8,5,50,0,1,2,2,1,114
514,2,0,3,0,1,0.22222222,1,8,5,50,0,1,3,2,1,114
515,0,0,5,0,1,0.083333336,1,5.2,5,50,0,1,4,2,1,115
516,1,0,5,0,1,0.083333336,1,4,5,50,0,1,3,2,1,115
517,2,0,5,0,1,0.083333336,1,4,5,50,0,1,3,2,1,115
518,0,0,8,0,1,0.5,1,1,5,50,3,1,2,2,1,116
519,1,0,8,0,1,0.5,1,1.1,5,50,3,1,3,2,1,116
520,2,0,8,0,1,0.5,1,1.2,5,50,3,1,4,2,1,116
521,0,0,0.2,0,1,0.008333334,1,4,5,50,0,1,2,2,1,118
522,1,0,0.2,0,1,0.008333334,1,4,5,50,0,1,3,2,1,118
523,0,0,2,0,1,0.013888889,1,3,5,50,0,1,2,2,1,119
524,1,0,1,0,1,0.013888889,1,3,5,50,0,1,3,2,1,119
525,2,0,1,0,1,0.013888889,1,3,5,50,0,1,4,2,1,119
526,0,0,0.5,0,1,0.022222223,1,4,5,50,0,1,2,2,1,120
527,1,0,0.5,0,1,0.022222223,1,4,5,50,0,1,3,2,1,120
528,2,0,0.5,0,1,0.022222223,1,4,5,50,0,1,4,2,1,120
529,0,0,0.75,0,1,0.19444445,1,8,5,50,0,1,2,2,1,121
530,1,0,0.75,0,1,0.19444445,1,8,5,50,0,1,3,2,1,121
531,2,0,0.75,0,1,0.19444445,1,8,5,50,0,1,4,2,1,121
532,0,0,7,0,1,0.2777778,1,10,5,50,0,1,4,2,1,122
533,1,0,7,0,1,0.2777778,1,10,5,50,0,1,3,2,1,122
534,2,0,7,0,1,0.2777778,1,10,5,50,0,1,2,2,1,122
535,0,0,2,0,1,0.2777778,1,6,79,80,0,1,2,2,1,123
536,1,0,2,0,1,0.2777778,1,4,79,80,0,1,3,2,1,123
537,2,0,2,0,1,0.2777778,1,5.2,79,80,0,1,4,2,1,123
538,0,0,0.5,0,1,0.44444445,1,2,5,50,0,1,3,2,1,124
539,1,0,0.5,0,1,0.22222222,1,2,5,50,0,1,4,2,1,124
540,0,1347,2,0,0.06,0.33333334,1,3,5,50,0,1,4,2,1,125
541,0,1397,0.4,0,0.06,0.055555556,1,3,5,50,0,1,4,2,1,126
542,0,0,4,0,1,0.027777778,1,6,5,50,0,1,2,2,1,127
543,1,0,4,0,1,0.027777778,1,4,5,50,0,1,3,2,1,127
544,2,0,4,0,1,0.055555556,1,5.2,5,50,0,1,4,2,1,127
545,0,1397,0.3,0,1,0.083333336,1,10,5,50,0,1,2,2,1,128
546,1,1397,0.3,0,1,0.083333336,1,10,5,50,0,1,3,2,1,128
547,2,1397,0.3,0,1,0.083333336,1,10,5,50,0,1,4,2,1,128
548,0,0,0.1,0,1,0.083333336,1,10,5,50,0,1,2,2,1,129
549,1,0,0.1,0,1,0.083333336,1,10,5,50,0,1,3,2,1,129
550,2,0,0.1,0,1,0.083333336,1,10,5,50,0,1,4,2,1,129
551,0,0,7,0,1,0.027777778,1,6,5,50,0,1,2,2,1,130
552,1,0,7,0,1,0.027777778,1,4,5,50,0,1,3,2,1,130
553,2,0,7,0,1,0.055555556,1,5.2,5,50,0,1,4,2,1,130
554,0,0,0.6,0,1,0.055555556,1,6,79,80,0,1,4,2,1,131
555,1,0,0.6,0,1,0.055555556,1,6,79,80,0,1,3,2,1,131
556,2,0,0.6,0,1,0.055555556,1,6,79,80,0,1,4,2,1,131
557,0,0,5,0,1,0.0055555557,1,10,5,50,0,1,4,2,1,132
558,1,0,5,0,1,0.0055555557,1,10,5,50,0,1,2,2,1,132
559,2,0,5,0,1,0.0055555557,1,10,5,50,0,1,3,2,1,132
560,0,0,5,0,1,0.013888889,1,10,5,50,0,1,2,2,1,133
561,1,0,5,0,1,0.013888889,1,10,5,50,0,1,3,2,1,133
562,2,0,5,0,1,0.013888889,1,10,5,50,0,1,4,2,1,133
563,0,0,5,0,1,0.0055555557,1,10,5,50,0,1,4,2,1,134
564,1,0,5,0,1,0.0055555557,1,10,5,50,0,1,2,2,1,134
565,2,0,5,0,1,0.0055555557,1,10,5,50,0,1,3,2,1,134
566,0,0,5,0,1,0.022222223,1,10,5,50,0,1,2,2,1,135
567,1,0,5,0,1,0.022222223,1,10,5,50,0,1,3,2,1,135
568,2,0,5,0,1,0.022222223,1,10,5,50,0,1,4,2,1,135
569,0,1346,0.15,0,1,0.05,1,9,5,50,0,1,2,2,1,136
570,1,1346,0.15,0,1,0.05,1,8,5,50,0,1,3,2,1,136
571,2,1346,0.15,0,1,0.05,1,10,5,50,0,1,4,2,1,136
572,0,0,0.75,0,1,0.19444445,1,8,5,50,0,1,2,2,1,137
573,1,0,0.75,0,1,0.19444445,1,8,5,50,0,1,2,2,1,137
574,2,0,0.75,0,1,0.19444445,1,8,5,50,0,1,2,2,1,137
575,0,0,2,0,1,0.6944445,1,25,79,80,0,1,2,2,1,138
576,1,0,2,0,1,0.6944445,1,25,79,80,0,1,3,2,1,138
577,2,0,2,0,1,0.6944445,1,25,79,80,0,1,4,2,1,138
578,0,0,0.1,0,0.06,0.027777778,1,3,79,80,0,1,4,2,1,139
579,0,1397,0.4,0,0.06,0.034722224,1,3,79,80,0,1,4,2,1,140
580,0,1397,0.4,0,0.01,0.041666668,1,3,79,80,0,1,4,2,1,141
581,0,0,1,0,1,0.027777778,1,15,5,50,0,1,4,2,1,142
582,0,0,0.75,0,1,0.19444445,1,50,5,50,0,1,3,2,1,143
583,1,0,0.75,0,1,0.19444445,1,50,5,50,0,1,3,2,1,143
584,2,0,0.75,0,1,0.19444445,1,50,5,50,0,1,3,2,1,143
585,0,0,0.75,0,1,0.6944445,1,25,79,80,0,1,2,2,1,144
586,1,0,0.75,0,1,0.6944445,1,25,79,80,0,1,3,2,1,144
587,2,0,0.75,0,1,0.6944445,1,25,79,80,0,1,4,2,1,144
588,0,0,0.75,0,1,0.19444445,1,8,5,50,0,1,2,2,1,145
589,1,0,0.75,0,1,0.19444445,1,8,5,50,0,1,3,2,1,145
590,2,0,0.75,0,1,0.19444445,1,8,5,50,0,1,4,2,1,145
591,0,0,11.5,0,1,0.00925,1,12,5,50,0,1,2,2,1,146
592,1,0,11.5,0,1,0.00925,1,8,5,50,0,1,3,2,1,146
593,2,0,11.5,0,1,0.020833334,1,10.4,5,50,0,1,4,2,1,146
594,0,0,5,0,1,0.055555556,1,6,5,50,0,1,2,2,1,147
595,1,0,5,0,1,0.055555556,1,4,5,50,0,1,3,2,1,147
596,2,0,5,0,1,0.11111111,1,5.2,5,50,0,1,4,2,1,147
597,0,1346,10,0,1,0.2777778,1,5,5,50,0,1,4,2,1,148
598,1,1346,10,0,1,0.2777778,1,5,5,50,0,1,3,2,1,148
599,2,1346,10,0,1,0.2777778,1,5,5,50,0,1,2,2,1,148
600,0,0,5,0,1,0.2777778,1,5,5,50,0,1,4,2,1,149
601,1,0,5,0,1,0.2777778,1,5,5,50,0,1,3,2,1,149
602,2,1346,5,0,1,0.2777778,1,5,5,50,0,1,2,2,1,149
658,0,1786,10,0,0,180,1,0,5,50,2,0,1,3,2,676
659,0,1346,0.5,0,0,1,1,0.5,5,50,0,1,7,0,0,677
660,0,1346,0.2,0,0,10,1.1,1,5,50,0,0,0,0,0,678
661,0,1346,1.15,0,1,1.22,1,0.1,5,50,0,1,0,1,0,679
662,0,1346,0.5,0,0,1,1,1,0,50,0,0,0,2,0,680
663,0,1346,5,0,1,0.194444,0,8,5,50,0,1,8,2,1,681
664,1,1346,5,0,1,0.194444,1,8,5,50,0,1,9,2,1,681
665,2,1346,5,0,1,0.194444,1,8,5,50,0,1,6,2,1,681
672,0,1571,4,0,1,0.05,0,6,5,50,0,1,8,2,1,685
673,0,1346,4,0,1,0.0555556,0,6,5,50,0,1,8,2,1,686
674,1,1346,4,0,1,0.0555556,1,4,5,50,0,1,9,2,1,686
675,2,1346,4,0,1,0.111111,1,5.2,5,50,0,1,6,2,1,686
677,0,1397,0.5,0,0.06,0.055555556,1,2,79,80,0,1,4,2,1,688
678,0,1346,0.75,0,1,1,0,6,5,75,0,1,8,2,1,689
679,1,1346,0.75,0,1,1,1,4,5,75,0,1,9,2,1,689
680,2,1346,0.75,0,1,1,1,5.2,5,75,0,1,6,2,1,689
684,0,1679,1,0,0,4,1,1,0,50,3,1,4,1,2,693
686,0,1687,5,0,0,30,1,1,5,50,0,2,0,3,2,694
687,0,1397,0.4,0,0.01,0.0416667,1,3,5,50,0,1,6,2,0,695
688,0,1849,0.15,0,0,0.208,0.5,15,5,50,0,0,0,0,0,696
689,1,1346,0.15,0,0,0.123,5,15,5,50,0,1,1,0,0,696
690,0,1850,0.15,0.07,2,0.1,0.5,100,5,50,0,0,2,1,0,697
691,1,1851,0.15,0.07,4,0.2,1,100,5,50,0,1,0,1,0,697
692,0,1852,0.15,0,0,0.08,0.5,15,5,50,0,0,2,1,0,698
693,1,1346,0.15,0,0,0.03,1,15,5,50,0,1,0,1,0,698
694,0,1855,0.4,0,4,0.03,1,10,5,50,0,0,2,2,0,699
696,0,1859,0.4,0.6,0,0.0075,1,5,5,50,0,1,0,2,0,700
697,1,1860,0.4,0.6,0,0.0075,1,10,5,50,0,1,0,2,0,700
698,0,1861,0.4,0,0,0.007,1,5,5,50,0,1,0,2,0,701
699,1,1862,0.4,0,0,0.007,1,10,5,50,0,1,0,2,0,701
700,1,1863,0.4,0,5,0.08,1,2,5,50,0,0,3,0,0,699
701,0,1891,0.15,0.305,0,0.08,0.5,15,5,50,0,0,2,1,0,702
702,1,1346,0.15,0.305,0,0.03,1,15,5,50,0,1,0,1,0,702
707,0,0,0.75,0,1,0.19444445,1,8,5,50,0,1,2,2,1,707
708,0,0,5,0,1,0.055555556,1,6,5,50,0,1,2,2,1,708
710,0,1944,0.3,0.3,0,0.55,0.5,15,5,50,0,0,2,1,0,710
711,1,1346,0.15,0.3,0,0.03,1,15,5,50,0,1,0,1,0,710
714,0,1969,10,0,0,25,1,0.2,5,50,7,0,0,2,2,711
715,1,1970,30,0,0,120,1,1,5,50,7,2,0,3,2,711
716,2,1971,15,0,0,80,2,1,5,50,7,0,1,3,2,711
717,0,1972,15,0,5,5,1,0.2,10,10,3,0,0,2,2,712
719,1,1974,15,0,0,5,1,0.2,5,50,0,2,0,2,2,712
720,0,2065,0.25,0,0,0.308,1,15,5,50,0,0,2,0,0,713
721,1,1346,0.25,0,0,0.023,1,30,5,50,0,1,3,0,0,713
722,0,2074,500,0,0,120,1,0,1,5,7,2,0,0,2,714
723,0,2104,0.3,0.1,0,0.55,0.5,15,5,50,0,0,2,1,0,715
724,1,1346,0.3,0.1,0,0.03,1,15,5,50,0,1,0,1,0,715
725,0,2105,0.4,0.1,4,0.03,1,10,5,50,0,0,2,2,0,716
726,1,2106,0.4,0.1,5,0.08,1,2,5,50,0,0,3,0,0,716
727,0,1346,0.75,0,1,0.694444,1,25,5,100,0,1,1,2,1,717
728,0,2330,0.15,0.05,2,0.1,0.5,100,5,50,0,0,2,1,0,718
729,1,2331,0.15,0.05,4,0.2,1,100,5,50,0,1,0,1,0,718
730,0,2413,0.15,0.212,0,0.13,0.5,15,5,50,0,0,2,1,0,719
731,1,1346,0.15,0.212,0,0.03,1,15,5,50,0,1,0,1,0,719
732,2,2414,0.4,0.212,0,0.15,1,15,5,50,0,0,2,1,0,719
805,0,0,10,0,1,0.2777778,1,6,5,50,0,1,2,2,1,745
806,1,0,10,0,1,0.2777778,1,4,5,50,0,1,3,2,1,745
807,2,0,10,0,1,0.2777778,1,5.2,5,50,0,1,4,2,1,745
808,0,0,4,0,1,0.055555556,1,6,5,50,0,1,2,2,1,746
809,1,0,4,0,1,0.055555556,1,4,5,50,0,1,3,2,1,746
810,2,0,4,0,1,0.11111111,1,5.2,5,50,0,1,4,2,1,746
811,0,0,0.2,0,1,0.027777778,1,8,5,50,0,1,2,2,1,747
812,1,0,0.2,0,1,0.027777778,1,8,5,50,0,1,3,2,1,747
813,2,0,0.3,0,1,0.027777778,1,8,5,50,0,1,4,2,1,747
814,0,4236,1.5,0,1,0.0555556,1,6,5,50,0,0,0,2,1,748
815,1,4237,1.5,0,1,0.0555556,1,4,5,50,0,0,0,2,1,748
816,2,4238,1.5,0,1,0.111111,1,5.2,5,50,0,0,0,2,1,748
817,0,1345,1,0,1,0.0555556,1,6,5,50,0,1,2,2,1,749
818,1,1345,1,0,1,0.0555556,1,4,5,50,0,1,3,2,1,749
819,2,1345,1,0,1,0.111111,1,5.2,5,50,0,1,4,2,1,749
820,0,0,0.75,0,1,0.19444445,1,8,5,50,0,1,2,2,1,750
821,1,0,0.75,0,1,0.19444445,1,8,5,50,0,1,3,2,1,750
822,2,0,0.75,0,1,0.19444445,1,8,5,50,0,1,4,2,1,750
823,0,0,3,0,1,0.027777778,1,1,5,50,0,1,2,2,1,751
824,1,0,3,0,1,0.027777778,1,1,5,50,0,1,3,2,1,751
825,2,0,3,0,1,0.027777778,1,1,5,50,0,1,4,2,1,751
826,0,0,2,0,1,0.027777778,1,1,5,50,0,1,2,2,1,752
827,1,0,2,0,1,0.027777778,1,1,5,50,0,1,3,2,1,752
828,2,0,2,0,1,0.027777778,1,1,5,50,0,1,4,2,1,752
829,0,1397,0.6,0.43,0.06,0.333333,1,3,5,50,0,1,4,2,1,753
844,0,2538,10,0,0,180,1,0,5,50,2,0,1,3,2,762
849,0,1348,5,0,0,90,1,0,5,50,0,0,2,3,2,763
856,0,2558,10,0,0,180,1,0,5,50,2,0,1,3,2,767
857,1,2560,10,0,0,180,1,1,5,50,2,2,0,3,2,767
858,0,2568,0.4,0,4,0.03,1,10,5,50,0,0,1,2,0,768
859,1,2569,0.4,0,5,0.08,1,2,5,50,0,0,3,0,0,768
860,0,1397,0.4,0,0.06,0.0555556,1,3,5,50,0,1,4,2,1,769
861,0,1346,1.5,0,1,1,0,6,5,150,0,1,8,2,1,770
862,1,1346,1.5,0,1,1,1,4,5,150,0,1,9,2,1,770
863,2,1346,1.5,0,1,1,1,5.2,5,150,0,1,6,2,1,770
864,0,1397,0.4,0.51,0.06,0.194444,1,3,5,50,0,1,4,2,1,771
865,0,2758,1,0,1,0.0416667,1,9,5,50,7,1,2,2,1,772
866,1,2759,1,0,1,0.0416667,1,9,5,50,7,1,3,2,1,772
867,2,2760,1,0,1,0.0416667,1,6,5,50,7,1,4,2,1,772
868,0,1345,0.8,0,1,0.0416667,1,9,5,10000,3,1,2,2,1,773
869,1,1345,0.8,0,1,0.0416667,1,9,5,10000,3,1,3,2,1,773
870,2,1345,0.8,0,1,0.0416667,1,6,5,10000,3,1,4,2,1,773
871,1,1348,5,0,0,0.01,0.01,0.5,0,1000,7,1,0,2,1,774
872,0,1348,10,1,0,0.04,0.11,0.5,0,1000,7,0,0,2,1,774
874,0,1345,1,0,1,0.0416667,1,5,5,50,0,1,2,2,1,775
875,1,1345,1,0,1,0.0416667,1,5,5,50,0,1,3,2,1,775
876,2,1345,1,0,1,0.0416667,1,5,5,50,0,1,4,2,1,775
877,0,2828,0.3,0,0,0.4,0.5,15,250,250,0,0,2,1,0,776
878,1,2829,0.3,0,0,0.25,1,15,250,250,0,1,0,1,0,776
879,0,1345,2,0,1,0.0555556,1,6,5,50,0,1,2,2,1,777
880,1,1345,2,0,1,0.0555556,1,4,5,50,0,1,3,2,1,777
881,2,1345,2,0,1,0.111111,1,5.2,5,50,0,1,4,2,1,777
882,0,1345,0.5,0,1,0.0555556,1,6,5,50,0,1,2,2,1,778
883,1,1345,0.5,0,1,0.0555556,1,4,5,50,0,1,3,2,1,778
884,2,1345,1.5,0,1,0.1,1,5.2,5,50,0,1,4,2,1,778
887,0,1345,3,0,1,0.005,1,12,0,10000,7,1,3,2,1,779
888,1,1345,3,0,1,0.005,1,12,0,10000,7,1,4,2,1,779
889,2,1345,3,0,1,0.2,0.2,10,0,1000,7,0,0,2,1,779
890,0,2990,3,0,0,0.15,1,6,5,50,4,1,4,0,0,780
891,1,2991,3,0,0,0.15,1,5,5,50,4,1,2,0,0,780
892,2,2992,3,0,0,0.15,1,5.2,5,50,4,1,3,0,0,780
893,0,1345,0.75,0,1,0.1,1,7,5,40,0,1,2,2,1,781
894,1,1345,0.75,0,1,0.1,1,7,5,40,0,1,3,2,1,781
895,2,1345,0.75,0,1,0.1,1,7,5,40,0,1,4,2,1,781
896,0,1345,0.7,0,1,0.005,1,8,0,10000,3,1,3,2,1,782
897,1,1345,0.6,0,1,0.005,1,10,0,10000,3,1,4,2,1,782
898,2,1345,0.5,0,1,0.2,0.2,12,0,1000,3,0,0,2,1,782
899,0,1345,4,0,1,0.0555556,1,6,5,150,0,1,2,2,1,783
900,1,1345,4,0,1,0.0555556,1,4,5,150,0,1,3,2,1,783
901,2,1345,4,0,1,0.111111,1,5.2,5,150,0,1,4,2,1,783
902,0,1345,0.75,0,1,0.277778,1,8,150,300,0,1,4,2,1,784
903,1,1345,0.75,0,1,0.277778,1,8,150,300,0,1,3,2,1,784
904,2,1345,0.75,0,1,0.277778,1,8,150,300,0,1,2,2,1,784
905,0,3207,2,0,1,5,1,5,200,400,0,1,4,2,1,785
906,1,3208,2,0,1,5,1,5,200,400,0,1,3,2,1,785
907,2,3209,2,0,1,5,1,5,200,400,0,1,2,2,1,785
908,0,1345,0.75,0,1,0.294444,1,8,5,100,0,1,2,2,1,786
909,1,1345,0.75,0,1,0.294444,1,8,5,100,0,1,3,2,1,786
910,2,1345,0.75,0,1,0.294444,1,8,5,100,0,1,4,2,1,786
949,0,3691,0.2,0.18,0,0.35,0.5,15,5,50,0,0,2,1,0,808
950,1,1346,0.15,0.18,0,0.023,1,15,5,50,0,1,0,1,0,808
976,0,1345,0.3,0,1,0.0555556,1,6,5,50,0,1,2,2,1,817
977,1,1345,0.3,0.6,1,0.0555556,1,1,5,50,0,1,2,2,1,817
978,0,1345,0.75,0,1,0.294444,1,8,5,100,3,1,2,2,1,818
979,1,1345,0.75,0,1,0.294444,1,8,5,100,3,1,3,2,1,818
980,2,1345,0.75,0,1,0.294444,1,8,5,100,3,1,4,2,1,818
995,0,1345,10,1,0,0.2,1,0.5,1,2,0,1,2,2,0,827
996,0,1345,5,0,0,20,0,0.25,1,10,0,0,1,0,0,828
997,0,1345,2,0,0,20,0,0.25,1,10,0,1,2,0,0,829
998,0,1345,2,0,1,0.111111,1,8,5,50,0,1,3,2,1,830
999,1,1345,2,0,0,10,1,0.2,5,50,0,2,0,0,0,830
1000,0,1346,0.8,0.6,0.06,0.1,1,10,5,50,0,1,0,2,2,831
1001,0,1345,0.1,0.5,1,0.0833333,1,10,5,50,0,1,2,2,1,832
1002,1,1345,0.1,0.5,1,0.0833333,1,10,5,50,0,1,3,2,1,832
1003,2,1345,0.1,0.5,1,0.0833333,1,10,5,50,0,1,4,2,1,832
1004,0,5212,0.4,0,4,0.03,1,10,5,50,0,0,2,2,0,833
1005,1,5213,0.4,0,5,0.08,1,2,5,50,0,0,3,0,0,833
1006,0,5214,0.15,0.05,2,0.1,1,100,5,50,0,0,2,1,0,834
1007,1,5215,0.15,0.05,4,0.2,1,100,5,50,0,1,0,1,0,834
1008,0,1345,0.5,0,0.06,0.1,1,3,79,80,0,1,4,2,1,835
1010,3,1345,2,5,1,0.1,1,4,5,50,0,1,3,2,1,836
1013,0,1345,2,1,1,0.04,1,1,5,50,0,1,3,2,1,836
1015,1,1345,2,3,0,0.06,1,2,5,50,0,1,3,2,1,836
1016,2,1345,2,4,0,0.08,1,3,5,50,0,1,3,0,1,836
1017,0,5710,0.75,0,0,90,1,3,5,50,2,2,0,1,0,837
1018,0,1345,3,0,1,0.005,1,12,0,10000,3,1,3,2,1,838
1019,1,1345,3,0,1,0.005,1,12,0,10000,3,1,4,2,1,838
1020,2,1345,3,0,1,0.2,0.2,10,0,1000,3,0,0,2,1,838
1021,0,5754,500,0,0,50,1,0,5,50,3,2,0,0,2,839
1022,0,1344,0,0,0,5,3,0,5,100,7,1,4,3,2,840
1023,0,1345,0,0,0,1,1,1,5,50,4,1,0,0,0,841
1024,0,6229,2,0,1,5,1,5,200,400,0,1,4,2,1,842
1025,1,6230,2,0,1,5,1,5,200,400,0,1,3,2,1,842
1026,2,6231,2,0,1,5,1,5,200,400,0,1,2,2,1,842
1027,0,6235,0,0,155,25,1,0,5,55,7,0,1,1,2,843
1028,0,6274,2,0,0,20,0,6,1,50,3,0,1,0,0,844
1029,1,6275,2,0,0,1,1,8,1,50,3,1,2,2,0,844
1030,2,6276,2,0,0,1,1,8,1,50,3,1,3,2,0,844
1031,0,1345,0.8,0,1,0.005,1,8,0,10000,3,1,3,2,1,845
1032,1,1345,0.9,0,1,0.005,1,10,0,10000,3,1,4,2,1,845
1033,2,1345,1,0,1,0.2,0.2,12,0,1000,3,0,0,2,1,845
1034,0,1345,1.8,0,1,0.005,1,8,0,10000,3,1,3,2,1,846
1035,1,1345,1.7,0,1,0.005,1,10,0,10000,3,1,4,2,1,846
1036,2,1345,2,0,1,0.2,0.2,12,0,1000,3,0,0,2,1,846
1037,0,1345,0.2,0,1,0.005,1,7,5,6,0,1,2,2,1,847
1038,1,1345,0.2,0,1,0.005,1,7,5,6,0,1,3,2,1,847
1039,2,1345,0.2,0,1,0.005,1,7,5,6,0,1,4,2,1,847
1040,0,1345,3,0,1,2,1,7,5,50,0,1,2,2,1,848
1041,1,1345,3,0,1,2,1,7,5,50,0,1,3,2,1,848
1042,2,1345,3,0,1,2,1,7,5,50,0,1,4,2,1,848
1043,0,1344,0.4,0,0.5,0.2,1,10,5,100,0,1,2,2,1,849
1044,1,1344,0.4,0,0.5,0.2,1,10,5,100,0,1,3,2,1,849
1045,2,1344,0.4,0,0.5,0.2,1,10,5,100,0,1,4,2,1,849
1046,0,1345,1,0,1,0.0416667,1,5,155,255,4,1,2,2,1,850
1047,1,1345,1,0,1,0.0416667,1,5,155,255,4,1,3,2,1,850
1048,2,1345,1,0,1,0.0416667,1,5,155,255,4,1,4,2,1,850
1052,0,1345,0,0,1,0.03,0.04,0.2,1,10,7,0,0,2,1,851
1053,1,1345,0,0,1,0.01,1,0.2,1,10,7,0,1,2,1,851
1054,0,1345,1.5,0,1,0.005,1,12,0,10000,3,1,3,2,1,852
1055,1,1345,1.5,0,1,0.005,1,12,0,10000,3,1,4,2,1,852
1056,2,1345,1.5,0,1,0.2,0.2,10,0,1000,3,0,0,2,1,852
1057,0,1345,0.75,1,1,0.194444,1,50,5,50,0,1,3,2,1,853
1058,1,1345,0.75,1,1,0.194444,1,50,5,50,0,1,3,2,1,853
1059,2,1345,0.75,1,1,0.194444,1,50,5,50,0,1,3,2,1,853
1060,0,6834,3,0,1,0.0555556,1,12,5,50,0,0,0,2,1,854
1061,1,6835,3,0,1,0.0555556,1,8,5,50,0,0,0,2,1,854
1062,2,6836,3,0,1,0.111111,1,9.2,5,50,0,0,0,2,1,854
1063,0,1345,1,0,0.5,0.2,1,8,5,100,0,1,2,2,1,855
1064,1,1345,1,0,0.5,0.2,1,8,5,100,0,1,3,2,1,855
1065,2,1345,1,0,0.5,0.2,1,8,5,100,0,1,4,2,1,855
1166,0,7037,0.6,0,0,0.4,0.5,15,250,250,0,0,2,1,0,956
1167,1,7038,0.6,0,0,0.25,1,15,250,250,0,1,0,1,0,956
1168,0,7039,500,0,0,10,1,0,1,5,7,2,0,0,2,957
1169,0,7096,4,0,0,0.4,0.5,5,250,250,0,0,2,1,0,958
1170,1,7097,2,0,0,0.25,1,10,250,250,0,1,0,1,0,958
1174,0,1345,30,0,1,0.0277778,1,4,5,50,0,1,2,2,1,960
1175,1,1345,30,0,1,0.0277778,1,3,5,50,0,1,3,2,1,960
1176,2,1345,30,0,1,0.0555556,1,3.5,5,50,0,1,4,2,1,960
1177,0,1345,10,0,1,0.05,1,6,5,50,0,1,2,2,1,961
1178,1,1345,10,0,1,0.02,1,5,5,50,0,1,3,2,1,961
1179,2,1345,10,0,1,0.01,1,5.5,5,50,0,1,4,2,1,961
1180,0,1345,20,0,1,0.08,1,6,5,50,0,1,2,2,1,962
1181,1,1345,20,0,1,0.09,1,5,5,50,0,1,3,2,1,962
1182,2,1345,20,0,1,0.08,1,5.5,5,50,0,1,4,2,1,962
1183,0,7272,0.5,0,1,0.3,1,5,1,900,3,1,4,2,1,963
1184,1,7273,0.5,0,1,0.3,1,5,1,900,3,1,3,2,1,963
1185,2,7274,0.5,0,1,0.3,1,5,1,900,3,1,2,2,1,963
1186,0,1345,5,0,1,0.005,1,8,0,10000,3,1,3,2,1,964
1187,1,1345,5,0,1,0.005,1,10,0,10000,3,1,4,2,1,964
1188,2,1345,6,0,1,0.1,0.2,12,0,1000,3,0,0,2,1,964
1189,0,7843,10,1,0,0.004,0.11,0.5,2,3,7,0,0,2,1,965
1190,1,7840,5,0,0,0.005,0.01,4,2,3,7,1,3,2,1,965
1191,2,1345,5,0,0,0.005,1,6,3,6,7,1,4,2,1,965
1192,0,1345,1,0,1,0.005,1,6,0,10000,3,1,3,2,1,966
1193,1,1345,1,0,1,0.005,1,8,0,10000,3,1,4,2,1,966
1194,2,1345,1,0,1,0.1,0.2,10,0,1000,3,0,0,2,1,966
1195,0,8205,8,0,1,0.005,1,6,0,10000,3,1,3,2,1,967
1196,1,8206,8,0,1,0.005,1,8,0,10000,3,1,4,2,1,967
1197,2,8207,9,0,1,0.1,0.2,9,0,1000,3,0,0,2,1,967
1199,0,8202,1.2,0,1,0.007,1,8,0,10000,3,1,3,2,1,969
1200,1,8203,1.2,0,1,0.007,1,9.5,0,10000,3,1,4,2,1,969
1201,2,8204,1.2,0,1,0.1,0.2,11,0,1000,3,0,0,2,1,969
1202,0,1345,5,0,1,0.007,1,6,0,10000,3,1,3,2,1,970
1203,1,1345,5,0,1,0.007,1,7,0,10000,3,1,4,2,1,970
1204,2,1345,5,0,1,0.1,0.2,8,0,1000,3,0,0,2,1,970
1205,0,8900,3,1,0,0.004,0.11,0.5,2,3,7,0,0,2,1,971
1206,1,8901,4,0,0,0.005,0.01,4,2,3,7,1,3,2,1,971
1207,2,1345,4,0,0,0.005,1,6,3,6,7,1,4,2,1,971
1208,0,8953,1,0,0,-40,1,0,5,5,15,2,0,3,2,972
1209,0,1344,1,0,0,-40,1,0,5,5,3,2,0,3,2,973
1210,0,9130,2,0,1,0.2,1,4,1,500,3,1,4,2,0,974
1211,1,9131,2,0,1,0.2,1,4,1,500,3,1,2,2,0,974
1212,2,9132,2,0,1,0.2,1,4,1,500,3,1,3,2,0,974
1213,0,1345,0,0,1,0.03,0.1,0.2,1,10,7,0,0,2,1,975
1214,1,9459,0,0,1,0.2,1,0.2,1,10,7,0,1,2,1,975
1218,0,10236,3,0,1,0.2,1,0.05,0,10000,7,0,3,3,1,977
1222,0,1348,3,0,1,0.2,0,0.05,0,1000,7,0,3,3,1,978
1223,0,11164,10.2,0,1,6,1,14,100000,120000,0,1,0,0,1,979
1224,1,11165,10.2,0,0,5,0,6,100000,120000,0,0,0,1,1,979
1226,0,11179,1,0,1,0.2,1,8,1,500,3,1,4,2,0,980
1227,1,11180,1,0,1,0.2,1,8,1,500,3,1,2,2,0,980
1228,2,11181,1,0,1,0.2,1,8,1,500,3,1,3,3,1,980
1229,0,11244,1.5,0,0,0.08,1,4,1,50,3,1,6,0,0,981
1232,0,1347,1,0,0,0.15,1,2,1,50,0,1,8,2,0,982
1233,0,1345,3,0,1,0.1,1,3,1,500,3,1,4,2,0,983
1234,1,1345,3,0,1,0.3,1,4,1,500,3,1,2,2,0,983
1235,2,1345,2,0,1,0.3,1,3,1,500,3,1,3,3,0,983
1238,0,12164,6,0,1,2,1,14,100000,120000,0,1,0,0,1,985
1239,1,12165,6,0,0,1,0,6,100000,120000,0,0,0,1,1,985
1240,0,12179,0.3,2,0,0.4,0.5,15,250,250,0,0,2,1,0,986
1241,1,12180,0.3,2,0,0.25,1,15,250,250,0,1,0,1,0,986
1242,0,1345,5,0,1,0.005,1,12,0,10000,7,1,3,2,1,987
1243,1,1345,5,0,1,0.005,1,12,0,10000,7,1,4,2,1,987
1244,2,1345,5,0,1,0.2,0.2,10,0,1000,7,0,0,2,1,987
1245,0,13671,3,1,0,0.004,0.11,0.5,2,3,7,0,0,2,1,988
1246,1,13672,8,0,0,0.005,0.01,6.5,0.1,0.4,15,1,3,2,1,988
1247,2,13673,8,0,0,0.005,1,6.5,0.1,0.4,15,1,4,2,1,988
1248,0,13702,0.3,0,0,0.4,0.5,15,250,250,0,0,2,1,0,989
1249,1,13703,0.3,0,0,0.25,1,15,250,250,0,1,0,1,0,989
1250,0,1345,3.5,3.5,1,0.0555556,1,6,79,80,0,1,4,2,1,990
1251,1,1345,3.5,3.5,1,0.0555556,1,6,79,80,0,1,3,2,1,990
1252,2,1345,3.5,3.5,1,0.0555556,1,6,79,80,0,1,4,2,1,990
1253,0,14549,0.25,0,0,1.5,2,15,5,50,0,1,2,0,0,991
1255,0,1345,3,0,1,0.01,1,12,0,10000,7,1,3,2,1,992
1256,1,1345,3,0,1,0.01,1,12,0,10000,7,1,4,2,1,992
1257,2,1345,3,0,1,0.35,0.35,10,0,1000,7,0,0,2,1,992
1258,0,1345,3,0,1,0.5,1,12,0,10000,3,1,3,2,1,993
1259,1,1345,3,0,1,0.5,1,12,0,10000,3,1,4,2,1,993
1260,2,1345,3,0,1,0.5,0.35,10,0,1000,3,0,0,2,1,993
1261,0,1345,3,0,0.5,0.003,1,7,0,10000,7,1,3,2,1,994
1262,1,1345,3,0,0.5,0.03,1,7,0,10000,7,1,4,2,1,994
1264,0,16463,1,0.5,1,0.0555556,1,6,200,300,0,1,2,2,1,995
1265,1,16464,1,0.5,1,0.0555556,1,6,200,300,0,1,3,2,1,995
1266,2,16465,1,0.5,1,0.111111,1,7,200,300,0,1,4,2,1,995
1267,0,16459,3,0,1,0.0555556,1,1,200,300,0,1,2,2,1,996
1268,1,16460,4,0,1,0.0555556,1,3,200,300,0,1,3,2,1,996
1269,2,16461,4,0,1,0.111111,1,3,200,300,0,1,4,2,1,996
1270,0,1347,2,0.65,0.06,0.333333,1,3,5,50,0,1,4,2,1,997
1271,0,1347,2,0,0.06,0.333333,1,3,5,50,0,1,4,2,1,998
1272,0,1345,0.5,0,0.06,0.1,1,3,79,80,0,1,4,2,1,999
1273,0,1345,0.6,0.2,1,0.0555556,1,6,5,50,0,1,3,2,1,1000
1274,1,1345,0.6,0.2,1,0.0555556,1,6,5,50,0,1,4,2,1,1000
1275,2,1345,0.6,0.2,1,0.0555556,1,6,5,50,0,1,4,2,1,1000
1279,0,17911,2,1,1,0.2,1,4,1,500,3,1,4,2,0,1001
1280,1,17912,2,1,0,0.2,1,4,1,500,3,1,2,2,0,1001
1281,2,17913,2,1,0,0.2,1,4,1,500,3,1,3,2,0,1001
1282,0,1345,0,0,1,0.03,0.04,0.3,1,10,7,0,0,2,1,1002
1283,1,1345,0,0,1,0.03,1,0.3,1,10,7,1,0,2,1,1002
1414,0,19024,0.3,0.2,0,0.55,0.5,15,5,50,0,0,2,1,0,1099
1415,1,1346,0.15,0.2,0,0.03,1,15,5,50,0,1,0,1,0,1099
1416,0,19042,0.8,0,0,0.4,0.5,25,350,350,0,0,2,1,0,1100
1417,1,19043,0.8,0,0,0.25,1,25,350,350,0,1,0,1,0,1100
1418,0,20238,1,0,0,3,1,9,0,10000,3,1,4,1,0,1101
1419,1,20239,0,0,0,20,1,6,0,10000,3,0,2,0,0,1101
1420,0,21966,19,0,1,0.005,1,6,0,10000,3,1,3,2,1,1102
1421,1,21967,19,0,1,0.005,1,8,0,10000,3,1,4,2,1,1102
1422,2,21968,19,0,1,0.1,0.2,9,0,1000,3,0,0,2,1,1102
1424,0,1347,1,0,0,0.2,1,2,5,50,3,1,4,2,0,1103
1425,1,1347,1,0,0,0.15,1,2,1,50,3,1,8,2,0,1103
1426,0,22589,0.9,0.4,0,0.277778,0.5,15,5,30,0,0,0,0,0,1104
1427,1,22590,0.9,0.4,0,0.277778,5,15,5,30,0,1,1,0,0,1104
1428,0,1345,0,0,1,0.005,1,12,0,10000,7,1,3,2,1,1105
1429,1,1345,0,0,1,0.005,1,12,0,10000,7,1,4,2,1,1105
1430,2,1345,0,0,1,0.2,0.2,10,0,1000,7,0,0,2,1,1105
1507,0,25828,0.9,0.2,0,0.277778,0.5,15,5,30,0,0,0,0,0,1138
1508,1,25829,0.9,0.2,0,0.277778,5,15,5,30,0,1,1,0,0,1138
1509,0,25916,0.25,2.5,0,0.277778,0.05,15,5,50,0,0,0,0,0,1139
1510,1,25917,0.25,2.5,0,0.277778,5,15,5,50,0,1,1,0,0,1139
1511,0,26402,0.25,5,0,0.277778,0.05,15,5,50,0,0,0,0,0,1140
1512,1,26403,0.25,5,0,0.277778,5,15,5,50,0,1,1,0,0,1140
1513,0,1345,3,0,1,0.5,1,12,0,10000,7,1,3,2,1,1141
1514,1,1345,3,0,1,0.5,1,12,0,10000,7,1,4,2,1,1141
1515,2,1345,3,0,1,1,0.2,10,0,1000,7,0,1,2,0,1141
1516,0,29296,0.25,3,0,0.277778,0.05,15,5,50,0,0,0,0,0,1142
1517,1,29297,0.25,3,0,0.277778,5,15,5,50,0,1,1,0,0,1142
1519,0,30146,1,0.2,0,0.277778,0.5,15,5,50,0,0,0,0,0,1144
1520,1,30147,1,0.2,0,0.277778,5,15,5,50,0,1,1,0,0,1144
1521,0,30194,1,0.25,0,0.277778,0.5,15,5,50,0,0,0,0,0,1145
1522,1,30195,1,0.25,0,0.277778,5,15,5,50,0,1,1,0,0,1145
1523,0,1347,1,0,0,2,1,2,50,10000,3,1,4,2,1,1146
1524,1,1347,1,0,0,0.5,1,2,1,10000,3,1,5,2,1,1146
1528,0,31949,1,0.25,0,0.277778,0.05,8,5,50,3,0,0,0,0,1148
1529,1,31950,1,0.25,1,0.2,5,8,1,500,3,1,2,2,0,1148
1530,2,31951,1,0.25,1,0.2,1,8,1,500,3,1,3,0,1,1148
1531,3,31952,1,0.25,1,0.2,1,8,1,500,3,1,4,2,0,1148
1532,0,1348,5,0,1,5,25,5,5,255,12,1,2,0,2,1149
1536,0,1345,1,0,0.5,0.1,1,0.001,1,10,7,1,2,0,1,1151
1537,0,33568,0.05,0.05,1,0.05,1,1,1,50,3,1,4,3,0,1152
1540,1,1345,0.1,0.05,0,0.025,1,5,1,500,3,1,4,0,0,1152
1541,0,33685,1,0,0,0.277778,0,1,50,200,0,0,0,0,0,1153
1542,1,33686,0.5,0,0,0.277778,2,1,50,200,0,1,1,0,0,1153
1586,0,1345,1,0,0.5,0.003,1,7,0,10000,3,1,3,2,1,1168
1587,1,1345,1,0,0.5,0.03,1,7,0,10000,3,1,4,2,1,1168
1588,0,34336,1,0,0,0.277778,0.5,15,5,50,0,0,0,0,0,1169
1589,1,34337,1,0,0,0.277778,5,15,5,50,0,1,5,0,0,1169
1590,0,34965,1,0,0,0.277778,0.5,15,50,200,0,0,0,0,0,1170
1591,1,34966,1,0,0,0.277778,5,15,50,200,0,1,1,0,0,1170
1592,0,36655,1,0,0,0.277778,0,1,5,70,0,0,0,0,0,1171
1593,1,36656,0.5,0,0,0.277778,2,1,5,70,0,1,1,0,0,1171
1594,0,45471,1,0,0,0.277778,0.2,10,5,70,0,0,0,0,0,1172
1595,1,45472,0.5,0,0,0.277778,3,10,5,70,0,1,1,0,0,1172
1609,0,1347,1,0,0,0.66,1,2,50,10000,3,1,4,2,1,1176
1610,1,1347,1,0,0,0.1,1,1,1,1000,3,1,5,1,1,1176
1611,0,61679,1,0,0,0.277778,0.3,10,12,70,0,0,0,0,0,1177
1612,1,61680,1,0,0,0.277778,4,10,12,70,0,1,1,0,0,1177
1613,0,61681,1,0,0,0.277778,0.1,7,5,70,0,0,0,0,0,1178
1614,1,61682,0.5,0,0,0.277778,2,7,5,70,0,1,1,0,0,1178
1615,0,61910,1,0,0,0.277778,0.2,10,500,500,0,0,0,0,0,1179
1616,1,61911,0.5,0,0,0.277778,3,10,500,500,0,1,1,0,0,1179
1617,0,61913,1,0,0,0.277778,0.1,7,500,500,0,0,0,0,0,1180
1618,1,61914,0.5,0,0,0.277778,2,7,500,500,0,1,1,0,0,1180
1619,0,61915,1,0,0,0.277778,0.3,10,500,500,0,0,0,0,0,1181
1620,1,61916,1,0,0,0.277778,4,10,500,500,0,1,1,0,0,1181
1621,0,1345,20,0,1,0.2,0.2,10,0,1000,3,0,0,2,0,1182
1623,0,63367,0.5,0,0,2,0.5,15,5,50,0,0,0,0,1,1184
1624,1,63368,0.5,0,0,6,5,15,5,50,0,1,1,0,1,1184
1625,0,1345,0,0,0,8,1,0,5,5,7,0,1,3,2,1185
1626,0,63733,0.75,1,0,0.277778,0.5,15,5,50,0,0,0,0,0,1186
1627,1,63734,0.75,1,0,0.277778,5,15,5,50,0,1,1,0,0,1186
1628,0,1345,3,0,1,0.0277778,1,4,5,50,0,1,2,2,1,1187
1629,1,1345,3,0,1,0.0277778,1,3,5,50,0,1,3,2,1,1187
1630,2,1345,3,0,1,0.0555556,1,3.5,5,50,0,1,4,2,1,1187
1631,0,68468,3,0,0,0.277778,0.5,15,0,200,0,0,0,0,0,1188
1632,1,68469,3,0,0,0.277778,5,15,0,200,0,1,1,0,0,1188
1633,0,68850,0.15,0,0,0.277778,0.05,15,5,10,0,0,0,0,0,1189
1634,1,68851,0.15,0,0,0.277778,2,15,5,10,0,1,1,0,0,1189
1635,0,68905,0.25,0,0,0.15,0.05,112,5,50,0,0,0,0,0,1190
1636,1,68906,0.25,0,0,0.15,5,12,5,50,0,1,1,0,0,1190
1637,0,69053,0.5,0,0,0.277778,0.5,15,5,100,0,0,0,0,0,1191
1638,1,69054,1,0,0,0.277778,5,15,5,100,0,1,1,0,0,1191
1639,0,69380,1.25,0,0,0.277778,0.5,15,5,50,0,0,0,0,0,1192
1640,1,69381,1.25,0,0,0.277778,5,15,5,50,0,1,1,0,0,1192
1641,0,1345,0.7,0,1,0.002,1,8,0,2500,3,1,3,2,1,1193
1642,1,1345,0.75,0,1,0.002,1,10,0,2500,3,1,4,2,1,1193
1643,2,1345,1.5,0,1,0.1,0.1,12,0,250,3,0,0,2,1,1193
1644,0,1345,1,0,1,0.001,1,8,0,1700,3,1,3,2,1,1194
1645,1,1345,1,0,1,0.001,1,10,0,1700,3,1,4,2,1,1194
1646,2,1345,1.5,0,1,0.05,0.05,12,0,170,3,0,0,2,1,1194
1683,0,1345,4.5,0,1,0.002,1,8,0,2500,3,1,3,2,1,1195
1684,1,1345,4.5,0,1,0.002,1,10,0,2500,3,1,4,2,1,1195
1685,2,1345,4.5,0,1,0.1,0.1,12,0,250,3,0,0,2,1,1195
1686,0,1345,0,0,0,30,1,100,5,30,7,0,1,0,1,1196
1687,0,1345,1,0,1,0.0555556,1,4,5,50,0,1,2,2,1,1197
1688,1,1345,1,0,1,0.0555556,1,4,5,50,0,1,3,2,1,1197
1689,2,1345,1,0,1,0.0555556,1,4,5,50,0,1,4,2,1,1197
1690,0,73008,1,0,0,180,1,0,0,10000,3,0,3,3,2,1198
1691,0,1345,4,0,1,0.005,1,12,0,10000,3,1,3,2,1,1199
1692,1,1345,4,0,1,0.005,1,12,0,10000,3,1,4,2,1,1199
1693,2,1345,4,0,1,0.2,0.2,10,0,1000,3,0,0,2,1,1199
1694,0,1345,4,0,1,0.005,1,6,0,10000,3,1,3,2,1,1200
1695,1,1345,4,0,1,0.005,1,8,0,10000,3,1,4,2,1,1200
1696,2,1345,4,0,1,0.1,0.2,10,0,1000,3,0,0,2,1,1200
1702,0,73523,0.4,0,4,0.03,1,10,50,50,0,0,2,2,0,1203
1703,1,73524,0.4,0,5,0.08,1,2,50,50,0,0,3,0,0,1203
1704,0,73643,1,0,0,0.2,0,1,50,150,0,0,0,0,0,1204
1705,1,73644,0.5,0,0,0.2,1,1,100,200,0,1,1,0,0,1204
1706,0,73645,1,0,0,0.2,0,1,100,200,0,0,0,0,0,1205
1707,1,73646,0.5,0,0,0.25,2,1,100,200,0,1,1,0,0,1205
1708,0,1344,3,0,1,0.003,1,16,0,7000,3,1,3,2,1,1206
1709,1,1344,3,0,1,0.003,1,16,0,7000,3,1,4,2,1,1206
1710,2,1344,3,0,1,0.2,0.2,16,0,500,3,0,0,2,1,1206
1711,0,1345,10,0,1,0.005,1,6,0,10000,3,1,3,2,1,1207
1712,1,1345,10,0,1,0.005,1,8,0,10000,3,1,4,2,1,1207
1713,2,1345,10,0,1,0.1,0.2,10,0,1000,3,0,0,2,1,1207
1714,0,75074,1,0,0,0.277778,0.5,15,5,300,0,0,0,0,0,1208
1715,1,75075,1,0,0,0.277778,5,15,5,300,0,1,1,0,0,1208
1716,0,75116,0.75,0,0,0.277778,0.5,15,12,70,0,0,0,0,0,1209
1717,1,75117,0.75,0,0,0.277778,5,15,12,70,0,1,1,0,0,1209
1718,0,1345,6,0,1,0.005,1,6,0,10000,3,1,3,2,1,1210
1719,1,1345,6,0,1,0.005,1,8,0,10000,3,1,4,2,1,1210
1720,2,1345,6,0,1,0.1,0.2,10,0,1000,3,0,0,2,1,1210
1721,0,75637,1,0,0,0.277778,0.5,15,300,300,0,0,0,0,0,1211
1722,1,75638,1,0,0,0.277778,5,15,300,300,0,1,1,0,0,1211
1723,0,75639,1,0,0,0.277778,0.5,15,300,300,0,0,0,0,0,1212
1724,1,75640,1,0,0,0.277778,5,15,300,300,0,1,1,0,0,1212
1725,0,1345,0,0,1,0.05,0.06,0.4,1,10,7,0,0,2,1,1213
1726,1,1345,0,0,1,0.08,1,0.3,1,10,7,0,1,2,1,1213
1727,0,75837,3,0,0,0.15,0.05,12,5,50,0,0,0,0,0,1214
1728,1,75838,3,0,0,0.15,5,12,5,50,0,1,1,0,0,1214
1729,0,1345,0,0,0,0.04,0.5,0.65,1,50,7,1,0,2,1,1215
1730,0,76520,0.15,1.1,0,0.09,0.5,15,5,50,0,0,2,1,0,1216
1731,1,1346,0.15,1.1,0,0.04,1,15,5,50,0,1,0,1,0,1216
1732,0,1345,0,0,1,0.03,0.04,0.3,1,10,7,0,0,2,1,1217
1733,1,1345,0,0,1,0.03,1,0.3,1,10,7,1,0,2,1,1217
1734,0,77539,0,0,1,15,0.04,0.03,1,10,7,0,1,2,1,1218
1736,0,77806,0.75,0,0,0.277778,0.5,10,300,300,0,0,0,0,0,1219
1737,1,77807,0.75,0,0,0.277778,5,10,300,300,0,1,1,0,0,1219
1738,0,1345,0,0,0,0.04,0.5,0.35,1,50,7,1,0,2,1,1220
1739,0,77940,1,0,0,0.277778,0.5,15,5,150,0,0,0,0,0,1221
1740,1,77941,1,0,0,0.277778,5,15,5,150,0,1,1,0,0,1221
1741,0,78396,0.75,0,0,0.277778,0.5,10,300,300,0,0,0,0,0,1222
1742,1,78397,0.75,0,0,0.277778,5,10,300,300,0,1,1,0,0,1222
1743,0,78398,0.375,0,0,0.277778,0.5,15,5,50,0,0,0,0,0,1223
1744,1,78399,0.375,0,0,0.277778,5,15,5,50,0,1,1,0,0,1223
1745,0,78400,0.5,0,0,0.277778,0.5,15,5,50,0,0,0,0,0,1224
1746,1,78401,0.5,0,0,0.277778,5,15,5,50,0,1,1,0,0,1224
1747,0,78614,1.5,0,0,0.277778,1,17,300,300,0,0,0,0,0,1225
1748,1,78615,1.5,0,0,0.277778,12,17,300,300,0,1,1,0,0,1225
1749,0,78736,2,0,0,0.277778,0.2,15,200,200,0,0,0,0,0,1226
1750,1,78737,2,0,0,0.277778,3,15,200,200,0,1,1,0,0,1226
1751,0,78758,1,0,0,0.2,1,2,5,50,3,1,4,2,1,1227
1752,1,1347,1,0,0,0.25,1,2,1,50,3,1,8,2,0,1227
