ID,Text,Language
1,씨 퐁 자 지,1
2,씨 퐁 자지,1
3,씨 퐁넘,1
4,씨 퐁뇬,1
5,씨가랭넘,1
6,씨가랭년,1
7,씨가랭놈,1
8,씨댕,1
9,씨댕이,1
10,씨뎅,1
11,씨발,1
12,씨발 년,1
13,씨발 롬,1
14,씨발.년,1
15,씨발.놈,1
16,씨발년,1
17,씨발놈,1
18,씨발롬,1
19,씨발병신,1
20,씨방새,1
21,씨방세,1
22,씨뱅 가 리,1
23,씨뱅 가리,1
24,씨뱅가 리,1
25,씨뱅가리,1
26,씨벌,1
27,씨벌년,1
28,씨벌쉐이,1
29,씨부 랄,1
30,씨부랄,1
31,씨부럴,1
32,씨불 알,1
33,씨불알,1
34,씨브럴,1
36,씨블년,1
37,씨블새끼,1
38,씨븡새끼,1
39,씨섹 끼,1
40,씨섹끼,1
41,씨파 넘,1
42,씨파넘,1
43,씨팍새끼,1
44,씨팍세끼,1
45,씨팔,1
47,씨퐁 넘,1
48,씨퐁 뇬,1
49,씨퐁 보 지,1
50,씨퐁 보지,1
51,씨퐁 자 지,1
52,씨퐁 자지,1
53,씨퐁넘,1
54,씨퐁뇬,1
55,씨퐁보 지,1
56,씨퐁보지,1
57,씨퐁자 지,1
58,씨퐁자지,1
59,씹 년,1
60,씹 물,1
61,씹 보 지,1
62,씹 보지,1
63,씹 부 랄,1
64,씹 부랄,1
65,씹 빵 구,1
66,씹 빵구,1
67,씹 뽀 지,1
68,씹 뽀지,1
69,씹 새,1
70,씹 새 끼,1
71,씹 새끼,1
72,씹 세,1
73,씹 쌔 끼,1
74,씹 쌔끼,1
75,씹 자 지,1
76,씹 자지,1
77,씹 지 랄,1
78,씹 지랄,1
79,씹 창,1
80,씹 탱,1
81,씹 탱 이,1
82,씹 탱이,1
83,씹년,1
84,씹물,1
85,씹미랄,1
86,씹버지,1
87,씹보 지,1
88,씹보지,1
89,씹부 랄,1
90,씹부랄,1
91,씹브랄,1
92,씹빵 구,1
93,씹빵구,1
94,씹뽀 지,1
95,씹뽀지,1
96,씹새,1
97,씹새 끼,1
98,씹새끼,1
99,씹세,1
100,씹쌔 끼,1
101,씹쌔끼,1
102,씹자 지,1
103,씹자석,1
104,씹자슥,1
105,씹자지,1
106,씹지 랄,1
107,씹지랄,1
108,씹창,1
109,씹창녀,1
110,씹탱,1
111,씹탱 이,1
112,씹탱굴이,1
113,씹탱이,1
114,씹팔,1
115,아가리,1
121,애미랄,1
122,애미보지,1
123,애미씨뱅,1
124,애미자지,1
125,애미잡년,1
126,애미좃물,1
128,양 아 치,1
129,양 아치,1
130,양귀비,1
131,양아 치,1
132,양아치,1
133,양키,1
134,어미강간,1
135,어미따먹자,1
136,어미쑤시자,1
138,엄창,1
139,에미,1
142,염 병 할,1
143,염 병할,1
146,염병 할,1
147,염병할,1
150,엿 먹 어 라,1
151,엿 먹 어라,1
152,엿먹 어 라,1
153,엿먹 어라,1
154,엿먹어 라,1
155,엿먹어라,1
156,영자개새끼,1
157,영자새끼,1
158,영자씨발놈,1
159,오 르 가 즘,1
160,오르가즘,1
161,왕버지,1
162,왕자지,1
163,왕잠지,1
164,왕털버지,1
165,왕털보지,1
166,왕털자지,1
167,왕털잠지,1
168,요 년,1
169,요년,1
170,우미쑤셔,1
175,유두빨어,1
176,유두핥어,1
177,유두핧어,1
180,유방 만져,1
181,유방 빨아,1
182,유방 조물락,1
183,유방 주물럭,1
184,유방 쪼물딱,1
185,유방 쪼물럭,1
186,유방 핧아,1
187,유방 핧어,1
188,유방만져,1
189,유방빨아,1
190,유방조물락,1
191,유방주물럭,1
192,유방쪼물딱,1
193,유방쪼물럭,1
194,유방핥아,1
195,유방핥어,1
196,유방핧아,1
197,유방핧어,1
199,육갑,1
201,인민공화국,1
202,자 기 핧 아,1
203,자 기 핧아,1
205,자 지 빨 아,1
206,자 지 빨 어,1
207,자 지 빨아,1
208,자 지 빨어,1
209,자 지 털,1
210,자 지 핧 어,1
211,자 지 핧어,1
212,자 지털,1
213,자기 핧 아,1
214,자기 핧아,1
215,자기핥아,1
216,자기핧 아,1
217,자기핧아,1
219,자지 구녕,1
220,자지 구멍,1
221,자지 꽂아,1
222,자지 빨 아,1
223,자지 빨 어,1
224,자지 빨아,1
225,자지 빨어,1
226,자지 쑤셔,1
227,자지 짤라,1
228,자지 털,1
229,자지 핧 어,1
230,자지 핧어,1
231,자지구녕,1
232,자지구멍,1
233,자지꽂아,1
234,자지넣자,1
235,자지뜨더,1
236,자지뜯어,1
237,자지박어,1
238,자지빨 아,1
239,자지빨 어,1
240,자지빨아,1
241,자지빨아줘,1
242,자지빨어,1
243,자지쑤셔,1
244,자지쓰레기,1
245,자지정개,1
246,자지짤라,1
247,자지털,1
248,자지핥아,1
249,자지핥아줘,1
250,자지핥어,1
251,자지핧 어,1
252,자지핧아,1
253,자지핧아줘,1
254,자지핧어,1
255,작은보지,1
258,잠지뚫어,1
259,잠지물마셔,1
260,잠지털,1
261,잠짓물마셔,1
265,잡것,1
266,잡년,1
267,잡놈,1
268,잡쓰레그,1
269,잡쓰레기,1
270,저 년,1
271,저년,1
274,젓 같 내,1
275,젓 같내,1
277,젓 냄 새,1
278,젓 대가리,1
280,젓 마무리,1
281,젓 만 이,1
282,젓 만이,1
285,젓가튼쉐이,1
286,젓같 내,1
287,젓같내,1
288,젓까,1
289,젓냄새,1
290,젓대가리,1
291,젓떠,1
292,젓마무리,1
293,젓만 이,1
294,젓만이,1
295,젓물,1
296,젓물 냄새,1
297,젓물냄새,1
298,젓밥,1
299,정액마셔,1
300,정액먹어,1
301,정액발사,1
302,정액짜,1
303,정액핥아,1
304,정액핧아,1
305,정자마셔,1
306,정자먹어,1
307,정자핥아,1
308,정자핧아,1
309,젖 탱 이,1
310,젖 탱이,1
311,젖까,1
312,젖탱 이,1
313,젖탱이,1
316,조개넓은년,1
317,조개따조,1
319,조개마셔줘,1
321,조개벌려조,1
323,조개보지,1
324,조개속물,1
325,조개쑤셔줘,1
327,조개핥아줘,1
328,조개핧아줘,1
330,조또,1
331,조선인민공화국,1
333,족 같 내,1
334,족 같내,1
336,족 까 내,1
337,족 까내,1
338,족같 내,1
339,족같내,1
340,족까,1
341,족까 내,1
342,족까내,1
349,좀 마 니,1
350,좀 마니,1
352,좀 쓰레기,1
353,좀마 니,1
354,좀마니,1
355,좀물,1
356,좀쓰레기,1
357,좁빠라라,1
358,좃,1
359,좃 간 년,1
360,좃 간년,1
361,좃 까,1
362,좃 깟 네,1
363,좃 깟네,1
364,좃 냄새,1
365,좃 넘,1
366,좃 대가리,1
367,좃 도,1
368,좃 또,1
369,좃 마무리,1
370,좃 만 아,1
371,좃 만 이,1
372,좃 만아,1
373,좃 만이,1
374,좃 물,1
375,좃 부 랄,1
376,좃 부랄,1
377,좃 빠 네,1
378,좃 빠네,1
379,좃가튼뇬,1
380,좃간 년,1
381,좃간년,1
382,좃까,1
383,좃까리,1
384,좃깟 네,1
385,좃깟네,1
386,좃냄새,1
387,좃넘,1
388,좃대가리,1
389,좃도,1
390,좃또,1
391,좃마무리,1
392,좃만 아,1
393,좃만 이,1
394,좃만아,1
395,좃만이,1
396,좃만한것,1
397,좃만한쉐이,1
398,좃물,1
399,좃물 냄새,1
400,좃물냄새,1
401,좃보지,1
402,좃부 랄,1
403,좃부랄,1
404,좃빠 네,1
405,좃빠구리,1
406,좃빠네,1
407,좃빠라라,1
408,좃털,1
409,좆,1
410,좆 같 은 놈,1
411,좆 같 은 새 끼,1
412,좆 같 은놈,1
413,좆 까,1
414,좆 까 라,1
415,좆 까라,1
416,좆 나,1
417,좆 년,1
418,좆 도,1
419,좆 만 아,1
420,좆 만 한 년,1
421,좆 만 한 놈,1
422,좆 만 한 새 끼,1
423,좆 만 한년,1
424,좆 만 한놈,1
425,좆 만아,1
426,좆 먹 어,1
427,좆 먹어,1
428,좆 물,1
429,좆 밥,1
430,좆 빨 아,1
431,좆 빨아,1
432,좆 새 끼,1
433,좆 새끼,1
434,좆 털,1
435,좆같 은 놈,1
436,좆같 은 새 끼,1
437,좆같 은 새끼,1
438,좆같 은놈,1
439,좆같 은새끼,1
440,좆같은 놈,1
441,좆같은 새 끼,1
442,좆같은 새끼,1
443,좆같은놈,1
444,좆같은새 끼,1
445,좆같은새끼,1
446,좆까,1
447,좆까 라,1
448,좆까라,1
449,좆나,1
450,좆년,1
451,좆도,1
452,좆만 아,1
453,좆만 한 년,1
454,좆만 한 놈,1
455,좆만 한 새 끼,1
456,좆만 한 새끼,1
457,좆만 한년,1
458,좆만 한놈,1
459,좆만 한새끼,1
460,좆만아,1
461,좆만한 년,1
462,좆만한 놈,1
463,좆만한 새 끼,1
464,좆만한 새끼,1
465,좆만한년,1
466,좆만한놈,1
467,좆만한새 끼,1
468,좆만한새끼,1
469,좆먹 어,1
470,좆먹어,1
471,좆물,1
472,좆밥,1
473,좆빨 아,1
474,좆빨아,1
475,좆새 끼,1
476,좆새끼,1
477,좆털,1
478,좋 만 한 것,1
479,좋 만 한것,1
480,좋만 한 것,1
481,좋만 한것,1
482,좋만한 것,1
483,좋만한것,1
484,주 글 년,1
485,주 글년,1
486,주 길 년,1
487,주 길년,1
488,주글 년,1
489,주글년,1
490,주길 년,1
491,주길년,1
494,쥐랄,1
496,지 럴,1
497,지 뢀,1
498,지랄,1
499,지럴,1
500,지뢀,1
501,짱께,1
502,쪼 다 새 끼,1
503,쪼 다 새끼,1
504,쪼다 새 끼,1
505,쪼다 새끼,1
506,쪼다새 끼,1
507,쪼다새끼,1
508,쪽바리,1
512,창녀,1
513,창녀버지,1
514,처드셈,1
515,쳐드셈,1
516,쳐쑤셔박어,1
517,촌씨브라리,1
518,촌씨브랑이,1
519,촌씨브랭이,1
520,코쟁이,1
521,코카인,1
522,크 리 토 리 스,1
523,크리 토 리 스,1
524,크리 토 리스,1
525,크리 토리스,1
526,크리토 리 스,1
527,크리토 리스,1
528,크리토리 스,1
529,크리토리스,1
530,큰보지,1
531,클 리 토 리 스,1
532,클리 토 리 스,1
533,클리 토 리스,1
534,클리 토리스,1
535,클리토 리 스,1
536,클리토 리스,1
537,클리토리 스,1
538,클리토리스,1
539,페 니 스,1
540,페 니스,1
541,페니 스,1
542,페니스,1
543,항문 쑤셔,1
544,항문수셔,1
545,항문쑤셔,1
546,허 벌 보 지,1
547,허 벌 보지,1
548,허 벌 자 지,1
549,허 벌 자지,1
550,허버리년,1
551,허벌 보 지,1
552,허벌 보지,1
553,허벌 자 지,1
554,허벌 자지,1
555,허벌년,1
556,허벌보 지,1
557,허벌보지,1
558,허벌자 지,1
559,허벌자식,1
560,허벌자지,1
561,헐 렁 보 지,1
562,헐 렁 보지,1
563,헐렁 보 지,1
564,헐렁 보지,1
565,\bfagg[aeiouy]t,0
566,\bpillowbiter,0
567,\bpoohstab,0
568,\bcunnilingus\b,0
572,\bdildo\b,0
575,\bheeb\b,0
576,\bkike\b,0
577,\bmudshark,0
578,\bmooley\b,0
579,\bnig+a,0
581,\bjap\b,0
582,feltch,0
583,\bhomos\b,0
584,\btittie,0
586,\btits\b,0
587,\bslamhound,0
588,\bgutterslut\b,0
589,\bcumguz,0
590,\binjun\b,0
592,\bgooch\b,0
598,\bpothead,0
599,shit,0
600,\btwat\b,0
601,\bassface\b,0
604,\bnosecandy\b,0
607,\btowelhead\b,0
608,\bfudgepacker\b,0
609,\bassmaster\b,0
610,\bejaculate\b,0
611,\bmilf\b,0
612,\brumprang,0
613,\bspic\b,0
614,\bspick,0
616,wetback,0
618,\bqueef,0
619,\bnig\b,0
620,fagg[aeiouy]t\b,0
621,\brapist\b,0
622,\bgook\b,0
623,\bpolesmok,0
624,\bcracksmoker,0
625,\bjism\b,0
626,\bdingleberry\b,0
627,\bmooncricket,0
628,\bassman\b,0
629,\bspearchuck,0
630,\bhardon\b,0
631,\bstiffy\b,0
632,\bcumstain,0
633,\bdunecoon\b,0
634,\bbuttfloss\b,0
635,\bpeckertracks\b,0
638,\bcornhole\b,0
639,\bwop\b,0
641,\bcock\b,0
643,\basspound,0
644,\bbuttboy,0
645,\bsploog,0
646,\bmeatsword\b,0
647,\bskinbat,0
648,헐렁보 지,1
649,헐렁보지,1
650,혀로보지핥이기,1
651,혀로보지핧기,1
652,호 냥 년,1
653,호 냥년,1
655,호 로 새 끼,1
656,호 로 새끼,1
657,호 로 자 슥,1
658,호 로 자 식,1
659,호 로 자슥,1
660,호 로 자식,1
661,호 루 자 슥,1
662,호 루 자슥,1
663,호냥 년,1
664,호냥년,1
666,호로 새 끼,1
667,호로 새끼,1
668,호로 자 슥,1
669,호로 자 식,1
670,호로 자슥,1
671,호로 자식,1
672,호로새 끼,1
673,호로새끼,1
674,호로자 슥,1
675,호로자 식,1
676,호로자슥,1
677,호로자식,1
678,호루 자 슥,1
679,호루 자슥,1
680,호루자 슥,1
681,호루자슥,1
682,화냥년,1
683,후 라 덜 넘,1
684,후 라 덜넘,1
686,후라 덜 넘,1
687,후라 덜넘,1
688,후라덜 넘,1
689,후라덜넘,1
690,후장,1
691,후장 꽂아,1
692,후장 뚫어,1
693,후장꽂아,1
694,후장뚫어,1
695,히로뽕,0
696,\basshole,0
697,\bzipperhead\b,0
698,\bporchmonk,0
699,\bjunglebunny\b,0
700,\bjizz\b,0
701,\bgizz\b,0
702,\bcooze\b,0
703,\bcumming\b,0
704,\bboner\b,0
705,\bhomo\b,0
706,\bbuttpirate,0
707,\btitty,0
709,\bpoostab,0
710,18년,0
711,18놈,0
712,18새 끼,0
713,18새끼,0
714,fuck,0
715,\bkkk\b,0
716,\bnazi,0
717,\bass\b,0
718,bia?ts?ch,0
720,\bclit,0
721,\bcum\b,0
722,\bcunt,0
724,\bnig+er,0
725,penis\b,0
729,whore,0
731,ㅈㄹ,0
732,가슴 만져,1
733,가슴 빨아,1
734,가슴 빨어,1
735,가슴 조물락,1
736,가슴 주물럭,1
737,가슴 쪼물딱,1
738,가슴 쪼물락,1
739,가슴 핧아,1
740,가슴 핧어,1
741,가슴만져,1
742,가슴빨아,1
743,가슴빨어,1
744,가슴조물락,1
745,가슴주물럭,1
746,가슴쪼물딱,1
747,가슴쪼물락,1
748,가슴핥아,1
749,가슴핥어,1
750,가슴핧아,1
751,가슴핧어,1
753,강간,1
754,강간한다,1
755,개 가 튼 년,1
756,개 가 튼 뇬,1
757,개 가 튼년,1
758,개 가 튼뇬,1
759,개 같 은 년,1
760,개 같 은년,1
761,개 걸 레,1
762,개 걸레,1
763,개 고 치,1
764,개 고치,1
765,개 너 미,1
766,개 너미,1
769,개 라 슥,1
770,개 보 지,1
771,개 보지,1
772,개 부 달,1
773,개 부 랄,1
774,개 부달,1
775,개 부랄,1
776,개 불 랄,1
777,개 불랄,1
778,개 새 끼,1
779,개 새끼,1
780,개 씨 발,1
781,개 씨 블,1
782,개 씨발넘,1
783,개 씨발자슥,1
784,개 자 지,1
785,개 자지,1
786,개 좆,1
787,개 지 랄,1
788,개 후 라 년,1
789,개 후 라 들 놈,1
790,개 후 라 새 끼,1
791,개 후 라년,1
792,개가 튼 년,1
793,개가 튼 뇬,1
794,개가 튼년,1
795,개가 튼뇬,1
796,개가튼 년,1
797,개가튼 뇬,1
798,개가튼년,1
799,개가튼뇬,1
800,개같 은 년,1
801,개같 은년,1
802,개같은 년,1
803,개같은년,1
804,개걸 레,1
805,개걸레,1
806,개고 치,1
807,개고치,1
808,개너 미,1
809,개너미,1
810,개년,1
811,개놈,1
812,개라슥,1
813,개보 지,1
814,개보지,1
815,개보지년,1
816,개부 달,1
817,개부 랄,1
818,개부달,1
819,개부랄,1
820,개불 랄,1
821,개불랄,1
822,개붕알,1
823,개새 끼,1
824,개새끼,1
825,개색기,1
826,개색끼,1
827,개색히,1
828,개쓰래기,1
829,개쓰레기,1
830,개씁년,1
831,개씁블,1
832,개씁자지,1
833,개씨발,1
834,개씨발넘,1
835,개씨발자슥,1
836,개씨블,1
837,개자 지,1
838,개자슥,1
839,개자지,1
840,개작두넘,1
841,개작두년,1
842,개잡년,1
843,개잡지랄,1
844,개젓가튼넘,1
845,개좆,1
846,개지랄,1
847,개지랄넘,1
848,개지랄놈,1
849,개후 라 년,1
850,개후 라 들 놈,1
851,개후 라 들놈,1
852,개후 라 새 끼,1
853,개후 라 새끼,1
854,개후 라년,1
855,개후 라들놈,1
856,개후 라새끼,1
857,개후라 년,1
858,개후라 들 놈,1
859,개후라 들놈,1
860,개후라 새 끼,1
861,개후라 새끼,1
862,개후라년,1
863,개후라들 놈,1
864,개후라들놈,1
865,개후라새 끼,1
866,개후라새끼,1
867,걔잡년,1
868,걔잡지랄,1
869,거 시 기,1
870,거 시기,1
871,거시 기,1
872,거시기,1
873,걸 레 같 은 년,1
874,걸래년,1
875,걸레 같 은 년,1
876,걸레 같 은년,1
877,걸레 같은년,1
878,걸레같 은 년,1
879,걸레같 은년,1
880,걸레같은 년,1
881,걸레같은년,1
882,걸레년,1
883,걸레핀년,1
884,게부럴,1
885,게지랄놈,1
887,귀두,1
888,김일성,1
889,김정일,1
890,깨 쌔 끼,1
891,깨 쌔끼,1
892,깨쌔 끼,1
893,깨쌔끼,1
898,난자마셔,1
899,난자먹어,1
900,난자핥아,1
901,난자핧아,1
902,내 씨 발,1
903,내 씨발,1
904,내꺼빨아,1
905,내꺼핥아,1
906,내꺼핧아,1
907,내미랄,1
908,내버지,1
909,내씨 발,1
910,내씨발,1
911,내자지,1
912,내잠지,1
913,내조지,1
914,너 거 애 비,1
915,너 거 애비,1
916,너거 애 비,1
917,너거 애비,1
918,너거애 비,1
919,너거애비,1
920,누나강간,1
938,느 그 매,1
939,느 그매,1
940,느그 매,1
941,느그매,1
958,니 기 미,1
959,니 기미,1
961,니 미 랄,1
962,니 미 럴,1
963,니 미랄,1
964,니 미럴,1
965,니 애 미,1
966,니 애미,1
967,니기 미,1
968,니기미,1
972,니미 랄,1
973,니미 럴,1
974,니미랄,1
975,니미럴,1
976,니씨브랄,1
977,니아범,1
978,니애 미,1
979,니애미,1
980,니애비,1
981,니에미,1
982,니에비,1
987,니할애비,1
1001,닳은년,1
1002,대 가 리,1
1003,대 가리,1
1004,대가 리,1
1005,대가리,1
1006,덜은새끼,1
1008,돈새끼,1
1010,돌은넘,1
1011,돌은년,1
1012,돌은새끼,1
1013,동생강간,1
1014,뒷 치 기,1
1015,뒷치 기,1
1018,딸 딸 이,1
1019,딸 딸이,1
1020,딸딸 이,1
1021,딸딸이,1
1022,또 라 이,1
1023,또 라이,1
1024,또라 이,1
1025,또라이,1
1027,띠 발 뇬,1
1028,띠 발뇬,1
1030,띠 블 넘,1
1031,띠 블넘,1
1033,띠발 뇬,1
1034,띠발뇬,1
1036,띠블 넘,1
1037,띠블넘,1
1039,막간년,1
1040,막대쑤셔줘,1
1041,막대핥아줘,1
1042,막대핧아줘,1
1043,말자지,1
1044,맛간년,1
1045,맛없는년,1
1046,맛이간년,1
1047,망 나 니,1
1048,망 나니,1
1049,망나 니,1
1051,미 친 넘,1
1052,미 친 년,1
1053,미 친 놈,1
1054,미 친 눔,1
1055,미 친 새 끼,1
1056,미 친 새끼,1
1057,미 친넘,1
1058,미 친년,1
1059,미 친놈,1
1060,미 친눔,1
1061,미 티 넘,1
1062,미 틴 것,1
1063,미친 넘,1
1064,미친 년,1
1065,미친 놈,1
1066,미친 눔,1
1067,미친 새 끼,1
1068,미친 새끼,1
1069,미친구녕,1
1070,미친구멍,1
1071,미친넘,1
1072,미친년,1
1073,미친놈,1
1074,미친눔,1
1075,미친새 끼,1
1076,미친새끼,1
1077,미친쉐이,1
1078,미친씨부랄,1
1079,미틴것,1
1080,미틴넘,1
1081,바주카자지,1
1084,백 보 지,1
1085,백 보지,1
1086,백보 지,1
1087,백보지,1
1088,버따리자지,1
1089,버지 구녕,1
1090,버지 구멍,1
1091,버지 냄새,1
1092,버지 뚫어,1
1093,버지 벌려,1
1094,버지 쑤셔,1
1095,버지구녕,1
1096,버지구멍,1
1097,버지냄새,1
1098,버지따먹기,1
1099,버지뚫어,1
1100,버지뜨더,1
1101,버지물마셔,1
1102,버지벌려,1
1103,버지벌료,1
1104,버지빨아,1
1105,버지빨어,1
1106,버지썰어,1
1107,버지쑤셔,1
1108,버지털,1
1109,버지핥아,1
1110,버지핧아,1
1111,버짓 물,1
1112,버짓물,1
1113,버짓물마셔,1
1114,벌 창 같 은 년,1
1115,벌창 같 은 년,1
1116,벌창 같 은년,1
1117,벌창 같은년,1
1118,벌창같 은 년,1
1119,벌창같 은년,1
1120,벌창같은 년,1
1121,벌창같은년,1
1125,병 신 세 리,1
1126,병 신 세리,1
1127,병 신 셰 리,1
1128,병 신 셰리,1
1132,병신 세 리,1
1133,병신 세리,1
1134,병신 셰 리,1
1135,병신 셰리,1
1136,병신세 리,1
1137,병신세리,1
1138,병신셰 리,1
1139,병신셰리,1
1140,병신씨발,1
1142,보 지 녀,1
1143,보 지 물,1
1144,보 지 빨 아,1
1145,보 지 빨 어,1
1146,보 지 빨아,1
1147,보 지 빨어,1
1148,보 지 털,1
1149,보 지 틀 래 기,1
1150,보 지 핧 아,1
1151,보 지 핧 어,1
1152,보 지 핧아,1
1153,보 지 핧어,1
1154,보 지녀,1
1155,보 지물,1
1156,보 지털,1
1157,보 짓 물,1
1158,보 짓물,1
1160,보지 구녕,1
1161,보지 구멍,1
1162,보지 녀,1
1163,보지 물,1
1164,보지 벌려,1
1165,보지 벌리,1
1166,보지 벌리자,1
1167,보지 빨 아,1
1168,보지 빨 어,1
1169,보지 빨아,1
1170,보지 빨어,1
1171,보지 털,1
1172,보지 털뽑아,1
1173,보지 틀 래 기,1
1174,보지 틀 래기,1
1175,보지 틀래기,1
1176,보지 핧 아,1
1177,보지 핧 어,1
1178,보지 핧아,1
1179,보지 핧어,1
1180,보지구녕,1
1181,보지구멍,1
1182,보지녀,1
1183,보지따먹기,1
1184,보지뚫어,1
1185,보지뜨더,1
1186,보지머리박기,1
1187,보지물,1
1188,보지물마셔,1
1189,보지박어,1
1190,보지벌려,1
1191,보지벌료,1
1192,보지벌리,1
1193,보지벌리자,1
1194,보지보지,1
1195,보지빨 아,1
1196,보지빨 어,1
1197,보지빨아,1
1198,보지빨어,1
1199,보지에자지껴,1
1200,보지에자지너,1
1201,보지자지,1
1202,보지정액,1
1203,보지쥐어짜,1
1204,보지찌져,1
1205,보지찢어,1
1206,보지털,1
1207,보지털뽑아,1
1208,보지털어,1
1209,보지틀 래 기,1
1210,보지틀 래기,1
1211,보지틀래 기,1
1212,보지틀래기,1
1213,보지핥아,1
1214,보지핥아줘,1
1215,보지핥어,1
1216,보지핧 아,1
1217,보지핧 어,1
1218,보지핧아,1
1219,보지핧아줘,1
1220,보지핧어,1
1221,보짓 물,1
1222,보짓물,1
1223,보짓물마셔,1
1226,북조선,1
1240,빙신쉐이,1
1241,빠 구 리,1
1242,빠 구리,1
1243,빠가십새,1
1244,빠가씹새,1
1245,빠구 리,1
1246,빠구리,1
1247,빠굴이,1
1249,뻑큐,1
1250,사 까 시,1
1251,사 까시,1
1252,사까 시,1
1253,사까시,1
1257,성 교 해,1
1258,성 폭 행,1
1259,성 폭행,1
1261,성교 하자,1
1262,성교하자,1
1263,성교해,1
1264,성폭 행,1
1265,성폭행,1
1267,섹스,1
1268,섹스하자,1
1269,섹스해,1
1270,소자지,1
1273,쉬밸년,1
1275,시 발 년,1
1276,시 발 놈,1
1277,시 발 새 끼,1
1278,시 발 새끼,1
1279,시 발년,1
1280,시 발놈,1
1281,시 방 새,1
1282,시 방새,1
1283,시 팔 넘,1
1284,시 팔 년,1
1285,시 팔 놈,1
1286,시 팔 새 끼,1
1287,시 팔 새끼,1
1288,시 팔넘,1
1289,시 팔년,1
1290,시 팔놈,1
1291,시댕이,1
1293,시발 년,1
1294,시발 놈,1
1295,시발 새 끼,1
1296,시발 새끼,1
1297,시발년,1
1298,시발놈,1
1299,시발새 끼,1
1300,시발새끼,1
1301,시방 새,1
1302,시방새,1
1303,시팍새끼,1
1304,시팔 넘,1
1305,시팔 년,1
1306,시팔 놈,1
1307,시팔 새 끼,1
1308,시팔 새끼,1
1309,시팔넘,1
1310,시팔년,1
1311,시팔놈,1
1312,시팔새 끼,1
1313,시팔새끼,1
1316,십 세 이,1
1317,십 세이,1
1318,십 셰 리,1
1319,십 셰리,1
1321,십 팔 새 끼,1
1322,십 팔 새끼,1
1324,십버지,1
1325,십부랄,1
1326,십부럴,1
1328,십세 이,1
1329,십세이,1
1330,십셰 리,1
1331,십셰리,1
1332,십자석,1
1333,십자슥,1
1334,십지랄,1
1335,십창녀,1
1337,십탱구리,1
1338,십탱굴이,1
1339,십팔 새 끼,1
1340,십팔 새끼,1
1341,십팔새 끼,1
1342,십팔새끼,1
1343,싸 가 지,1
1344,싸 가지,1
1345,싸가 지,1
1346,싸가지,1
1349,쌍 보 지,1
1350,쌍 보지,1
1351,쌍 쌍 보 지,1
1352,쌍 쌍 보지,1
1353,쌍년,1
1354,쌍놈,1
1355,쌍보 지,1
1356,쌍보지,1
1357,쌍쌍 보 지,1
1358,쌍쌍 보지,1
1359,쌍쌍보 지,1
1360,쌍쌍보지,1
1365,쌕쓰,1
1367,썅년,1
1368,쓰 바 새 끼,1
1369,쓰 바 새끼,1
1372,쓰바 새 끼,1
1373,쓰바 새끼,1
1374,쓰바새 끼,1
1375,쓰바새끼,1
1378,쓰브랄쉽세,1
1382,씨 발 년,1
1383,씨 발 롬,1
1384,씨 발년,1
1385,씨 발롬,1
1386,씨 뱅 가 리,1
1387,씨 뱅 가리,1
1389,씨 부 랄,1
1390,씨 부랄,1
1391,씨 불 알,1
1392,씨 불알,1
1394,씨 섹 끼,1
1395,씨 섹끼,1
1396,씨 파 넘,1
1397,씨 파넘,1
1399,씨 퐁 넘,1
1400,씨 퐁 뇬,1
1401,씨 퐁 보 지,1
1402,씨 퐁 보지,1
1481,\bafricoon\b,0
1482,\baidsbearer\b,0
1487,\banalcumdrip\b,0
1488,\banaldoctor\b,0
1489,\baperape\b,0
1491,\bassbandit\b,0
1492,\bassbasher\b,0
1495,\basshunter\b,0
1496,\basskiss,0
1498,\basslick,0
1505,\bassram,0
1509,\bassrape,0
1518,\bbiotch\b,0
1520,\bblackanese\b,0
1522,\bblaxican\b,0
1523,\bblowjob\b,0
1524,\bblueball\b,0
1527,\bbonch\b,0
1529,\bboners\b,0
1532,nig+a\b,0
1533,\bbullshirt\b,0
1536,\bbuttbang\b,0
1540,\bbuttfucker,0
1541,\bbuttlick,0
1545,\bbuttmonkey\b,0
1546,\bbuttmunch,0
1549,\bbuttnugget,0
1552,\bbuttslam,0
1553,\bbuttstain\b,0
1554,\bcameljockey\b,0
1555,\bcann[aio]bis\b,0
1557,\bcarpetmuncher,0
1558,\bcheapwhore\b,0
1559,\bchinawhite\b,0
1561,\bchinko\b,0
1563,\bchoad\b,0
1565,\bcirclejerk\b,0
1566,\bcircumcise\b,0
1574,\bcocaine\b,0
1576,\bcocksucker\b,0
1582,\bcoon\b,0
1586,\bcracka\b,0
1587,\bcrackerass,0
1588,\bcrackpipe,0
1591,\bcreamtits\b,0
1592,\bcrystalmeth\b,0
1594,\bcumboy,0
1596,\bcumbubble,0
1598,\bcumbucket\b,0
1599,\bcumcatcher,0
1601,\bcumdumpster,0
1603,\bcumeater\b,0
1606,\bcumm\b,0
1608,\bcumonmyface\b,0
1609,\bcums\b,0
1610,\bcumshooter,0
1612,\bcumshot,0
1613,\bcumslot,0
1634,\bdankhoe\b,0
1637,\bdanknugg,0
1642,\bhashish\b,0
1645,\bheroin\b,0
1650,\bholywanker\b,0
1653,\bhonkey\b,0
1655,\bhornytauren\b,0
1657,\bhotslut\b,0
1661,\bhymen\b,0
1679,\bjackoff\b,0
1681,\bkikes\b,0
1690,\bkunt\b,0
1694,\blesbo\b,0
1701,\blongusdongus\b,0
1702,\blsd\b,0
1708,\bmangina\b,0
1709,\bmansatchel\b,0
1710,\bmarijuana\b,0
1712,\bmast[eu]rbat,0
1719,\bmeth\b,0
1729,\bmorningwood\b,0
1732,\bmonstercock,0
1736,\bmoulie\b,0
1740,\bmuffdiver,0
1745,\bnatzi\b,0
1748,\bnecrophil,0
1751,\bnegrolicious\b,0
1752,\bnegromancer\b,0
1755,\bnicklebag\b,0
1767,\bniglet,0
1769,\bnignog\b,0
1770,\bnigs\b,0
1776,\boface\b,0
1780,\bonanism\b,0
1781,\bopium\b,0
1783,\borgasm\b,0
1790,\bpcp\b,0
1792,\bpedophile\b,0
1794,\bpenis,0
1799,\bphugface\b,0
1800,\bpikajew\b,0
1811,\bpoontang\b,0
1817,\bporn\b,0
1822,\bpriapism\b,0
1823,\bpr[o0]n\b,0
1824,\bpudendum\b,0
1829,\bpussyfart,0
1833,\bpussylick,0
1834,\bpussystomp,0
1835,\bputo\b,0
1836,\bquaaludes\b,0
1842,\bqueers\b,0
1843,\bqweef\b,0
1845,\braghead\b,0
1852,\breefer\b,0
1853,\breggin\b,0
1856,\brimjob\b,0
1857,\brohypnol\b,0
1860,\brugmunch,0
1866,nig+er\b,0
1873,\bscrotum,0
1878,\bsemen\b,0
1881,\bsexmachine\b,0
1892,\bslut\b,0
1893,\bslutmuffin\b,0
1894,\bsmegma\b,0
1895,\bspanishfly\b,0
1903,\bspics\b,0
1907,\bsquarehead\b,0
1908,\bstfu\b,0
1912,\bstrapon\b,0
1921,\btalliwhacker\b,0
1924,\btards\b,0
1926,\bteabagging\b,0
1933,\bthrobknobbin\b,0
1934,\bthunderfuck\b,0
1935,\btirdburglar,0
1955,\bturdburglars\b,0
1957,\btwatlick,0
1958,\btwats\b,0
1959,\btwatsuck,0
1972,\bviagra\b,0
1979,\bwhitti?ey?\b,0
1980,\bwhop\b,0
1985,\bzoophilia\b,0
2141,yuckfu,0
2142,yuckfou,0
2144,transsexual,0
2145,testicle,0
2146,tampon,0
2147,sphincter,0
2148,sperm,0
2149,phuck,0
2150,gangbang,0
2151,felch,0
2152,bukkake,0
2153,bukakke,0
2154,bukake,0
2157,\bvagina,0
2158,\btwaty\b,0
2159,\btwatty\b,0
2160,\bturbanhead,0
2161,\btitsnass\b,0
2162,\btitnass\b,0
2163,\bsh[ie][ie]thead\b,0
2164,\bpeckerwood\b,0
2166,\bnegroid\b,0
2167,\bmooncricket\b,0
2168,\bkyke,0
2169,\bjigg,0
2170,\bjerkoff\b,0
2171,\bhentai\b,0
2172,\bgringo\b,0
2173,\bgoddamn,0
2174,\bgizm\b,0
2175,\bgism\b,0
2176,\bganja\b,0
2177,\bfellatio,0
2178,\bfawk,0
2180,\bdimebag\b,0
2181,\bdickholster\b,0
2182,\bdiaperhead\b,0
2183,\bcunny\b,0
2184,\bbustanut\b,0
2185,\basshat\b,0
2186,\baryan\b,0
2187,\barsehole\b,0
2188,\barse\b,0
2189,\bamericunt\b,0
2190,\balphanigg,0
2191,\baggin\b,0
2192,\baftercum\b,0
3401,\banale\b,2
3405,\bbandent\b,2
3408,\bbatard\b,2
3411,\bboucaque\b,2
3412,\bbougnoule\b,2
3413,\bbranlage\b,2
3414,\bbranle\b,2
3415,\bbranlé\b,2
3416,\bbranler\b,2
3417,\bbranles\b,2
3418,\bbranlette\b,2
3419,\bbranlettes\b,2
3420,\bcaca\b,2
3421,\bcacas\b,2
3422,\bclitoridienne\b,2
3423,\bconar[dt]s?\b,2
3424,\bcon*asses?\b,2
3425,\bconnes?\b,2
3426,\bcouilles?\b,2
3427,\bcul\b,2
3428,\bcul[es]?\b,2
3429,\bcunni\b,2
3432,\béjaculation\b,2
3433,\béjaculer\b,2
3434,\benflure\b,2
3435,\bfel*ation\b,2
3436,\bfellat\b,2
3437,\bfourer\b,2
3438,\bfoutre,2
3439,\bfumier\b,2
3440,\bgouinasses?\b,2
3441,\bgouin*es?\b,2
3443,\bmerdeu\b,2
3444,\bmerdeuse\b,2
3445,\bmerdeuses\b,2
3446,\bmerdeux\b,2
3448,\bnibard\b,2
3449,\bniker\b,2
3452,\bpartou[sz]e\b,2
3453,\bpédale\b,2
3456,\bpedophil\b,2
3457,\bpetasses?\b,2
3458,\bpiner\b,2
3459,\bpinnes?\b,2
3460,\bpouffiasse\b,2
3461,\bputains?\b,2
3462,\bputasses?\b,2
3463,\bputes?\b,2
3464,\bputtains?\b,2
3465,\bputtes?\b,2
3466,\britale?\b,2
3467,\bsalauds?\b,2
3468,\bsalop[es]*\b,2
3469,\bsodomi,2
3470,\bsousmerde\b,2
3471,\bsperme\b,2
3473,\btantouzes?\b,2
3474,\btapet*es?\b,2
3475,\btarlou[sz]es\b,2
3479,\btringle[rs]\b,2
3481,\btroncher\b,2
3482,\bturlut*e[rs]?\b,2
3483,\bvagin\b,2
3484,\bvaginale\b,2
3485,\byoupin\b,2
3486,\byoupins\b,2
3487,\bzob[eis]?[rs]?\b,2
3488,\banus\b,3
3489,\barsch\b,3
3494,erotisch\b,3
3495,\bfick\b,3
3496,flittchen\b,3
3497,fotze,3
3500,\bhure\b,3
3502,\bkack\b,3
3503,\bkiff\b,3
3507,möse,3
3508,\bmu[cs]*hi\b,3
3510,\bschiss\b,3
3516,\baasgeier\b,3
3517,\babgefuckt\b,3
3518,\babgespritzt\b,3
3519,\babkacken\b,3
3520,\babschaum\b,3
3523,\bachselhaarratte\b,3
3524,\bachsellecker\b,3
3526,\baffenarsch\b,3
3530,\banalerotiker\b,3
3531,\banalgeburt\b,3
3532,\banalintruder\b,3
3533,\banalkriecher\b,3
3534,\banalrakete\b,3
3535,\banalsex\b,3
3536,\banaltranse\b,3
3537,\banaltrompete\b,3
3538,\banwichsen\b,3
3539,\barier\b,3
3541,\barsch,3
3542,\basselarsch\b,3
3543,\basylantensau\b,3
3546,\bbabystrich\b,3
3548,\bbaumhure\b,3
3553,\bbeknackt,3
3559,\bbillighure\b,3
3564,\bbordsteinschwalbe\b,3
3567,\bbuk*ake\b,3
3569,\bbumsbalken\b,3
3571,\bbumsen\b,3
3572,\bbumser\b,3
3574,\bcallboy\b,3
3575,\bcallgirl\b,3
3582,\bdickarsch\b,3
3584,\bdildolutscher\b,3
3589,\bdopamin\b,3
3590,\bdorfdepp\b,3
3593,\bdreckfurz\b,3
3596,\bdroge\b,3
3597,\bdum[bp]fbacke\b,3
3602,\bdummerchen\b,3
3603,\bdummfick\b,3
3607,\bdummschwein\b,3
3608,\bdunkelmann\b,3
3610,\bdurchficken\b,3
3611,\bdurchgefickt\b,3
3616,\beichelbirne\b,3
3622,\bejakul,3
3623,\belefantenschwanz\b,3
3627,\berektion\b,3
3629,\beunuch\b,3
3632,\bfehlgeburt\b,3
3635,\bfettkloß\b,3
3636,\bfettsack\b,3
3637,\bfettsau\b,3
3638,\bfettschwein\b,3
3639,\bfettwanst\b,3
3641,\bfickarsch\b,3
3642,\bfickbanane\b,3
3643,\bficken\b,3
3644,\bficker\b,3
3645,\bfickfehler\b,3
3646,\bfickfrosch\b,3
3647,\bfickgelegenheit\b,3
3649,\bficknudel\b,3
3650,\bficksau\b,3
3652,\bfischarsch\b,3
3653,\bfischkopf\b,3
3654,\bflachwichser\b,3
3655,\bflatterfotze\b,3
3658,\bflittchen\b,3
3662,\bfotze\b,3
3663,\bfotzenbär\b,3
3664,\bfotzenknecht\b,3
3665,\bfotzenkopf\b,3
3666,\bfotzenlecker\b,3
3667,\bfotzenschleim\b,3
3670,\bfroschfotze\b,3
3671,\bfroschfresse\b,3
3676,\bfuttkopp\b,3
3678,\bgefickt\b,3
3683,\bgenital,3
3686,\bgeschissen\b,3
3687,\bgeschmeiß\b,3
3689,\bgesichtsbesamung\b,3
3690,\bgesichtstampon\b,3
3691,\bgesocks\b,3
3692,\bgesox\b,3
3698,\bgoebbels\b,3
3701,\bgroßkotz\b,3
3702,\bgroßmaul\b,3
3703,\bgruppensex\b,3
3705,\bgummifotzenficker\b,3
3709,\bhammelficker\b,3
3714,\bherpes\b,3
3716,\bhimmler\b,3
3718,\bhirbelkind\b,3
3719,\bhirni\b,3
3720,\bhirnloser\b,3
3723,\bhitler\b,3
3726,\bhodenloser\b,3
3728,\bhohlkopf\b,3
3729,\bholzkopf\b,3
3730,\bhomolette\b,3
3731,\bhomoonanierer\b,3
3732,\bhomosau\b,3
3735,\bhosenpisser\b,3
3736,\bhosenscheißer\b,3
3741,\bhundesohn\b,3
3743,\bhurenbock\b,3
3744,\bhurensohn\b,3
3745,\bhurenstecher\b,3
3746,\bhurentochter\b,3
3747,\bimpotenter\b,3
3748,\bimpotenz\b,3
3752,\bjudenarsch\b,3
3753,\bjudensau\b,3
3754,\bkacke\b,3
3755,\bkacken\b,3
3756,\bkacker\b,3
3757,\bkackschlampe\b,3
3759,\bkamelsamenspender\b,3
3761,\bkanackensau\b,3
3762,\bkanackenschwein\b,3
3763,\bkanake?\b,3
3766,\bkasilacke\b,3
3767,\bkäskopf\b,3
3768,\bkastrat\b,3
3769,\bkastrier,3
3770,\bketamin\b,3
3771,\bkiffen\b,3
3772,\bkiffer\b,3
3773,\bkinderficken\b,3
3774,\bkinderficker\b,3
3775,\bkissenficker\b,3
3782,\bknickpimmel\b,3
3783,\bknoblauchfresser\b,3
3784,\bkokain\b,3
3785,\bkoks\b,3
3786,\bkoksen\b,3
3788,\bkondom\b,3
3790,\bkotfotze\b,3
3791,\bkotnascher\b,3
3792,\bkotnaschie\b,3
3795,\bkotzen\b,3
3796,\bkrüppel\b,3
3797,\bkuhfotze\b,3
3803,\blendenlutscher\b,3
3805,\blinkswichser\b,3
3806,\blinxwichser\b,3
3807,\bluder\b,3
3809,\blumpenpack\b,3
3813,\bmarihuana\b,3
3814,\bmassenwichser\b,3
3815,\bmastdarmtourist\b,3
3816,\bmasturb\b,3
3817,\bmasturbationsakrobat\b,3
3818,\bmasturbieren\b,3
3821,\bmeerschweinchenfotze\b,3
3823,\bmengele\b,3
3826,\bmiststück\b,3
3829,\bmoehse\b,3
3830,\bmoese\b,3
3835,\bmu[sc]+hi\b,3
3836,\bmüllmann\b,3
3837,\bmuschidose\b,3
3838,\bmuschilecker\b,3
3839,\bmuschis\b,3
3840,\bmutterbefruchter\b,3
3841,\bmutterficker\b,3
3843,\bnasenficker\b,3
3845,\bneger\b,3
3846,\bnegerpenis\b,3
3848,\bnille\b,3
3849,\bnillenficker\b,3
3850,\bnillenkäs\b,3
3851,\bnonnenfoz\b,3
3853,\bnillenkopf\b,3
3854,\bnutte\b,3
3855,\bnuttenbefruchter\b,3
3856,\bnuttenficker\b,3
3857,\bonanierer\b,3
3858,\bosama\b,3
3859,\bpenner\b,3
3863,\bpickelarsch\b,3
3864,\bpickelfresse\b,3
3865,\bpimmel\b,3
3866,\bpimmelkauer\b,3
3867,\bpimmelzwerg\b,3
3868,\bpimpern\b,3
3869,\bpissen\b,3
3870,\bpissgesicht\b,3
3872,\bpisskopp\b,3
3873,\bpissnelke\b,3
3874,\bpissrinne\b,3
3875,\bpissritze\b,3
3879,\bpopohinhalter\b,3
3880,\bpottsau\b,3
3883,\bpromillepapst\b,3
3887,\bpuffmutter\b,3
3888,\bpuffratte\b,3
3889,\bpuffwanze\b,3
3892,\bpussi\b,3
3895,\bquatschkopf\b,3
3896,\braffke\b,3
3897,\braffzahn\b,3
3900,\brandsteinbefruchter\b,3
3901,\brindvieh\b,3
3902,\britzenputzer\b,3
3903,\brosettenficker\b,3
3904,\brosettenlecker\b,3
3905,\brosettenschlemmer\b,3
3907,\brotzbengel\b,3
3908,\brotzlöffel\b,3
3909,\brotznase\b,3
3910,\brumficken\b,3
3911,\brumjuderei\b,3
3914,\bsackratte\b,3
3916,\bsamenspender\b,3
3917,\bsamentoilette\b,3
3918,\bsau\b,3
3919,\bsaublöd\b,3
3927,\bschamritze\b,3
3928,\bscharon\b,3
3942,\bschimmelscheide\b,3
3943,\bschisser\b,3
3944,\bschisskopf\b,3
3946,\bschlampe\b,3
3949,\bschlappschwanz\b,3
3953,\bschleimscheisser\b,3
3954,\bschlitzpisser\b,3
3955,\bschmalspurpisser\b,3
3960,\bschnapsnase\b,3
3962,\bschnellonanierer\b,3
3963,\bschokohure\b,3
3964,\bschokostecher\b,3
3966,\bschrumpelfotze\b,3
3967,\bschwachkopf\b,3
3968,\bschwachsinniger\b,3
3969,\bschwanzgrapscher\b,3
3970,\bschwanzloser\b,3
3971,\bschwanzlutscher\b,3
3974,\bschwuchtel\b,3
3976,\bschwulenkrebs\b,3
3978,\bschwulette\b,3
3979,\bschwuli\b,3
3981,\bsekierer\b,3
3982,\bselbstbefriedig\b,3
3983,\bselbstbefriedigung\b,3
3991,\bspacken\b,3
3992,\bspacko\b,3
3993,\bspasst\b,3
3994,\bspastiker\b,3
3997,\bsperma\b,3
3998,\bspermalecker\b,3
3999,\bspermarutsche\b,3
4000,\bspermaschlucker\b,3
4001,\bspermien\b,3
4002,\bstalin\b,3
4005,\bsteckdosenbefruchter\b,3
4008,\bstinkfotze\b,3
4010,\bstinksack\b,3
4011,\bstinkschlitz\b,3
4012,\bstinkstiefel\b,3
4015,\bstrandscheisser\b,3
4016,\bstricher\b,3
4017,\bstrichjunge\b,3
4018,\bstrohkopf\b,3
4019,\bsturzgeburt\b,3
4020,\bsuffkopf\b,3
4022,\btitte\b,3
4023,\btitten\b,3
4024,\btittenfick\b,3
4025,\btittenficker\b,3
4029,\btucke\b,3
4030,\btunte\b,3
4031,\bvagina\b,3
4032,\bvaginalausfluß\b,3
4033,\bverfickt\b,3
4034,\bverfickte\b,3
4036,\bvergasen\b,3
4037,\bverkackt\b,3
4038,\bverpiss\b,3
4039,\bverpisse[nr]\b,3
4040,\bvogelfotze\b,3
4043,\bvotze\b,3
4044,\bwaldhure\b,3
4045,\bwandervakuum\b,3
4047,\bwichsbirne\b,3
4048,\bwichsbolzen\b,3
4049,\bwichse[nr]\b,3
4050,\bwichser\b,3
4051,\bwichsfleck\b,3
4052,\bwichsfrosch\b,3
4053,\bwichssau\b,3
4054,\bwichsvorlage\b,3
4055,\bwichswurst\b,3
4056,\bwix+e[nr]\b,3
4057,\bzigeunerkind\b,3
4058,\bzigeunermuschi\b,3
4061,\bzweihandwichser\b,3
4062,\bzwergenpimmel\b,3
4161,\benfoiré\b,2
4162,\bencule\b,2
4163,\benculé\b,2
4164,\bconnard\b,2
4165,\bconnasse\b,2
4166,\bsplif+\b,2
4167,\btarpé\b,2
4168,\bfacho\b,2
4169,\bsalo\b,2
4170,\bviet\b,2
4171,\bmerde\b,2
4172,\bpénis\b,2
4262,\bgmworkers\b,0
4263,\bthsale\b,0
4264,\boffgamers\b,0
4265,\bmysupersales\b,0
4266,\bigxe\b,0
4267,\bezgaming\b,0
4270,\bitembay\b,0
4271,\bzlywy\b,0
4272,\bwowsupplier\b,0
4273,\bGMworker\b,0
4274,\bOffgamers\b,0
4275,\bMysupersales\b,0
4276,\bEzgaming\b,0
4278,\bcunnilingus\b,2
4280,shit,2
4282,fuck,2
4283,\bkkk\b,2
4284,\bnazi,2
4285,\bclit,2
4286,penis\b,2
4287,\bcann[aio]bis\b,2
4288,\bhashish\b,2
4290,\blsd\b,2
4291,\bmarijuana\b,2
4292,\bnecrophil,2
4293,\bonanism\b,2
4294,\bopium\b,2
4295,\borgasm\b,2
4296,\bpcp\b,2
4297,\bpedophile\b,2
4299,\bpenis,2
4300,\bporn\b,2
4301,\bpriapism\b,2
4302,\brohypnol\b,2
4303,\bscrotum,2
4304,\bsexmachine\b,2
4306,sphincter,2
4307,sperm,2
4308,bukkake,2
4309,bukakke,2
4310,bukake,2
4311,\bhentai\b,2
4312,\bganja\b,2
4313,\bfellatio,2
4314,\bgoebbels\b,2
4315,\bhimmler\b,2
4316,\bhitler\b,2
4317,\bgmworkers\b,2
4318,\bthsale\b,2
4319,\boffgamers\b,2
4320,\bmysupersales\b,2
4321,\bigxe\b,2
4322,\bezgaming\b,2
4323,\bitembay\b,2
4324,\bzlywy\b,2
4325,\bwowsupplier\b,2
4326,\bGMworker\b,2
4327,\bOffgamers\b,2
4328,\bMysupersales\b,2
4329,\bEzgaming\b,2
4340,\banalbürste\b,3
4355,\barse\b,3
4356,\barsehole\b,3
4357,\baryan\b,3
4361,\bausländer,3
4370,\bbettnässer\b,3
4379,\bbumsbrötchen\b,3
4385,\bcann[aio]bis\b,3
4386,\bcocaine\b,3
4387,\bcocksucker\b,3
4388,\bdämlack\b,3
4390,\bdarmdübel\b,3
4395,\bdildo\b,3
4417,\bdurchvögeln\b,3
4419,\beichelkäse\b,3
4446,\bfickkrüppel\b,3
4460,\bfotzenbär>,3
4469,\bfuck\b,3
4505,\bhängetitten?\b,3
4509,\bheroin\b,3
4520,\bhomo\b,3
4529,\bhühnerficker\b,3
4590,\bkümmeltürke\b,3
4600,\blsd\b,3
4602,\blümmeltütenlutscher\b,3
4616,\bmodermöse\b,3
4619,\bmöhse\b,3
4620,\bmöse\b,3
4621,\bmösen\b,3
4632,\bnatzi\b,3
4633,\bnazi,3
4636,\bnegroid\b,3
4638,\bnigga,3
4639,\bnigger,3
4649,\bpenis,3
4671,\bporn\b,3
4673,\bpr[oO]n\b,3
4763,\bsh[ie][ie]thead\b,3
4764,\bshit,3
4784,\bstinkmöse\b,3
4803,\bvagina,3
4805,\bvaginalausfluss>,3
4813,\bviagra\b,3
4838,asshole,3
4839,bukake,3
4840,bukakke,3
4841,bukkake,3
4845,gangbang,3
4846,krüppel,3
4847,möhse,3
4848,nigga\b,3
4849,nigger\b,3
4850,penis\b,3
4851,shit\b,3
4852,sperm,3
4853,whore,3
5449,\brohypnol\b,5
5450,\brugmunch,5
5451,nig+er\b,5
5452,\bscrotum,5
5453,\bsemen\b,5
5454,\bsexmachine\b,5
5455,\bslut\b,5
5456,\bslutmuffin\b,5
5457,\bsmegma\b,5
5458,\bspanishfly\b,5
5459,\bspics\b,5
5460,\bsquarehead\b,5
5461,\bstfu\b,5
5462,\bstrapon\b,5
5463,\btalliwhacker\b,5
5464,\btards\b,5
5465,\bteabagging\b,5
5466,\bthrobknobbin\b,5
5467,\bthunderfuck\b,5
5468,\btirdburglar,5
5469,\bturdburglars\b,5
5470,\btwatlick,5
5471,\btwats\b,5
5472,\btwatsuck,5
5473,\bviagra\b,5
5474,\bwhop\b,5
5475,\bzoophilia\b,5
5476,\bfagg[aeiouy]t,5
5477,\bpillowbiter,5
5478,\bpoohstab,5
5479,\bcunnilingus\b,5
5480,\bdildo\b,5
5481,\bheeb\b,5
5482,\bkike\b,5
5483,\bmudshark,5
5484,\bmooley\b,5
5485,\bnig+a,5
5486,\bjap\b,5
5487,feltch,5
5488,\bhomos\b,5
5489,\btittie,5
5490,\btits\b,5
5491,\bslamhound,5
5492,\bgutterslut\b,5
5493,\bcumguz,5
5494,\binjun\b,5
5495,\bgooch\b,5
5497,\bpothead,5
5498,shit,5
5499,\btwat\b,5
5500,\bassface\b,5
5501,\bnosecandy\b,5
5502,\btowelhead\b,5
5503,\bfudgepacker\b,5
5504,\bassmaster\b,5
5505,\bejaculate\b,5
5506,\bmilf\b,5
5507,\brumprang,5
5508,\bspic\b,5
5509,\bspick,5
5510,wetback,5
5511,\bqueef,5
5512,\bnig\b,5
5513,fagg[aeiouy]t\b,5
5514,\brapist\b,5
5515,\bgook\b,5
5516,\bpolesmok,5
5517,\bcracksmoker,5
5518,\bjism\b,5
5519,\bdingleberry\b,5
5520,\bmooncricket,5
5521,\bassman\b,5
5522,\bspearchuck,5
5523,\bhardon\b,5
5524,\bstiffy\b,5
5525,\bcumstain,5
5526,\bdunecoon\b,5
5527,\bbuttfloss\b,5
5528,\bpeckertracks\b,5
5529,\bcornhole\b,5
5530,\bwop\b,5
5531,\bcock\b,5
5532,\basspound,5
5533,\bbuttboy,5
5534,\bsploog,5
5535,\bmeatsword\b,5
5536,\bskinbat,5
5537,\basshole,5
5538,\bzipperhead\b,5
5539,\bporchmonk,5
5540,\bjunglebunny\b,5
5541,\bjizz\b,5
5542,\bafricoon\b,5
5543,\baidsbearer\b,5
5544,\banalcumdrip\b,5
5545,\banaldoctor\b,5
5546,\baperape\b,5
5547,\bassbandit\b,5
5548,\bassbasher\b,5
5549,\basshunter\b,5
5550,\basskiss,5
5551,\basslick,5
5552,\bassram,5
5553,\bassrape,5
5554,\bbiotch\b,5
5555,\bblackanese\b,5
5556,\bblaxican\b,5
5557,\bblowjob\b,5
5558,\bblueball\b,5
5559,\bbonch\b,5
5560,\bboners\b,5
5561,nig+a\b,5
5562,\bbullshirt\b,5
5563,\bbuttbang\b,5
5564,\bbuttfucker,5
5565,\bbuttlick,5
5566,\bbuttmonkey\b,5
5567,\bbuttmunch,5
5568,\bbuttnugget,5
5569,\bbuttslam,5
5570,\bbuttstain\b,5
5571,\bcameljockey\b,5
5572,\bcann[aio]bis\b,5
5573,\bcarpetmuncher,5
5574,\bcheapwhore\b,5
5575,\bchinawhite\b,5
5576,\bchinko\b,5
5577,\bchoad\b,5
5578,\bcirclejerk\b,5
5579,\bcircumcise\b,5
5580,\bcocaine\b,5
5581,\bcocksucker\b,5
5582,\bcoon\b,5
5583,\bcracka\b,5
5584,\bcrackerass,5
5585,\bcrackpipe,5
5586,\bcreamtits\b,5
5587,\bcrystalmeth\b,5
5588,\bcumboy,5
5589,\bcumbubble,5
5590,\bcumbucket\b,5
5591,\bcumcatcher,5
5592,\bcumdumpster,5
5593,\bcumeater\b,5
5594,\bcumm\b,5
5595,\bcumonmyface\b,5
5596,\bcums\b,5
5597,\bcumshooter,5
5598,\bcumshot,5
5599,\bcumslot,5
5600,\bdankhoe\b,5
5601,\bdanknugg,5
5602,\bhashish\b,5
5603,\bheroin\b,5
5604,\bholywanker\b,5
5605,\bhonkey\b,5
5606,\bhornytauren\b,5
5607,\bhotslut\b,5
5608,\bhymen\b,5
5609,\bjackoff\b,5
5610,\bkikes\b,5
5611,\bkunt\b,5
5612,\blesbo\b,5
5613,\blongusdongus\b,5
5614,\blsd\b,5
5615,\bmangina\b,5
5616,\bmansatchel\b,5
5617,\bmarijuana\b,5
5618,\bmast[eu]rbat,5
5619,\bmeth\b,5
5621,\bmorningwood\b,5
5622,\bmonstercock,5
5623,\bmoulie\b,5
5624,\bmuffdiver,5
5625,\bnatzi\b,5
5626,\bnecrophil,5
5627,\bnegrolicious\b,5
5628,\bnegromancer\b,5
5629,\bnicklebag\b,5
5630,\bniglet,5
5631,\bnignog\b,5
5632,\bnigs\b,5
5633,\boface\b,5
5634,\bonanism\b,5
5635,\bopium\b,5
5636,\borgasm\b,5
5637,\bpcp\b,5
5638,\bpedophile\b,5
5639,\bpenis,5
5640,\bphugface\b,5
5641,\bpikajew\b,5
5642,\bpoontang\b,5
5643,\bporn\b,5
5644,\bpriapism\b,5
5645,\bpr[o0]n\b,5
5646,\bpudendum\b,5
5647,\bpussyfart,5
5648,\bpussylick,5
5649,\bpussystomp,5
5650,\bputo\b,5
5651,\bquaaludes\b,5
5652,\bqueers\b,5
5653,\bqweef\b,5
5654,\braghead\b,5
5655,\breefer\b,5
5656,\breggin\b,5
5657,\brimjob\b,5
5658,\bgizz\b,5
5659,\bcooze\b,5
5660,\bcumming\b,5
5661,\bboner\b,5
5662,\bhomo\b,5
5663,\bbuttpirate,5
5664,\btitty,5
5665,\bpoostab,5
5666,fuck,5
5667,\bkkk\b,5
5668,\bnazi,5
5669,\bass\b,5
5670,bia?ts?ch,5
5671,\bclit,5
5672,\bcum\b,5
5673,\bcunt,5
5674,\bnig+er,5
5675,penis\b,5
5676,whore,5
5677,yuckfu,5
5678,yuckfou,5
5680,transsexual,5
5681,testicle,5
5682,tampon,5
5683,sphincter,5
5684,sperm,5
5685,phuck,5
5686,gangbang,5
5687,felch,5
5688,bukkake,5
5689,bukakke,5
5690,bukake,5
5691,\bvagina,5
5692,\btwaty\b,5
5693,\btwatty\b,5
5694,\bturbanhead,5
5695,\btitsnass\b,5
5696,\btitnass\b,5
5697,\bsh[ie][ie]thead\b,5
5698,\bpeckerwood\b,5
5699,\bnegroid\b,5
5700,\bmooncricket\b,5
5701,\bkyke,5
5702,\bjigg,5
5703,\bjerkoff\b,5
5704,\bhentai\b,5
5705,\bgringo\b,5
5706,\bgoddamn,5
5707,\bgizm\b,5
5708,\bgism\b,5
5709,\bganja\b,5
5710,\bGMworker\b,5
5711,\bOffgamers\b,5
5712,\bMysupersales\b,5
5713,\bEzgaming\b,5
5714,\bitembay\b,5
5715,\bzlywy\b,5
5716,\bwowsupplier\b,5
5717,\bgmworkers\b,5
5718,\bthsale\b,5
5719,\boffgamers\b,5
5720,\bmysupersales\b,5
5721,\bigxe\b,5
5722,\bezgaming\b,5
5723,\bwhitti?ey?\b,5
5724,\bfellatio,5
5725,\bfawk,5
5726,\bdimebag\b,5
5727,\bdickholster\b,5
5728,\bdiaperhead\b,5
5729,\bcunny\b,5
5730,\bbustanut\b,5
5731,\basshat\b,5
5732,\baryan\b,5
5733,\barsehole\b,5
5734,\barse\b,5
5735,\bamericunt\b,5
5736,\balphanigg,5
5737,\baggin\b,5
5738,\baftercum\b,5
5755,外•挂,5
5756,外••挂,5
5758,外@@挂,5
5762,狗屁,5
5778,花柳,5
5795,性无能,5
5807,外·挂,5
5839,打砲,5
5846,吃大便,5
5862,精水,5
5865,早洩,5
5866,陽萎,5
5870,仆,5
5871,草枝麻,5
5872,草芝麻,5
5877,魔獸幣,5
5878,賣幣,5
5882,現貨,5
5883,遊戲幣,5
5884,匯款,5
5886,低價金幣,5
5887,購金,5
5888,魔幣,5
5889,賣月卡,5
5890,買月卡,5
5891,買幣,5
5893,智障,5
5895,操你媽的,5
5896,\bafricoon\b,1
5897,\baftercum\b,1
5898,\baggin\b,1
5899,\baidsbearer\b,1
5900,\balphanigg,1
5901,\bamericunt\b,1
5902,\banalcumdrip\b,1
5903,\banaldoctor\b,1
5904,\baperape\b,1
5905,\barse\b,1
5906,\barsehole\b,1
5907,\baryan\b,1
5908,\bass\b,1
5909,\bassbandit\b,1
5910,\bassbasher\b,1
5911,\bassface\b,1
5912,\basshat\b,1
5913,\basshole,1
5914,\basshunter\b,1
5915,\basskiss,1
5916,\basslick,1
5917,\bassman\b,1
5918,\bassmaster\b,1
5919,\basspound,1
5920,\bassram,1
5921,\bassrape,1
5922,\bbiotch\b,1
5923,\bblackanese\b,1
5924,\bblaxican\b,1
5925,\bblowjob\b,1
5926,\bblueball\b,1
5927,\bbonch\b,1
5928,\bboner\b,1
5929,\bboners\b,1
5930,\bbullshirt\b,1
5931,\bbustanut\b,1
5932,\bbuttbang\b,1
5933,\bbuttboy,1
5934,\bbuttfloss\b,1
5935,\bbuttfucker,1
5936,\bbuttlick,1
5937,\bbuttmonkey\b,1
5938,\bbuttmunch,1
5939,\bbuttnugget,1
5940,\bbuttpirate,1
5941,\bbuttslam,1
5942,\bbuttstain\b,1
5943,\bcameljockey\b,1
5944,\bcann[aio]bis\b,1
5945,\bcarpetmuncher,1
5946,\bcheapwhore\b,1
5947,\bchinawhite\b,1
5948,\bchinko\b,1
5949,\bchoad\b,1
5950,\bcirclejerk\b,1
5951,\bcircumcise\b,1
5952,\bclit,1
5953,\bcocaine\b,1
5954,\bcock\b,1
5955,\bcocksucker\b,1
5956,\bcoon\b,1
5957,\bcooze\b,1
5958,\bcornhole\b,1
5959,\bcracka\b,1
5960,\bcrackerass,1
5961,\bcrackpipe,1
5962,\bcracksmoker,1
5963,\bcreamtits\b,1
5964,\bcrystalmeth\b,1
5965,\bcum\b,1
5966,\bcumboy,1
5967,\bcumbubble,1
5968,\bcumbucket\b,1
5969,\bcumcatcher,1
5970,\bcumdumpster,1
5971,\bcumeater\b,1
5972,\bcumguz,1
5973,\bcumm\b,1
5974,\bcumming\b,1
5975,\bcumonmyface\b,1
5976,\bcums\b,1
5977,\bcumshooter,1
5978,\bcumshot,1
5979,\bcumslot,1
5980,\bcumstain,1
5981,\bcunnilingus\b,1
5982,\bcunny\b,1
5983,\bcunt,1
5984,\bdankhoe\b,1
5985,\bdanknugg,1
5986,\bdiaperhead\b,1
5987,\bdickholster\b,1
5988,\bdildo\b,1
5989,\bdimebag\b,1
5990,\bdingleberry\b,1
5991,\bdunecoon\b,1
5992,\bejaculate\b,1
5993,\bEzgaming\b,1
5994,\bezgaming\b,1
5995,\bfagg[aeiouy]t,1
5996,\bfawk,1
5997,\bfellatio,1
5998,\bfudgepacker\b,1
5999,\bganja\b,1
6000,\bgism\b,1
6001,\bgizm\b,1
6002,\bgizz\b,1
6003,\bGMworker\b,1
6004,\bgmworkers\b,1
6005,\bgoddamn,1
6006,\bgooch\b,1
6007,\bgook\b,1
6008,\bgringo\b,1
6009,\bgutterslut\b,1
6010,\bhardon\b,1
6011,\bhashish\b,1
6012,\bheeb\b,1
6013,\bhentai\b,1
6014,\bheroin\b,1
6015,\bholywanker\b,1
6016,\bhomo\b,1
6017,\bhomos\b,1
6018,\bhonkey\b,1
6019,\bhornytauren\b,1
6020,\bhotslut\b,1
6021,\bhymen\b,1
6022,\bigxe\b,1
6023,\binjun\b,1
6024,\bitembay\b,1
6025,\bjackoff\b,1
6026,\bjap\b,1
6027,\bjerkoff\b,1
6028,\bjigg,1
6029,\bjism\b,1
6030,\bjizz\b,1
6031,\bjunglebunny\b,1
6032,\bkike\b,1
6033,\bkikes\b,1
6034,\bkkk\b,1
6035,\bkunt\b,1
6036,\bkyke,1
6037,\blesbo\b,1
6038,\blongusdongus\b,1
6039,\blsd\b,1
6040,\bmangina\b,1
6041,\bmansatchel\b,1
6042,\bmarijuana\b,1
6043,\bmast[eu]rbat,1
6044,\bmeatsword\b,1
6045,\bmeth\b,1
6046,\bmilf\b,1
6047,\bmonstercock,1
6049,\bmooley\b,1
6050,\bmooncricket,1
6051,\bmooncricket\b,1
6052,\bmorningwood\b,1
6053,\bmoulie\b,1
6054,\bmudshark,1
6055,\bmuffdiver,1
6056,\bMysupersales\b,1
6057,\bmysupersales\b,1
6058,\bnatzi\b,1
6059,\bnazi,1
6060,\bnecrophil,1
6061,\bnegroid\b,1
6062,\bnegrolicious\b,1
6063,\bnegromancer\b,1
6064,\bnicklebag\b,1
6065,\bnig+a,1
6066,\bnig+er,1
6067,\bnig\b,1
6068,\bniglet,1
6069,\bnignog\b,1
6070,\bnigs\b,1
6071,\bnosecandy\b,1
6072,\boface\b,1
6073,\bOffgamers\b,1
6074,\boffgamers\b,1
6075,\bonanism\b,1
6076,\bopium\b,1
6077,\borgasm\b,1
6078,\bpcp\b,1
6079,\bpeckertracks\b,1
6080,\bpeckerwood\b,1
6081,\bpedophile\b,1
6082,\bpenis,1
6083,\bphugface\b,1
6084,\bpikajew\b,1
6085,\bpillowbiter,1
6086,\bpolesmok,1
6087,\bpoohstab,1
6088,\bpoontang\b,1
6089,\bpoostab,1
6090,\bporchmonk,1
6091,\bporn\b,1
6092,\bpothead,1
6093,\bpr[o0]n\b,1
6094,\bpriapism\b,1
6095,\bpudendum\b,1
6096,\bpussyfart,1
6097,\bpussylick,1
6098,\bpussystomp,1
6099,\bputo\b,1
6100,\bquaaludes\b,1
6101,\bqueef,1
6102,\bqueers\b,1
6103,\bqweef\b,1
6104,\braghead\b,1
6105,\brapist\b,1
6106,\breefer\b,1
6107,\breggin\b,1
6108,\brimjob\b,1
6109,\brohypnol\b,1
6110,\brugmunch,1
6111,\brumprang,1
6112,\bscrotum,1
6113,\bsemen\b,1
6114,\bsexmachine\b,1
6115,\bsh[ie][ie]thead\b,1
6116,\bskinbat,1
6117,\bslamhound,1
6118,\bslut\b,1
6119,\bslutmuffin\b,1
6120,\bsmegma\b,1
6121,\bspanishfly\b,1
6122,\bspearchuck,1
6123,\bspic\b,1
6124,\bspick,1
6125,\bspics\b,1
6126,\bsploog,1
6127,\bsquarehead\b,1
6128,\bstfu\b,1
6129,\bstiffy\b,1
6130,\bstrapon\b,1
6131,\btalliwhacker\b,1
6132,\btards\b,1
6133,\bteabagging\b,1
6134,\bthrobknobbin\b,1
6135,\bthsale\b,1
6136,\bthunderfuck\b,1
6137,\btirdburglar,1
6138,\btitnass\b,1
6139,\btits\b,1
6140,\btitsnass\b,1
6141,\btittie,1
6142,\btitty,1
6143,\btowelhead\b,1
6144,\bturbanhead,1
6145,\bturdburglars\b,1
6146,\btwat\b,1
6147,\btwatlick,1
6148,\btwats\b,1
6149,\btwatsuck,1
6150,\btwatty\b,1
6151,\btwaty\b,1
6152,\bvagina,1
6153,\bviagra\b,1
6154,\bwhitti?ey?\b,1
6155,\bwhop\b,1
6156,\bwop\b,1
6157,\bwowsupplier\b,1
6158,\bzipperhead\b,1
6159,\bzlywy\b,1
6160,\bzoophilia\b,1
6161,18년,1
6162,18놈,1
6163,18새 끼,1
6164,18새끼,1
6881,ㅈㄹ,1
7254,히로뽕,1
7255,bia?ts?ch,1
7257,bukake,1
7258,bukakke,1
7259,bukkake,1
7260,fagg[aeiouy]t\b,1
7261,felch,1
7262,feltch,1
7263,fuck,1
7264,gangbang,1
7265,nig+a\b,1
7266,nig+er\b,1
7267,penis\b,1
7268,phuck,1
7269,shit,1
7270,sperm,1
7271,sphincter,1
7272,tampon,1
7273,testicle,1
7274,transsexual,1
7276,wetback,1
7277,whore,1
7278,yuckfou,1
7279,yuckfu,1
8664,\bjod[eií],6
8665,mierda,6
8666,coño,6
8667,\b[gj]ilipo,6
8668,\bmeapilas\b,6
8669,\bcapull,6
8670,\bcabr[oó]n,6
8671,\bmari[cq],6
8672,\bpene\b,6
8673,polla,6
8674,\bpoya,6
8675,\bpinga\b,6
8676,\bpito,6
8677,\bva[gj]ina,6
8678,\blesbi,6
8679,\bminga\b,6
8680,\bput[aoó],6
8681,\bzorra,6
8682,\bpaja\b,6
8683,\bpaji[lt],6
8684,\bnazi\b,6
8685,\bkkk\b,6
8686,\bescroto\b,6
8687,\bcoj[oó]n,6
8688,\bcorrer[mst],6
8689,\bcorri[eé]ndo[mst]e\b,6
8690,\beyacul,6
8691,\besperm,6
8692,\bmama[rd],6
8693,\bencula[rd],6
8694,\bculo\b,6
8695,\bviol[aó],6
8696,\bped[oó]f,6
8697,\bpederast,6
8699,\bculandr[oó]n\b,6
8700,\bsodomi,6
8701,\bsadomaso,6
8702,\bsudaca,6
8703,\bnegraco\b,6
8704,\bmoro\b,6
8705,\bmoros\b,6
8706,\bmoromierda\b,6
8707,\bjop[eu],6
8708,\bpo[lr]cul,6
8709,\bostia,6
8710,\bhostia,6
8711,\bcullons\b,6
8712,\bgabacho\b,6
8713,\bpringao\b,6
8715,\bmam[oó]n,6
8716,\bniñ[ao]t,6
8717,\bnenaza,6
8718,\bhomo\b,6
8719,choch[eio],6
8720,txotx[eio],6
8721,xox[eio],6
8722,\bmastur,6
8723,\bcl[ií]toris\b,6
8724,\bb[aá]lano\b,6
8725,\bprepucio\b,6
8726,\bhero[ií]na\b,6
8727,\bpellote\b,6
8728,\bhach[ií]s\b,6
8729,\bhatx[ií]s\b,6
8730,\bLSD\b,6
8731,\bcoca[ií]na\b,6
8732,\bp[uú]bis\b,6
8733,\bp[uú]bico\b,6
8734,\bvulva\b,6
8735,\banal\b,6
8736,\bfela[ct]i,6
8737,\bcunnilingus\b,6
8738,\bmari[hj]uana\b,6
8739,\bporro\b,6
8740,\bdesvirga,6
8741,\bhimen\b,6
8742,meretriz,6
8743,prostituta,6
8744,\brohypnol\b,6
8745,\brugmunch,6
8746,nig+er\b,6
8747,\bscrotum,6
8748,\bsemen\b,6
8749,\bsexmachine\b,6
8750,\bslut\b,6
8751,\bslutmuffin\b,6
8752,\bsmegma\b,6
8753,\bspanishfly\b,6
8754,\bspics\b,6
8755,\bsquarehead\b,6
8756,\bstfu\b,6
8757,\bstrapon\b,6
8758,\btalliwhacker\b,6
8759,\btards\b,6
8760,\bteabagging\b,6
8761,\bthrobknobbin\b,6
8762,\bthunderfuck\b,6
8763,\btirdburglar,6
8764,\bturdburglars\b,6
8765,\btwatlick,6
8766,\btwats\b,6
8767,\btwatsuck,6
8768,\bviagra\b,6
8769,\bwhop\b,6
8770,\bzoophilia\b,6
8771,\bfagg[aeiouy]t,6
8772,\bpillowbiter,6
8773,\bpoohstab,6
8775,\bdildo\b,6
8776,\bheeb\b,6
8777,\bkike\b,6
8778,\bmudshark,6
8779,\bmooley\b,6
8780,\bnig+a,6
8781,\bjap\b,6
8782,feltch,6
8783,\bhomos\b,6
8784,\btittie,6
8785,\btits\b,6
8786,\bslamhound,6
8787,\bgutterslut\b,6
8788,\bcumguz,6
8789,\binjun\b,6
8790,\bgooch\b,6
8792,\bpothead,6
8793,shit,6
8794,\btwat\b,6
8795,\bassface\b,6
8796,\bnosecandy\b,6
8797,\btowelhead\b,6
8798,\bfudgepacker\b,6
8799,\bassmaster\b,6
8800,\bejaculate\b,6
8801,\bmilf\b,6
8802,\brumprang,6
8803,\bspic\b,6
8804,\bspick,6
8805,wetback,6
8806,\bqueef,6
8807,\bnig\b,6
8808,fagg[aeiouy]t\b,6
8809,\brapist\b,6
8810,\bgook\b,6
8811,\bpolesmok,6
8812,\bcracksmoker,6
8813,\bjism\b,6
8814,\bdingleberry\b,6
8815,\bmooncricket,6
8816,\bassman\b,6
8817,\bspearchuck,6
8818,\bhardon\b,6
8819,\bstiffy\b,6
8820,\bcumstain,6
8821,\bdunecoon\b,6
8822,\bbuttfloss\b,6
8823,\bpeckertracks\b,6
8824,\bcornhole\b,6
8825,\bwop\b,6
8826,\bcock\b,6
8827,\basspound,6
8828,\bbuttboy,6
8829,\bsploog,6
8830,\bmeatsword\b,6
8831,\bskinbat,6
8832,\basshole,6
8833,\bzipperhead\b,6
8834,\bporchmonk,6
8835,\bjunglebunny\b,6
8836,\bjizz\b,6
8837,\bafricoon\b,6
8838,\baidsbearer\b,6
8839,\banalcumdrip\b,6
8840,\banaldoctor\b,6
8841,\baperape\b,6
8842,\bassbandit\b,6
8843,\bassbasher\b,6
8844,\basshunter\b,6
8845,\basskiss,6
8846,\basslick,6
8847,\bassram,6
8848,\bassrape,6
8849,\bbiotch\b,6
8850,\bblackanese\b,6
8851,\bblaxican\b,6
8852,\bblowjob\b,6
8853,\bblueball\b,6
8854,\bbonch\b,6
8855,\bboners\b,6
8856,nig+a\b,6
8857,\bbullshirt\b,6
8858,\bbuttbang\b,6
8859,\bbuttfucker,6
8860,\bbuttlick,6
8861,\bbuttmonkey\b,6
8862,\bbuttmunch,6
8863,\bbuttnugget,6
8864,\bbuttslam,6
8865,\bbuttstain\b,6
8866,\bcameljockey\b,6
8867,\bcann[aio]bis\b,6
8868,\bcarpetmuncher,6
8869,\bcheapwhore\b,6
8870,\bchinawhite\b,6
8871,\bchinko\b,6
8872,\bchoad\b,6
8873,\bcirclejerk\b,6
8874,\bcircumcise\b,6
8875,\bcocaine\b,6
8876,\bcocksucker\b,6
8877,\bcoon\b,6
8878,\bcracka\b,6
8879,\bcrackerass,6
8880,\bcrackpipe,6
8881,\bcreamtits\b,6
8882,\bcrystalmeth\b,6
8883,\bcumboy,6
8884,\bcumbubble,6
8885,\bcumbucket\b,6
8886,\bcumcatcher,6
8887,\bcumdumpster,6
8888,\bcumeater\b,6
8889,\bcumm\b,6
8890,\bcumonmyface\b,6
8891,\bcums\b,6
8892,\bcumshooter,6
8893,\bcumshot,6
8894,\bcumslot,6
8895,\bdankhoe\b,6
8896,\bdanknugg,6
8897,\bhashish\b,6
8898,\bheroin\b,6
8899,\bholywanker\b,6
8900,\bhonkey\b,6
8901,\bhornytauren\b,6
8902,\bhotslut\b,6
8903,\bhymen\b,6
8904,\bjackoff\b,6
8905,\bkikes\b,6
8906,\bkunt\b,6
8907,\blesbo\b,6
8908,\blongusdongus\b,6
8909,\blsd\b,6
8910,\bmangina\b,6
8911,\bmansatchel\b,6
8912,\bmarijuana\b,6
8913,\bmast[eu]rbat,6
8914,\bmeth\b,6
8916,\bmorningwood\b,6
8917,\bmonstercock,6
8918,\bmoulie\b,6
8919,\bmuffdiver,6
8920,\bnatzi\b,6
8921,\bnecrophil,6
8922,\bnegrolicious\b,6
8923,\bnegromancer\b,6
8924,\bnicklebag\b,6
8925,\bniglet,6
8926,\bnignog\b,6
8927,\bnigs\b,6
8928,\boface\b,6
8929,\bonanism\b,6
8930,\bopium\b,6
8931,\borgasm\b,6
8932,\bpcp\b,6
8933,\bpedophile\b,6
8934,\bpenis,6
8935,\bphugface\b,6
8936,\bpikajew\b,6
8937,\bpoontang\b,6
8938,\bporn\b,6
8939,\bpriapism\b,6
8940,\bpr[o0]n\b,6
8941,\bpudendum\b,6
8942,\bpussyfart,6
8943,\bpussylick,6
8944,\bpussystomp,6
8945,\bputo\b,6
8946,\bquaaludes\b,6
8947,\bqueers\b,6
8948,\bqweef\b,6
8949,\braghead\b,6
8950,\breefer\b,6
8951,\breggin\b,6
8952,\brimjob\b,6
8953,\bgizz\b,6
8954,\bcooze\b,6
8955,\bcumming\b,6
8956,\bboner\b,6
8958,\bbuttpirate,6
8959,\btitty,6
8960,\bpoostab,6
8961,fuck,6
8962,\bass\b,6
8963,bia?ts?ch,6
8964,\bclit,6
8965,\bcum\b,6
8966,\bcunt,6
8967,\bnig+er,6
8968,penis\b,6
8969,whore,6
8970,ㅈㄹ,6
8971,yuckfu,6
8972,yuckfou,6
8974,transsexual,6
8975,testicle,6
8976,tampon,6
8977,sphincter,6
8978,sperm,6
8979,phuck,6
8980,gangbang,6
8981,felch,6
8982,bukkake,6
8983,bukakke,6
8984,bukake,6
8985,\bvagina,6
8986,\btwaty\b,6
8987,\btwatty\b,6
8988,\bturbanhead,6
8989,\btitsnass\b,6
8990,\btitnass\b,6
8991,\bsh[ie][ie]thead\b,6
8992,\bpeckerwood\b,6
8993,\bnegroid\b,6
8994,\bmooncricket\b,6
8995,\bkyke,6
8996,\bjigg,6
8997,\bjerkoff\b,6
8998,\bhentai\b,6
8999,\bgringo\b,6
9000,\bgoddamn,6
9001,\bgizm\b,6
9002,\bgism\b,6
9003,\bganja\b,6
9004,GMworker,6
9005,Offgamers,6
9006,Mysupersales,6
9007,Ezgaming,6
9008,itembay,6
9009,zlywy,6
9010,wowsupplier,6
9011,gmworkers,6
9012,thsale,6
9013,offgamers,6
9014,mysupersales,6
9015,igxe,6
9016,ezgaming,6
9017,\bwhitti?ey?\b,6
9018,\bfellatio,6
9019,\bfawk,6
9020,\bdimebag\b,6
9021,\bdickholster\b,6
9022,\bdiaperhead\b,6
9023,\bcunny\b,6
9024,\bbustanut\b,6
9025,\basshat\b,6
9026,\baryan\b,6
9027,\barsehole\b,6
9028,\barse\b,6
9029,\bamericunt\b,6
9030,\balphanigg,6
9031,\baggin\b,6
9032,\baftercum\b,6
9033,\bp[oO]rn\b,3
9034,\bpr0n\b,3
9035,\bgehirnamput,3
9037,\barisch\b,3
9038,\bdealer\b,3
9039,\bkanack,3
9040,scheiß,3
9041,scheiss,3
9042,<\haschisch\b,3
9043,\b1225game\b,2
9044,\b29games\b,2
9045,\bancul,2
9047,\bbaise[usz-]\b,2
9048,\bbaise\b,2
9049,\bbatards\b,2
9050,\bbites?\b,2
9051,\bboche>\b,2
9052,\bboucaques\b,2
9053,\bbougnoules\b,2
9054,\bbouk*ake\b,2
9055,\bcan+abi+ce\b,2
9056,\bcan+abi+s\b,2
9057,\bcunilingus\b,2
9058,\bencul,2
9060,\benfoire\b,2
9061,\bfel*acion\b,2
9062,\bgame1999\b,2
9063,\bgamenoble\b,2
9064,\bGmauthorization\b,2
9065,\bGMW0RKlNG\b,2
9066,\bgouinaces?\b,2
9067,\bha[sc]hi[sc]h\b,2
9068,\bhitler+,2
9069,\bku klux klan\b,2
9070,\bkukluxklan\b,2
9072,\bmdma\b,2
9073,\bmussol*in*i,2
9074,\bmy super sales\b,2
9075,\bnazy,2
9076,\bncrophil,2
9077,\bnike\b,2
9078,\bniketam,2
9079,\bniquetam,2
9081,\bonanism,2
9082,\borgasm,2
9083,\bpartou[sz],2
9084,\bpd\b,2
9085,\bpd+\b,2
9086,\bpdophil,2
9087,\bptasses?\b,2
9088,\bplayer123\b,2
9089,\bplaysupplier\b,2
9090,\bporno\b,2
9091,\bpoufiasse\b,2
9092,\bpriapism,2
9093,\bputaces?\b,2
9094,\brital[es]?\b,2
9095,\bsalot\b,2
9096,\bsodomy,2
9097,\bsoumerde\b,2
9098,\bspeedpanda\b,2
9099,\bssegames\b,2
9100,\btantouz\b,2
9101,\btapet+es?\b,2
9102,\btarlou[sz]\b,2
9103,\btassep,2
9105,\bvaginal\b,2
9106,\bwowforever\b,2
9107,\bwowfree*uy\b,2
9108,\bWOWPANNlNG\b,2
9109,foutre,2
9110,pnisse,2
9112,tranny,-1
9113,trannie,-1
9114,shemale,-1
9121,\btravelo\b,2
9125,\btravelo\b,6
9126,travesti,6
9127,travestido,6
9130,\btranse\b,3
9131,mannweib,3
9686,\banus\b,0
9784,\bjod[eií],7
9785,mierda,7
9786,coño,7
9787,\b[gj]ilipo,7
9788,\bmeapilas\b,7
9789,\bcapull,7
9790,\bcabr[oó]n,7
9791,\bmari[cq],7
9792,\bpene\b,7
9793,polla,7
9794,\bpoya,7
9795,\bpinga\b,7
9796,\bpito,7
9797,\bva[gj]ina,7
9798,\blesbi,7
9799,\bminga\b,7
9800,\bput[aoó],7
9801,\bzorra,7
9802,\bpaja\b,7
9803,\bpaji[lt],7
9804,\bnazi\b,7
9805,\bkkk\b,7
9806,\bescroto\b,7
9807,\bcoj[oó]n,7
9808,\bcorri[eé]ndo[mst]e\b,7
9809,\beyacul,7
9810,\besperm,7
9811,\bmama[rd],7
9812,\bencula[rd],7
9813,\bculo\b,7
9814,\bviol[aó],7
9815,\bped[oó]f,7
9816,\bpederast,7
9818,\bculandr[oó]n\b,7
9819,\bsodomi,7
9820,\bsadomaso,7
9821,\bsudaca,7
9822,\bnegraco\b,7
9823,\bmoro\b,7
9824,\bmoros\b,7
9825,\bmoromierda\b,7
9826,\bjop[eu],7
9827,\bpo[lr]cul,7
9828,\bostia,7
9829,\bhostia,7
9830,\bcullons\b,7
9831,\bgabacho\b,7
9832,\bpringao\b,7
9834,\bmam[oó]n,7
9835,\bniñ[ao]t,7
9836,\bnenaza,7
9837,\bhomo\b,7
9838,choch[eio],7
9839,txotx[eio],7
9840,xox[eio],7
9841,\bmastur,7
9842,\bcl[ií]toris\b,7
9843,\bb[aá]lano\b,7
9844,\bprepucio\b,7
9845,\bhero[ií]na\b,7
9846,\bpellote\b,7
9847,\bhach[ií]s\b,7
9848,\bhatx[ií]s\b,7
9849,\bLSD\b,7
9850,\bcoca[ií]na\b,7
9851,\bp[uú]bis\b,7
9852,\bp[uú]bico\b,7
9853,\bvulva\b,7
9854,\banal\b,7
9855,\bfela[ct]i,7
9856,\bcunnilingus\b,7
9857,\bmari[hj]uana\b,7
9858,\bporro\b,7
9859,\bdesvirga,7
9860,\bhimen\b,7
9861,meretriz,7
9862,prostituta,7
9863,\brohypnol\b,7
9864,\brugmunch,7
9865,nig+er\b,7
9866,\bscrotum,7
9867,\bsemen\b,7
9868,\bsexmachine\b,7
9869,\bslut\b,7
9870,\bslutmuffin\b,7
9871,\bsmegma\b,7
9872,\bspanishfly\b,7
9873,\bspics\b,7
9874,\bsquarehead\b,7
9875,\bstfu\b,7
9876,\bstrapon\b,7
9877,\btalliwhacker\b,7
9878,\btards\b,7
9879,\bteabagging\b,7
9880,\bthrobknobbin\b,7
9881,\bthunderfuck\b,7
9882,\btirdburglar,7
9883,\bturdburglars\b,7
9884,\btwatlick,7
9885,\btwats\b,7
9886,\btwatsuck,7
9887,\bviagra\b,7
9888,\bwhop\b,7
9889,\bzoophilia\b,7
9890,\bfagg[aeiouy]t,7
9891,\bpillowbiter,7
9892,\bpoohstab,7
9893,\bdildo\b,7
9894,\bheeb\b,7
9895,\bmudshark,7
9896,\bmooley\b,7
9897,\bnig+a,7
9898,\bjap\b,7
9899,feltch,7
9900,\bhomos\b,7
9901,\btittie,7
9902,\btits\b,7
9903,\bslamhound,7
9904,\bgutterslut\b,7
9905,\bcumguz,7
9906,\binjun\b,7
9907,\bgooch\b,7
9909,\bpothead,7
9910,shit,7
9911,\btwat\b,7
9912,\bassface\b,7
9913,\bnosecandy\b,7
9914,\btowelhead\b,7
9915,\bfudgepacker\b,7
9916,\bassmaster\b,7
9917,\bejaculate\b,7
9918,\bmilf\b,7
9919,\brumprang,7
9920,\bspic\b,7
9921,\bspick,7
9922,wetback,7
9923,\bqueef,7
9924,\bnig\b,7
9925,fagg[aeiouy]t\b,7
9926,\brapist\b,7
9927,\bgook\b,7
9928,\bpolesmok,7
9929,\bcracksmoker,7
9930,\bjism\b,7
9931,\bdingleberry\b,7
9932,\bmooncricket,7
9933,\bassman\b,7
9934,\bspearchuck,7
9935,\bhardon\b,7
9936,\bstiffy\b,7
9937,\bcumstain,7
9938,\bdunecoon\b,7
9939,\bbuttfloss\b,7
9940,\bpeckertracks\b,7
9941,\bcornhole\b,7
9942,\bwop\b,7
9943,\bcock\b,7
9944,\basspound,7
9945,\bbuttboy,7
9946,\bsploog,7
9947,\bmeatsword\b,7
9948,\bskinbat,7
9949,\basshole,7
9950,\bzipperhead\b,7
9951,\bporchmonk,7
9952,\bjunglebunny\b,7
9953,\bjizz\b,7
9954,\bafricoon\b,7
9955,\baidsbearer\b,7
9956,\banalcumdrip\b,7
9957,\banaldoctor\b,7
9958,\baperape\b,7
9959,\bassbandit\b,7
9960,\bassbasher\b,7
9961,\basshunter\b,7
9962,\basskiss,7
9963,\basslick,7
9964,\bassram,7
9965,\bassrape,7
9966,\bbiotch\b,7
9967,\bblackanese\b,7
9968,\bblaxican\b,7
9969,\bblowjob\b,7
9970,\bblueball\b,7
9971,\bbonch\b,7
9972,\bboners\b,7
9973,nig+a\b,7
9974,\bbullshirt\b,7
9975,\bbuttbang\b,7
9976,\bbuttfucker,7
9977,\bbuttlick,7
9978,\bbuttmonkey\b,7
9979,\bbuttmunch,7
9980,\bbuttnugget,7
9981,\bbuttslam,7
9982,\bbuttstain\b,7
9983,\bcameljockey\b,7
9984,\bcann[aio]bis\b,7
9985,\bcarpetmuncher,7
9986,\bcheapwhore\b,7
9987,\bchinawhite\b,7
9988,\bchinko\b,7
9989,\bchoad\b,7
9990,\bcirclejerk\b,7
9991,\bcircumcise\b,7
9992,\bcocaine\b,7
9993,\bcocksucker\b,7
9994,\bcoon\b,7
9995,\bcracka\b,7
9996,\bcrackerass,7
9997,\bcrackpipe,7
9998,\bcreamtits\b,7
9999,\bcrystalmeth\b,7
10000,\bcumboy,7
10001,\bcumbubble,7
10002,\bcumbucket\b,7
10003,\bcumcatcher,7
10004,\bcumdumpster,7
10005,\bcumeater\b,7
10006,\bcumm\b,7
10007,\bcumonmyface\b,7
10008,\bcums\b,7
10009,\bcumshooter,7
10010,\bcumshot,7
10011,\bcumslot,7
10012,\bdankhoe\b,7
10013,\bdanknugg,7
10014,\bhashish\b,7
10015,\bheroin\b,7
10016,\bholywanker\b,7
10017,\bhonkey\b,7
10018,\bhornytauren\b,7
10019,\bhotslut\b,7
10020,\bhymen\b,7
10021,\bjackoff\b,7
10022,\bkikes\b,7
10023,\bkunt\b,7
10024,\blesbo\b,7
10025,\blongusdongus\b,7
10026,\blsd\b,7
10027,\bmangina\b,7
10028,\bmansatchel\b,7
10029,\bmarijuana\b,7
10030,\bmast[eu]rbat,7
10031,\bmeth\b,7
10033,\bmorningwood\b,7
10034,\bmonstercock,7
10035,\bmoulie\b,7
10036,\bmuffdiver,7
10037,\bnatzi\b,7
10038,\bnecrophil,7
10039,\bnegrolicious\b,7
10040,\bnegromancer\b,7
10041,\bnicklebag\b,7
10042,\bniglet,7
10043,\bnignog\b,7
10044,\bnigs\b,7
10045,\boface\b,7
10046,\bonanism\b,7
10047,\bopium\b,7
10048,\borgasm\b,7
10049,\bpcp\b,7
10050,\bpedophile\b,7
10051,\bpenis,7
10052,\bphugface\b,7
10053,\bpikajew\b,7
10054,\bpoontang\b,7
10055,\bporn\b,7
10056,\bpriapism\b,7
10057,\bpr[o0]n\b,7
10058,\bpudendum\b,7
10059,\bpussyfart,7
10060,\bpussylick,7
10061,\bpussystomp,7
10062,\bputo\b,7
10063,\bquaaludes\b,7
10064,\bqueers\b,7
10065,\bqweef\b,7
10066,\braghead\b,7
10067,\breefer\b,7
10068,\breggin\b,7
10069,\brimjob\b,7
10070,\bgizz\b,7
10071,\bcooze\b,7
10072,\bcumming\b,7
10073,\bboner\b,7
10074,\bbuttpirate,7
10075,\btitty,7
10076,\bpoostab,7
10077,fuck,7
10078,\bass\b,7
10079,bia?ts?ch,7
10080,\bclit,7
10081,\bcum\b,7
10082,\bcunt,7
10083,\bnig+er,7
10084,penis\b,7
10085,whore,7
10086,ㅈㄹ,7
10087,yuckfu,7
10088,yuckfou,7
10090,transsexual,7
10091,testicle,7
10092,tampon,7
10093,sphincter,7
10094,sperm,7
10095,phuck,7
10096,gangbang,7
10097,felch,7
10098,bukkake,7
10099,bukakke,7
10100,bukake,7
10101,\bvagina,7
10102,\btwaty\b,7
10103,\btwatty\b,7
10104,\bturbanhead,7
10105,\btitsnass\b,7
10106,\btitnass\b,7
10107,\bsh[ie][ie]thead\b,7
10108,\bpeckerwood\b,7
10109,\bnegroid\b,7
10110,\bmooncricket\b,7
10111,\bkyke,7
10112,\bjigg,7
10113,\bjerkoff\b,7
10114,\bhentai\b,7
10115,\bgringo\b,7
10116,\bgoddamn,7
10117,\bgizm\b,7
10118,\bgism\b,7
10119,\bganja\b,7
10120,GMworker,7
10121,Offgamers,7
10122,Mysupersales,7
10123,Ezgaming,7
10124,itembay,7
10125,zlywy,7
10126,wowsupplier,7
10127,gmworkers,7
10128,thsale,7
10129,offgamers,7
10130,mysupersales,7
10131,igxe,7
10132,ezgaming,7
10133,\bwhitti?ey?\b,7
10134,\bfellatio,7
10135,\bfawk,7
10136,\bdimebag\b,7
10137,\bdickholster\b,7
10138,\bdiaperhead\b,7
10139,\bcunny\b,7
10140,\bbustanut\b,7
10141,\basshat\b,7
10142,\baryan\b,7
10143,\barsehole\b,7
10144,\barse\b,7
10145,\bamericunt\b,7
10146,\balphanigg,7
10147,\baggin\b,7
10148,\baftercum\b,7
10149,\btravelo\b,7
10150,travesti,7
10151,travestido,7
12533,\banal\b,1
13015,хуй,8
13016,\bх+у+[еёийюя],8
13017,[зн]+[еиа]+х+у+[еёийюя],8
13018,[вос]+т?х+у+[еёийюя],8
13019,прих+у+[еёийюя],8
13020,\bа+х+у+[ие],8
13021,хуя,8
13022,х+у+[её]+в,8
13023,\bХу+ли\b,8
13024,\bн+[ае]+х\b,8
13025,\bпо+х\b,8
13026,\bза+х\b,8
13027,б+л+я+д,8
13028,\bб+л+я+т,8
13029,\bб+л+я+\b,8
13030,\bб+л+[еи]+а,8
13031,\b[мп]+л+я\b,8
13032,\b[мп]+л+я+т,8
13033,п[еёи]+[зс]+д,8
13034,зде+ц,8
13035,пе+ло+тк,8
13036,\b[её]+б,8
13037,[аеёийоуъ][её]+б,8
13038,йо+б,8
13039,\bй+о+п+[ат],8
13040,\b[вс][ьъ]+я+б,8
13041,\b[зн]+а+[еёи]+[бп]+[^ор],8
13042,нииб,8
13043,долбоящер,8
13044,\b[её]+п+[тл],8
13045,\bх+е+р\b,8
13046,\bпо+х+е+р,8
13047,\bна+х+е+р,8
13048,\bх+е+р[но],8
13049,х+е+р+а+ч,8
13050,\bму+д[аеиоя],8
13051,па+дл+[аио],8
13052,заподлист,8
13053,г[оа]+в[её]*н,8
13054,га+мн+ю+к,8
13055,п[ие]+д+[ое]+р,8
13056,\bпи+д+а+р,8
13057,\bпе+ди+к,8
13058,\bпе+др+и+л,8
13059,др+[ою]+ч,8
13060,задро+т,8
13061,г[ао]+ндо+н,8
13062,залуп[аеуы]\b,8
13063,залупой\b,8
13064,залупк,8
13065,\bчлен+[ао]+воз,8
13066,\bчлен+[ао]+гры,8
13067,\bчлен+[ао]+сос,8
13068,пенис,8
13069,\bелд,8
13070,сперм,8
13071,\bсукин,8
13072,\bсучье,8
13073,сцук,8
13074,\bс+у+к+[аеуи]+\b,8
13075,\bс+у+к+о+й\b,8
13076,\bс+у+к+а+ми+\b,8
13077,\bсуч[акеё],8
13078,жо+п,8
13079,гомик,8
13080,\bгомосек,8
13081,гомосят,8
13082,\bманд[аеуы]\b,8
13083,\bмандой\b,8
13084,\bмандов,8
13085,мандец,8
13086,\bсса+[лквнт],8
13087,\b[пвз]+[оыа]+сса+[влнт],8
13088,\bобосс+[ыуа],8
13089,сра[клнтч],8
13090,обс[еи]р[^в],8
13091,бзд[аеиун],8
13092,дрист,8
13093,дрищ,8
13094,\bшлю[хш],8
13095,\bшалав,8
13096,целк[аеуи]\b,8
13097,целкой\b,8
13098,целками\b,8
13099,п[её]+рд,8
13100,\bп[её]+рну,8
13101,\bпараш[^ю],8
13102,блю+[веёю],8
13103,бл[её]+в,8
13104,целоч,8
13105,\bссыш,8
13106,\b[^з]?фыуа,8
14427,aborto,10
14428,aid[ée]tic[oa],10
14429,\baids\b,10
14430,\b[âa]nus\b,10
14431,b[uo]cet[ãa]o,10
14432,b[uo]ceta,10
14433,babac[ãa]o,10
14434,\bbabaca\b,10
14435,\bbacanal\b,10
14436,baithola,10
14437,baitola,10
14438,beck,10
14439,\bbiba\b,10
14440,\bbicha\b,10
14441,\bbichona\b,10
14442,\bbixa\b,10
14443,\bbixona\b,10
14444,boiola,10
14445,bokete,10
14446,boketer[ao],10
14447,bolagato,10
14448,boquete,10
14449,boqueteir[ao],10
14450,boqueter[ao],10
14451,boyola,10
14452,\bbrioco\b,10
14453,\bbroxa\b,10
14454,Bund[ãa]o,10
14455,bundau[mn],10
14456,busseta,10
14457,\bc[uú]\b,10
14458,caba[çc]o,10
14459,cabasso,10
14460,cafet[ãa]o,10
14461,cafetina,10
14462,\bcag[ãa]o\b,10
14463,cagapau,10
14464,\bcagar\b,10
14465,caral[ie]o,10
14466,caralh[ao],10
14467,caralhinhos,10
14468,cheirarola,10
14469,chereca,10
14470,chochota,10
14471,ciririca,10
14472,coca[ií]na,10
14473,\bcoito\b,10
14474,\bcorn[oa]\b,10
14475,\bcrack\b,10
14476,criol[ao],10
14477,crioul[ao],10
14478,cuz[ãa]o,10
14479,cuzinho,10
14480,\bdacu\b,10
14481,\bdroga\b,10
14482,\becstasy\b,10
14483,\benfianoc[úu]\b,10
14484,er[óo]tic[ao],10
14485,ereç[ss]ão,10
14486,escrot[ao],10
14487,esperma,10
14488,esporrar,10
14489,estrup[ao],10
14490,estupr[ao],10
14491,f[ie]ladaputa,10
14492,f[ie]of[óo],10
14493,f[ou]dendo,10
14494,f[uo]deno,10
14495,f[uo]der,10
14496,\bfdp\b,10
14497,fidiputa,10
14498,fod[aoe],10
14499,fodase,10
14500,foda-se,10
14501,fodasse,10
14502,fudeno,10
14503,fudeu,10
14504,fudid[ao],10
14506,genital,10
14507,\bgosar\b,10
14508,\bgoso\b,10
14509,gozada,10
14510,\bgozar\b,10
14511,\bgozo\b,10
14512,haxixe,10
14513,\bkenga\b,10
14514,\blol[óo]\b,10
14515,\blsd\b,10
14516,maconha,10
14517,maconhado,10
14518,maconheiro,10
14519,mamilo,10
14520,mari[hj]uana,10
14521,masturb,10
14522,meiodoc[úu],10
14523,merda,10
14524,merdinha,10
14525,mij[ãa]o,10
14526,neg[ãa]o,10
14527,\bnêg[ao]\b,10
14529,negona,10
14530,neguinh[ao],10
14531,olhodoc[úu],10
14532,\bp[êe]nis\b,10
14533,pauduro,10
14534,paumole,10
14535,paunuc[uú],10
14536,peituda,10
14537,\bpicudo\b,10
14538,\bpiru\b,10
14539,porn[oôó],10
14540,\bporra\b,10
14541,prostituta,10
14542,punheta,10
14543,\bput[ao]\b,10
14544,put[êe]ro,10
14545,putakiparil,10
14546,putakipariu,10
14547,putamerda,10
14548,\bput[ãa]o\b,10
14549,putaqueopariu,10
14550,putaquipariu,10
14551,putaria,10
14552,putinh[ao],10
14553,\bputona\b,10
14554,\bquenga\b,10
14555,\brapariga\b,10
14556,\bs[êe]men\b,10
14557,\bsapata\b,10
14558,sapat[ãa]o,10
14559,sapatona,10
14560,sefud[êe],10
14561,sif[uú],10
14562,s[ií]filis,10
14563,siririca,10
14564,suruba,10
14565,takipariu,10
14566,taquipariu,10
14567,tch[ôo]la,10
14568,\bteta\b,10
14569,\btetinha\b,10
14570,ticum[êe],10
14571,\btnc\b,10
14572,tomanoc[uú],10
14573,tomarnoc[uú],10
14574,tran[zs]ar,10
14575,traveco,10
14576,travesti,10
14577,va[gj]ina,10
14578,\bvadia\b,10
14579,viadagem,10
14580,viadinho,10
14581,viad[uo],10
14582,\bvsf\b,10
14583,\bvulva\b,10
14584,xerar[ôo]la,10
14585,xereca,10
14586,\bxota\b,10
14587,xoxota,10
14588,xoxotinha,10
14589,xoxotona,10
14590,viadag[ei],10
14591,\bvtnc\b,10
14592,\bdrogas\b,10
14593,\bballcat\b,10
14596,\bsieg heil\b,3
14597,\bsiegheil\b,3
14606,\bnegrada\b,10
14607,\bfag\b,-1
15111,\<an[oi]\>,11
15112,\<anal,11
15113,\<bagasc,11
15114,\<baldracc,11
15115,\<balle\>,11
15116,\<bastard,11
15117,\<batton[ae]\>,11
15118,\<bocchin,11
15120,\<bukk?ak+e\>,11
15121,\<caga,11
15122,\<cappell,11
15123,cazz+,11
15124,\<checc,11
15125,\<chiava,11
15126,\<cocaina\>,11
15127,\<coddio\>,11
15128,\<cogl,11
15129,\<cul[aoi]\>,11
15130,\<dild[oi]\>,11
15131,\<dio [ck]ane?\>,11
15132,\<dio boia\>,11
15133,\<dio porco\>,11
15134,\<dio[ck]ane?\>,11
15135,\<dioboia\>,11
15136,\<dioporco\>,11
15137,\<ditalin,11
15138,\<eiacul,11
15139,\<fanc,11
15140,\<fellatio\>,11
15141,\<fi[cg]a,11
15142,\<figli[oa] di puttana\>,11
15143,\<figli[oa] di troia\>,11
15144,\<figli[oa]diputtana\>,11
15145,\<figli[oa]ditroia\>,11
15146,\<fott,11
15147,\<fregn,11
15148,\<froci,11
15149,\<gangbang\>,11
15150,\<ganja\>,11
15151,\<gay\>,11
15152,\<hashish\>,11
15153,\<ingoi,11
15155,\<limona,11
15156,\<lsd\>,11
15157,\<mari?juana\>,11
15158,\<merd,11
15159,\<mescalina\>,11
15160,\<metanfetamina\>,11
15161,\<meth\>,11
15162,\<mignott+,11
15163,\<milf\>,11
15164,\<minchi,11
15165,\<nazi,11
15166,\<necrofil,11
15167,\<negr,11
15168,\<nerchi,11
15169,\<oppio\>,11
15170,\<orgasm,11
15171,\<pedofil,11
15172,\<pen[ei]\>,11
15173,\<pipp[ae]\>,11
15174,\<pirl,11
15175,\<pompin,11
15176,\<porc,11
15177,\<porca madonna\>,11
15178,\<porca puttana\>,11
15179,\<porcamadonna\>,11
15180,\<porcaputtana\>,11
15181,\<porco dio\>,11
15182,\<porcod+io+\>,11
15183,\<porn,11
15184,\<puttan,11
15185,\<r[ie]cchion,11
15186,\<roipnol\>,11
15187,\<sborr?,11
15188,\<scopa,11
15189,\<sega,11
15190,\<seghe\>,11
15191,\<sorca\>,11
15192,\<sorche\>,11
15193,\<sperma\>,11
15194,\<stronz,11
15195,\<stupr,11
15196,\<succhiacazz[oi]\>,11
15197,\<succhiaminchi[ae]\>,11
15198,\<succhiapen[ei]\>,11
15199,\<terron,11
15200,\<testa di cazzo\>,11
15201,\<testa di minchia\>,11
15202,\<testadicazzo\>,11
15203,\<testadiminchia\>,11
15204,\<tett[ae]\>,11
15205,\<tetton[ae]\>,11
15206,\<trans\>,11
15208,\<travell[io]\>,11
15209,\<travon[ei]\>,11
15210,\<troi,11
15211,\<tromba,11
15212,\<vacca\>,11
15213,\<vacch,11
15214,\<vaffancul,11
15215,\<vagin,11
15216,\<viagra\>,11
15217,\<vibrator[ei]\>,11
15218,\<violentare\>,11
15219,\<zinn[ae]\>,11
15220,\<zoccol[ae]\>,11
15221,\<zoofil,11
15222,курва,8
22603,\bjulandr[oó]n\b,6
22604,з[ао]луп[аеуы]\b,8
22605,з[ао]лупой\b,8
22606,з[ао]лупк,8
22607,озалуп,8
22608,\bза+сса+[влнт],8
22609,\bв+[оы]+сса+[влнт],8
22610,\bпо+сса+[влнт],8
22611,\bпа+сса+[влн],8
22612,курв[аеоуы],8
22613,м[ао]л[ао]ф[еиь],8
22614,\bчурк,8
22615,кацап,8
22616,глиномес,8
22617,чуркобес,8
22618,х[ао]хл[оя],8
22619,х[ао]хл[аеу]/b,8
22620,х[ао]хол\b,8
22621,\bниггер,8
22622,\bнигр[аеоу],8
22623,\bжид\b,8
22624,\bжид[аеёоя],8
28722,niggardly,0
28745,\br\s?e\s?t\s?a\s?r\s?d(\s?s|\s?e\s?d)?\b,0
28746,\br\s?a\s?p\s?e\s?\b,0
28804,\b賤\b,5
28805,安非他命,5
28806,烂货,5
28807,騷貨,5
28808,魔兽币*,5
28809,草支摆,5
28810,婊子養的,5
28811,精虫,5
28812,游戏币,5
28813,干您,5
28814,币商*,5
28815,陰唇,5
28816,月經,5
28817,輪姦,5
28818,精童慾女,5
28819,魔兽币,5
28820,蓝叫,5
28821,\b干\b,5
28822,干妳,5
28823,汇款,5
28824,\b贱\b,5
28825,骚貨,5
28826,騷逼,5
28827,魔币,5
28828,吹簫,5
28829,卖币,5
28830,欠干,5
28831,\b吊\b,5
28832,日你媽,5
28833,买月卡,5
28834,亂倫,5
28835,愛滋,5
28836,打手枪,5
28837,外掛,5
28838,你媽,5
28839,阳萎,5
28840,賣淫,5
28841,陰部,5
28842,懶趴,5
28843,\b幹\b,5
28844,懒趴,5
28845,低价金币,5
28846,早泄,5
28847,他媽的,5
28848,购金,5
28849,性無能,5
28850,卖月卡,5
28851,狗娘養的,5
28852,现货,5
28853,懒叫,5
28854,幹您娘,5
28855,幹您,5
28932,\brape,0
