ID,Flags,ExpansionID,HPScalingCurveID,DMGScalingCurveID,MinLevelSquish,MaxLevelSquish,MinLevelScalingOffset,MaxLevelScalingOffset,AllowedMinOffset,AllowedMaxOffset,LfgMinLevel,LfgMaxLevel,ILevel,XpMultQuest
1,0,-3,0,0,1,0,0,2,0,0,0,0,0,1
2,0,0,0,0,5,30,0,0,0,0,0,0,0,1
3,0,0,0,0,5,30,0,0,0,0,0,0,0,1
4,0,1,0,0,1,30,0,0,0,0,0,0,0,1
5,0,0,0,0,5,30,0,0,0,0,0,0,0,1
6,0,0,0,0,5,30,0,0,0,0,0,0,0,1
7,0,0,0,0,5,30,0,0,0,0,0,0,0,1
8,0,1,0,0,1,30,0,0,0,0,0,0,0,1
9,0,0,0,0,5,30,0,0,0,0,0,0,0,1
10,0,0,0,0,7,30,0,0,0,0,0,0,0,1
11,0,0,0,0,7,30,0,0,0,0,0,0,0,1
12,0,0,0,0,7,30,0,0,0,0,0,0,0,1
13,0,0,0,0,10,30,0,0,0,0,0,0,0,1
14,0,0,0,0,10,30,0,0,0,0,0,0,0,1
15,0,0,0,0,10,30,0,0,0,0,0,0,0,1
16,0,0,0,0,10,30,0,0,0,0,0,0,0,1
17,0,0,0,0,10,30,0,0,0,0,0,0,0,1
18,0,0,0,0,10,30,0,0,0,0,0,0,0,1
19,0,0,0,0,10,30,0,0,0,0,0,0,0,1
20,0,0,0,0,10,30,0,0,0,0,0,0,0,1
21,0,0,0,0,15,30,0,0,0,0,0,0,0,1
22,0,0,0,0,15,30,0,0,0,0,0,0,0,1
23,0,0,0,0,15,30,0,0,0,0,0,0,0,1
24,0,0,0,0,10,30,0,0,0,0,0,0,0,1
25,0,0,0,0,15,30,0,0,0,0,0,0,0,1
26,0,0,0,0,15,30,0,0,0,0,0,0,0,1
27,0,0,0,0,15,30,0,0,0,0,0,0,0,1
28,0,0,0,0,15,30,0,0,0,0,0,0,0,1
29,0,0,0,0,15,30,0,0,0,0,0,0,0,1
30,0,0,0,0,15,30,0,0,0,0,0,0,0,1
31,0,0,0,0,15,30,0,0,0,0,0,0,0,1
32,0,0,0,0,15,30,0,0,0,0,0,0,0,1
33,0,0,0,0,15,30,0,0,0,0,0,0,0,1
34,0,0,0,0,15,30,0,0,0,0,0,0,0,1
35,0,0,0,0,15,30,0,0,0,0,0,0,0,1
36,0,0,0,0,15,30,0,0,0,0,0,0,0,1
37,0,1,0,0,10,30,0,0,0,0,0,0,0,1
38,0,1,0,0,10,30,0,0,0,0,0,0,0,1
39,0,1,0,0,15,30,0,0,0,0,0,0,0,1
40,0,1,0,0,15,30,0,0,0,0,0,0,0,1
41,0,1,0,0,20,30,0,0,0,0,0,0,0,1
42,0,1,0,0,25,30,0,0,0,0,0,0,0,1
43,0,1,0,0,25,30,0,0,0,0,0,0,0,1
44,0,2,0,0,10,30,0,0,0,0,0,0,0,1
45,0,2,0,0,10,30,0,0,0,0,0,0,0,1
46,0,2,0,0,15,30,0,0,0,0,0,0,0,1
47,0,2,0,0,15,30,0,0,0,0,0,0,0,1
48,0,2,0,0,20,30,0,0,0,0,0,0,0,1
49,0,2,0,0,20,30,0,0,0,0,0,0,0,1
50,0,2,0,0,25,30,0,0,0,0,0,0,0,1
51,0,2,0,0,25,30,0,0,0,0,0,0,0,1
52,0,3,0,0,30,35,0,0,0,0,0,0,0,1
53,0,3,0,0,30,35,0,0,0,0,0,0,0,1
54,0,3,0,0,30,35,0,0,0,0,0,0,0,1
55,0,3,0,0,30,35,0,0,0,0,0,0,0,1
56,0,3,0,0,30,35,0,0,0,0,0,0,0,1
57,0,4,0,0,10,35,0,0,0,0,0,0,0,1
58,0,4,0,0,15,35,0,0,0,0,0,0,0,1
59,0,4,0,0,15,35,0,0,0,0,0,0,0,1
60,0,4,0,0,20,35,0,0,0,0,0,0,0,1
61,0,4,0,0,25,35,0,0,0,0,0,0,0,1
62,0,4,0,0,30,35,0,0,0,0,0,0,0,1
63,0,5,0,0,10,40,0,0,0,255,0,0,0,1
64,0,5,0,0,10,40,0,0,0,255,0,0,0,1
65,0,5,0,0,15,40,0,0,0,255,0,0,0,1
66,0,5,0,0,20,40,0,0,0,255,0,0,0,1
67,0,5,0,0,30,40,0,0,0,0,0,0,0,1
68,0,5,0,0,35,40,0,0,0,255,0,0,0,1
69,6,0,0,0,1,0,0,0,0,0,0,0,0,1
70,0,0,0,0,1,30,0,0,0,0,0,0,0,1
71,0,0,0,0,1,30,0,0,0,0,0,0,0,1
72,0,0,0,0,1,30,0,0,0,0,0,0,0,1
73,0,0,0,0,1,30,0,0,0,0,0,0,0,1
74,0,0,0,0,1,30,0,0,0,0,0,0,0,1
75,0,0,0,0,1,30,0,0,0,0,0,0,0,1
76,0,1,0,0,1,30,0,0,0,0,0,0,0,1
77,0,1,0,0,1,30,0,0,0,0,0,0,0,1
78,0,3,0,0,1,20,0,0,0,0,0,0,0,1
79,0,3,0,0,1,20,0,0,0,0,0,0,0,1
80,0,4,0,0,1,20,0,0,0,0,0,0,0,1
81,0,-3,0,0,1,1,0,0,0,0,0,0,0,1
82,4,0,0,0,5,25,0,0,0,0,0,0,0,1
83,4,0,0,0,1,25,0,0,0,0,0,0,0,1
84,4,1,0,0,1,25,0,0,0,0,0,0,0,1
85,4,0,0,0,5,25,0,0,0,0,0,0,0,1
86,4,0,0,0,1,25,0,0,0,0,0,0,0,1
87,4,0,0,0,1,25,0,0,0,0,0,0,0,1
88,4,1,0,0,1,25,0,0,0,0,0,0,0,1
89,4,0,0,0,1,25,0,0,0,0,0,0,0,1
90,4,0,0,0,1,25,0,0,0,0,0,0,0,1
91,4,0,0,0,1,25,0,0,0,0,0,0,0,1
92,4,0,0,0,1,25,0,0,0,0,0,0,0,1
93,4,0,0,0,1,25,0,0,0,0,0,0,0,1
94,4,0,0,0,1,25,0,0,0,0,0,0,0,1
95,4,0,0,0,1,25,0,0,0,0,0,0,0,1
96,4,0,0,0,11,25,0,0,0,0,0,0,0,1
97,4,0,0,0,1,25,0,0,0,0,0,0,0,1
98,4,0,0,0,1,25,0,0,0,0,0,0,0,1
99,4,0,0,0,13,25,0,0,0,0,0,0,0,1
100,4,0,0,0,1,25,0,0,0,0,0,0,0,1
101,4,0,0,0,1,25,0,0,0,0,0,0,0,1
102,4,0,0,0,1,25,0,0,0,0,0,0,0,1
103,4,0,0,0,1,25,0,0,0,0,0,0,0,1
104,4,0,0,0,1,25,0,0,0,0,0,0,0,1
105,4,0,0,0,1,25,0,0,0,0,0,0,0,1
106,4,0,0,0,1,25,0,0,0,0,0,0,0,1
107,4,0,0,0,1,25,0,0,0,0,0,0,0,1
108,4,0,0,0,1,25,0,0,0,0,0,0,0,1
109,4,0,0,0,1,25,0,0,0,0,0,0,0,1
110,4,0,0,0,1,25,0,0,0,0,0,0,0,1
111,4,0,0,0,1,25,0,0,0,0,0,0,0,1
112,4,0,0,0,17,25,0,0,0,0,0,0,0,1
113,4,0,0,0,17,25,0,0,0,0,0,0,0,1
114,4,0,0,0,1,25,0,0,0,0,0,0,0,1
115,4,0,0,0,1,25,0,0,0,0,0,0,0,1
116,4,0,0,0,17,25,0,0,0,0,0,0,0,1
117,4,1,0,0,24,30,0,0,0,0,0,0,0,1
118,4,1,0,0,25,30,0,0,0,0,0,0,0,1
119,4,1,0,0,25,30,0,0,0,0,0,0,0,1
120,4,1,0,0,26,30,0,0,0,0,0,0,0,1
121,4,1,0,0,26,30,0,0,0,0,0,0,0,1
124,0,2,0,0,15,30,0,0,0,0,0,0,0,1
125,4,2,0,0,24,30,0,0,0,0,0,0,0,1
126,4,2,0,0,25,30,0,0,0,0,0,0,0,1
127,4,2,0,0,25,30,0,0,0,0,0,0,0,1
128,4,2,0,0,26,30,0,0,0,0,0,0,0,1
129,4,2,0,0,26,30,0,0,0,0,0,0,0,1
130,4,2,0,0,26,30,0,0,0,0,0,0,0,1
131,4,2,0,0,26,30,0,0,0,0,0,0,0,1
132,4,3,0,0,30,35,0,0,0,0,0,0,0,1
133,4,3,0,0,30,35,0,0,0,0,0,0,0,1
134,4,3,0,0,30,35,0,0,0,0,0,0,0,1
135,4,3,0,0,30,35,0,0,0,0,0,0,0,1
136,4,3,0,0,32,35,0,0,0,0,0,0,0,1
137,4,4,0,0,30,35,0,0,0,0,0,0,0,1
138,4,4,0,0,30,35,0,0,0,0,0,0,0,1
139,4,4,0,0,30,35,0,0,0,0,0,0,0,1
140,4,4,0,0,31,35,0,0,0,0,0,0,0,1
141,4,4,0,0,31,35,0,0,0,0,0,0,0,1
142,4,4,0,0,32,35,0,0,0,0,0,0,0,1
143,4,5,0,0,35,40,0,0,0,0,0,0,0,1
144,4,5,0,0,35,40,0,0,0,0,0,0,0,1
145,4,5,0,0,36,40,0,0,0,0,0,0,0,1
146,4,5,0,0,37,40,0,0,0,0,0,0,0,1
147,4,5,0,0,38,40,0,0,0,0,0,0,0,1
148,4,5,0,0,39,40,0,0,0,0,0,0,0,1
149,4,0,0,0,0,0,0,0,0,0,0,0,0,1
151,4,0,0,0,1,10,0,0,0,0,0,0,0,1
152,4,0,0,0,1,10,0,0,0,0,0,0,0,1
154,4,0,0,0,1,10,0,0,0,0,0,0,0,1
155,4,0,0,0,1,25,0,0,0,0,0,0,0,1
156,4,1,0,0,1,10,0,0,0,0,0,0,0,1
157,4,1,0,0,1,25,0,0,0,0,0,0,0,1
159,0,3,0,0,1,20,0,0,0,0,0,0,0,1
160,4,0,0,0,1,10,0,0,0,0,0,0,0,1
161,0,1,0,0,25,30,0,0,0,0,0,0,0,1
162,4,1,0,0,30,30,0,0,0,0,0,0,0,1
163,0,2,0,0,25,30,0,0,0,0,0,0,0,1
164,4,2,0,0,26,30,0,0,0,0,0,0,0,1
165,0,3,0,0,32,35,0,0,0,0,0,0,0,1
166,4,3,0,0,30,35,0,0,0,0,0,0,0,1
167,0,4,0,0,32,35,0,0,0,255,0,0,0,1
168,0,4,0,0,35,35,0,0,0,0,0,0,0,1
169,0,4,0,0,30,35,0,0,0,0,0,0,0,1
170,4,4,0,0,35,35,0,0,0,0,0,0,0,1
171,4,4,0,0,32,35,0,0,0,0,0,0,0,1
172,0,4,0,0,10,35,0,0,0,0,0,0,0,1
173,0,4,0,0,30,35,0,0,0,0,0,0,0,1
174,4,4,0,0,32,35,0,0,0,0,0,0,0,1
175,0,7,0,0,1,50,0,0,0,0,0,0,0,1
176,0,5,0,0,40,40,0,0,0,0,0,0,0,1
177,4,5,0,0,40,40,0,0,0,0,0,0,0,1
178,0,5,0,0,10,40,0,0,0,0,0,0,0,1
179,4,5,0,0,35,35,0,0,0,0,0,0,0,1
180,0,0,0,0,0,0,0,0,0,0,0,0,0,1
181,0,-3,0,0,1,0,0,2,0,0,0,0,0,1
182,0,-3,0,0,1,0,0,2,0,0,0,0,0,1
183,0,-3,0,0,1,0,0,2,0,0,0,0,0,1
184,0,-3,0,0,1,0,0,2,0,0,0,0,0,1
185,0,-3,0,0,1,0,0,2,0,0,0,0,0,1
186,0,7,8426,0,10,60,0,0,0,0,0,0,0,1
187,0,7,8426,0,20,60,0,0,0,255,0,0,0,1
188,0,7,8426,0,30,60,0,0,0,0,0,0,0,1
189,0,7,8426,0,10,60,0,0,0,255,0,0,0,1
190,0,7,8426,0,20,60,0,0,0,0,0,0,0,1
191,0,7,8426,0,30,60,0,0,0,0,0,0,0,1
192,0,3,0,0,35,35,0,0,0,0,0,0,0,1
193,0,0,0,0,8,30,0,0,0,0,10,30,0,1
194,0,0,0,0,1,0,0,2,0,0,0,0,0,1
195,0,0,0,0,1,0,0,2,0,0,0,0,0,1
196,0,2,0,0,10,30,0,0,0,0,0,0,0,1
197,0,0,0,0,1,0,0,2,0,0,0,0,0,1
198,0,0,0,0,1,0,0,2,0,0,0,0,0,1
199,0,0,0,0,1,0,0,2,0,0,0,0,0,1
200,0,0,0,0,10,30,0,0,0,0,0,0,0,1
201,0,0,0,0,20,30,0,0,0,0,21,30,0,1
202,0,0,0,0,7,30,0,0,0,0,10,30,0,1
203,0,0,0,0,15,30,0,0,0,0,16,30,0,1
204,0,0,0,0,10,30,0,0,0,0,0,0,0,1
205,0,0,0,0,20,30,0,0,0,0,21,30,0,1
206,0,0,0,0,10,30,0,0,0,0,0,0,0,1
207,0,0,0,0,7,30,0,0,0,0,10,30,0,1
208,0,0,0,0,10,30,0,0,0,0,0,0,0,1
209,0,0,0,0,15,30,0,0,0,0,16,30,0,1
210,0,0,0,0,10,30,0,0,0,0,0,0,0,1
211,0,0,0,0,10,30,0,0,0,0,0,0,0,1
212,0,0,0,0,15,30,0,0,0,0,16,30,0,1
213,0,0,0,0,8,30,0,0,0,0,10,30,0,1
214,0,0,0,0,15,30,0,0,0,0,16,30,0,1
215,0,0,0,0,10,30,0,0,0,0,0,0,0,1
216,0,0,0,0,20,30,0,0,0,0,21,30,0,1
217,0,0,0,0,15,30,0,0,0,0,16,30,0,1
218,0,0,0,0,15,30,0,0,0,0,16,30,0,1
219,0,1,0,0,15,30,0,0,0,0,16,30,0,1
220,0,1,0,0,10,30,0,0,0,0,0,0,0,1
221,0,1,0,0,25,30,0,0,0,0,26,30,0,1
222,0,1,0,0,15,30,0,0,0,0,16,30,0,1
223,0,1,0,0,15,30,0,0,0,0,16,30,0,1
224,0,1,0,0,15,30,0,0,0,0,16,30,0,1
225,0,1,0,0,20,30,0,0,0,0,21,30,0,1
226,0,1,0,0,25,30,0,0,0,0,26,30,0,1
227,0,1,0,0,25,30,0,0,0,0,26,30,0,1
228,0,1,0,0,10,30,0,0,0,0,0,0,0,1
229,0,1,0,0,20,30,0,0,0,0,21,30,0,1
230,0,1,0,0,20,30,0,0,0,0,21,30,0,1
231,0,1,0,0,20,30,0,0,0,0,21,30,0,1
232,0,1,0,0,10,30,0,0,0,0,0,0,0,1
233,0,1,0,0,20,30,0,0,0,0,21,30,0,1
234,0,1,0,0,10,30,0,0,0,0,0,0,0,1
235,0,2,0,0,15,30,0,0,0,0,16,30,0,1
236,0,2,0,0,15,30,0,0,0,0,16,30,0,1
237,0,2,0,0,15,30,0,0,0,0,16,30,0,1
238,0,2,0,0,20,30,0,0,0,0,21,30,0,1
239,0,2,0,0,20,30,0,0,0,0,21,30,0,1
240,0,2,0,0,25,30,0,0,0,0,26,30,0,1
241,0,2,0,0,20,30,0,0,0,0,21,30,0,1
242,0,2,0,0,25,30,0,0,0,0,26,30,0,1
243,0,2,0,0,25,30,0,0,0,0,26,30,0,1
244,0,2,0,0,25,30,0,0,0,0,26,30,0,1
245,0,2,0,0,10,30,0,0,0,0,0,0,0,1
246,0,2,0,0,20,30,0,0,0,0,21,30,0,1
247,0,2,0,0,15,30,0,0,0,0,16,30,0,1
248,0,2,0,0,25,30,0,0,0,0,26,30,0,1
249,0,2,0,0,10,30,0,0,0,0,0,0,0,1
250,0,2,0,0,20,30,0,0,0,0,21,30,0,1
251,0,3,0,0,30,35,0,0,0,0,31,35,0,1
252,0,3,0,0,35,35,0,0,0,0,36,36,0,1
253,0,3,0,0,30,35,0,0,0,0,31,35,0,1
254,0,3,0,0,30,35,0,0,0,0,31,35,0,1
255,0,3,0,0,35,35,0,0,0,0,36,36,0,1
256,0,3,0,0,30,35,0,0,0,0,31,35,0,1
257,0,3,0,0,30,35,0,0,0,0,31,35,0,1
258,0,3,0,0,30,35,0,0,0,0,31,35,0,1
259,0,3,0,0,30,35,0,0,0,0,31,35,0,1
260,0,3,0,0,35,35,0,0,0,0,36,36,0,1
261,0,3,0,0,35,35,0,0,0,0,36,36,0,1
262,0,3,0,0,35,35,0,0,0,0,36,36,0,1
263,0,4,0,0,25,35,0,0,0,0,26,35,0,1
264,0,4,0,0,20,35,0,0,0,0,21,35,0,1
265,0,4,0,0,20,35,0,0,0,0,21,35,0,1
266,0,4,0,0,25,35,0,0,0,0,26,35,0,1
267,0,4,0,0,15,35,0,0,0,0,16,35,0,1
268,0,4,0,0,10,35,0,0,0,0,0,0,0,1
269,0,5,0,0,20,40,0,0,0,0,21,40,0,1
270,0,5,0,0,10,40,0,0,0,0,0,0,0,1
271,0,5,0,0,35,40,0,0,0,0,36,40,0,1
272,0,5,0,0,15,40,0,0,0,0,16,40,0,1
273,0,5,0,0,10,40,0,0,0,0,0,0,0,1
274,0,5,0,0,30,40,0,0,0,0,31,40,0,1
275,0,5,0,0,35,40,0,0,0,0,36,40,0,1
276,0,5,0,0,35,40,0,0,0,0,36,40,0,1
278,0,0,0,0,15,30,0,0,0,0,16,30,0,1
279,0,0,0,0,15,30,0,0,0,0,16,30,0,1
280,0,0,0,0,10,30,0,0,0,0,0,0,0,1
281,0,0,0,0,10,30,0,0,0,0,0,0,0,1
282,0,0,0,0,20,30,0,0,0,0,21,30,0,1
283,0,7,0,0,0,0,0,0,0,0,0,0,0,1
284,4,7,0,0,0,0,0,0,0,0,0,0,0,1
285,0,7,0,0,0,0,0,0,0,0,0,0,0,1
286,0,7,0,0,0,0,0,0,0,0,0,0,0,1
288,0,7,0,0,10,10,0,0,0,0,0,0,0,1
289,32,7,0,0,10,60,0,0,0,255,0,0,0,1
290,32,7,0,0,50,50,0,0,0,255,0,0,0,1
292,0,7,0,0,10,60,0,0,0,0,0,0,0,1
293,0,6,0,0,40,0,0,2,0,255,0,0,0,1
294,0,-3,0,0,10,0,0,2,0,0,0,0,0,1
295,0,-3,0,0,1,0,0,2,0,0,0,0,0,1
296,0,-3,0,0,30,0,0,2,0,0,0,0,0,1
297,0,-3,0,0,1,0,0,2,0,0,0,0,0,1
298,0,-3,0,0,10,0,0,2,0,255,0,0,0,1
300,0,-3,0,0,1,0,0,2,0,0,0,0,0,1
301,0,5,0,0,10,40,0,0,0,0,0,0,0,1
302,0,5,0,0,10,40,0,0,0,255,0,0,0,1
303,0,3,0,0,35,35,0,0,0,0,0,0,0,1
304,0,4,0,0,35,35,0,0,0,0,0,0,0,1
305,0,5,0,0,40,40,0,0,0,0,0,0,0,1
306,0,5,0,0,10,40,0,0,0,0,0,0,0,1
307,0,4,0,0,10,35,0,0,0,0,0,0,0,1
308,0,3,0,0,30,35,0,0,0,0,0,0,0,1
309,0,1,0,0,10,30,0,0,0,0,0,0,0,1
310,0,2,0,0,10,30,0,0,0,0,0,0,0,1
311,0,0,0,0,1,30,0,0,0,0,0,0,0,1
313,0,0,0,0,0,0,0,0,0,0,0,0,0,1
314,0,0,0,0,0,0,0,0,0,0,0,0,0,1
315,0,3,0,0,30,35,0,0,0,0,0,0,0,1
316,0,1,0,0,25,30,0,0,0,0,0,0,0,1
317,0,5,0,0,40,45,0,0,0,0,0,0,0,1
318,0,0,0,0,0,0,0,0,0,0,0,0,0,1
319,0,0,0,0,0,0,0,0,0,0,0,0,0,1
320,0,0,0,0,0,0,0,0,0,0,0,0,0,1
321,0,1,0,0,25,30,0,0,0,0,0,0,0,1
322,0,3,0,0,30,35,0,0,0,0,0,0,0,1
323,0,5,0,0,37,40,0,0,0,0,0,0,0,1
324,0,-3,0,0,10,0,0,2,0,0,0,0,0,1
325,0,7,0,0,0,0,0,0,0,0,0,0,0,1
326,0,3,0,0,35,35,0,0,0,0,0,0,0,1
327,0,5,0,0,35,40,0,2,0,0,0,0,0,1
328,0,-3,0,0,1,0,0,2,0,0,0,0,0,1
330,0,-3,0,0,1,0,0,2,0,0,0,0,0,1
331,32,6,0,0,10,45,0,0,0,255,0,0,0,1
332,32,6,0,0,10,45,0,0,0,255,0,0,0,1
333,32,6,0,0,10,45,0,0,0,255,0,0,0,1
334,32,6,0,0,10,45,0,0,0,255,0,0,0,1
335,32,6,0,0,45,45,0,0,0,255,0,0,0,1
336,32,6,0,0,45,45,0,0,0,255,0,0,0,1
337,32,6,0,0,45,45,0,0,0,255,0,0,0,1
338,0,-3,0,0,1,0,0,2,0,0,0,0,0,1
339,32,6,0,0,10,45,0,0,0,255,0,0,0,1
340,0,6,0,0,10,45,0,0,0,0,0,0,0,1
341,0,6,0,0,10,45,0,0,0,0,0,0,0,1
342,0,6,0,0,40,45,0,0,0,0,0,0,0,1
343,32,6,0,0,45,45,0,0,0,0,0,0,0,1
344,0,6,0,0,45,45,0,0,0,255,0,0,0,1
345,0,6,0,0,10,45,0,0,0,255,0,0,0,1
346,32,6,0,0,10,45,0,0,0,0,0,0,0,1
347,32,6,0,0,45,45,0,0,0,255,0,0,0,1
348,0,6,0,0,10,45,0,0,0,255,0,0,0,1
349,0,6,0,0,40,45,0,0,0,0,0,0,0,1
350,0,6,0,0,40,45,0,0,0,0,0,0,0,1
351,0,6,0,0,40,45,0,0,0,0,0,0,0,1
352,0,6,0,0,43,45,0,0,0,0,0,0,0,1
353,0,6,0,0,44,45,0,0,0,0,0,0,0,1
354,0,6,0,0,45,45,0,0,0,0,0,0,0,1
355,0,6,0,0,45,45,0,0,0,0,0,0,0,1
356,0,6,0,0,10,45,0,0,0,255,0,0,0,1
357,0,6,0,0,10,45,0,0,0,0,0,0,0,1
358,0,5,0,0,15,40,0,0,0,0,0,0,0,1
359,0,5,0,0,35,40,0,0,0,0,0,0,0,1
360,0,5,0,0,40,40,0,0,0,0,0,0,0,1
361,0,-3,0,0,10,0,0,2,0,0,0,0,0,1
362,0,-3,0,0,30,0,0,2,0,0,0,0,0,1
363,0,-3,0,0,10,0,0,2,0,0,0,0,0,1
364,0,-3,0,0,10,0,0,2,0,0,0,0,0,1
365,0,-3,0,0,10,0,0,2,0,0,0,0,0,1
366,0,-3,0,0,15,0,0,2,0,0,0,0,0,1
367,0,-3,0,0,20,0,0,2,0,0,0,0,0,1
368,0,-3,0,0,25,0,0,2,0,0,0,0,0,1
369,0,-3,0,0,30,0,0,2,0,0,0,0,0,1
370,0,-3,0,0,35,0,0,2,0,0,0,0,0,1
371,0,-3,0,0,1,1,0,0,0,255,0,0,0,1
372,2,0,0,0,1,0,0,0,0,0,0,0,0,1
373,0,-3,0,0,1,0,0,2,0,255,0,0,0,1
374,0,-3,0,0,1,0,0,2,0,0,0,0,0,1
375,0,-3,0,0,10,0,0,2,0,0,0,0,0,1
376,0,0,0,0,25,0,0,2,0,0,0,0,0,1
377,0,3,0,0,30,35,0,0,0,0,0,0,0,1
378,0,-3,0,0,1,0,0,2,0,0,0,0,0,1
379,0,-3,0,0,1,0,0,2,0,0,0,0,0,1
380,0,-3,0,0,1,0,0,2,0,0,0,0,0,1
381,0,-3,0,0,1,0,0,2,0,0,0,0,0,1
382,0,-3,0,0,1,0,0,2,0,0,0,0,0,1
383,0,-3,0,0,1,0,0,2,0,0,0,0,0,1
384,0,-3,0,0,1,0,0,2,0,0,0,0,0,1
385,0,-3,0,0,20,0,0,2,0,0,0,0,0,1
386,0,-3,0,0,20,0,0,2,0,0,0,0,0,1
387,0,-3,0,0,25,0,0,2,0,0,0,0,0,1
388,0,-3,0,0,30,0,0,2,0,0,0,0,0,1
389,0,-3,0,0,1,0,0,2,0,0,0,0,0,1
390,0,-3,0,0,1,0,0,2,0,0,0,0,0,1
391,0,-3,0,0,1,0,0,2,0,0,0,0,0,1
392,0,0,0,0,1,0,0,2,0,0,0,0,0,1
393,2,0,0,0,1,0,0,0,0,0,0,0,0,1
394,0,-3,0,0,1,0,0,2,0,0,0,0,0,1
395,0,-3,0,0,1,0,0,2,0,0,0,0,0,1
396,0,-3,0,0,1,0,0,2,0,0,0,0,0,1
397,0,-3,0,0,1,0,0,2,0,0,0,0,0,1
398,0,-3,0,0,1,0,0,2,0,0,0,0,0,1
399,0,-3,0,0,20,0,0,2,0,0,0,0,0,1
400,0,-3,0,0,21,0,0,2,0,0,0,0,0,1
401,0,-3,0,0,1,0,0,2,0,0,0,0,0,1
402,0,-3,0,0,1,0,0,2,0,0,0,0,0,1
403,0,-3,0,0,1,0,0,2,0,0,0,0,0,1
404,0,-3,0,0,1,0,0,2,0,0,0,0,0,1
405,0,-3,0,0,13,0,0,2,0,0,0,0,0,1
406,0,-3,0,0,1,0,0,2,0,0,0,0,0,1
407,0,-3,0,0,1,0,0,2,0,0,0,0,0,1
408,0,-3,0,0,10,0,0,2,0,0,0,0,0,1
409,0,-3,0,0,20,0,0,2,0,0,0,0,0,1
410,0,6,0,0,10,45,0,0,0,0,0,0,0,1
411,0,0,0,0,30,0,0,2,0,0,0,0,0,1
412,0,-3,0,0,20,0,0,2,0,0,0,0,0,1
413,0,5,0,0,20,40,0,0,0,0,0,0,0,1
414,0,-3,0,0,1,0,0,2,0,0,0,0,0,1
415,0,5,0,0,30,40,0,0,0,0,0,0,0,1
416,0,3,0,0,30,35,0,0,0,0,0,0,0,1
417,0,-3,0,0,1,0,0,2,0,0,0,0,0,1
418,0,-3,0,0,1,0,0,2,0,0,0,0,0,1
419,0,-3,0,0,1,0,0,2,0,0,0,0,0,1
420,0,-3,0,0,10,0,0,2,0,0,0,0,0,1
421,0,0,0,0,1,0,0,2,0,0,0,0,0,1
422,0,0,0,0,13,0,0,2,0,0,0,0,0,1
423,0,0,0,0,1,0,0,2,0,0,0,0,0,1
424,0,-3,0,0,30,0,0,2,0,0,0,0,0,1
425,0,-3,63296,63295,10,0,0,2,0,0,0,0,0,1
426,0,-3,0,0,1,0,0,2,0,0,0,0,0,1
427,0,-3,0,0,25,0,0,2,0,0,0,0,0,1
428,0,-3,0,0,20,0,0,2,0,0,0,0,0,1
429,0,-3,0,0,40,0,0,2,0,0,0,0,0,1
430,0,5,0,0,40,40,0,0,0,0,0,0,0,1
431,32,6,0,0,10,45,0,0,0,0,0,0,0,1
432,0,5,0,0,38,40,0,0,0,0,0,0,0,1
433,0,-3,0,0,1,0,0,2,0,0,0,0,0,1
434,0,-3,0,0,40,0,0,2,0,0,0,0,0,1
435,0,-3,0,0,40,0,0,2,0,0,0,0,0,1
436,0,6,0,0,5,45,0,0,0,0,0,0,0,1
437,0,-3,0,0,1,0,0,2,0,0,0,0,0,1
438,0,-3,0,0,1,0,0,2,0,0,0,0,0,1
439,33,1,0,0,30,0,0,2,0,0,0,0,0,1
440,33,2,0,0,30,0,0,2,0,255,0,0,0,1
441,32,-3,0,0,35,35,0,0,0,0,0,0,0,1
442,0,-3,0,0,35,35,0,0,0,0,0,0,0,1
443,0,-3,0,0,10,0,0,2,0,0,0,0,0,1
444,0,-3,0,0,1,0,0,2,0,0,0,0,0,1
445,0,-3,0,0,13,0,0,2,0,0,0,0,0,1
446,32,6,0,0,10,45,0,0,0,0,0,0,0,1
450,0,0,0,0,0,0,0,0,0,0,0,0,0,1
463,0,7,0,0,0,0,0,0,0,0,0,0,0,1
464,0,7,0,0,50,50,0,0,0,0,0,0,0,1
465,32,-3,0,0,0,0,2,2,0,0,0,0,0,1
466,0,7,0,0,0,0,0,0,0,0,0,0,0,1
467,0,7,0,0,35,60,0,0,0,0,0,0,0,1
468,0,7,0,0,0,0,0,0,0,0,0,0,0,1
469,0,-3,0,0,1,0,0,2,0,0,0,0,0,1
470,0,0,0,0,0,0,0,0,0,0,0,0,0,1
471,0,0,0,0,0,0,0,0,0,0,0,0,0,1
472,0,0,0,0,0,0,0,0,0,0,0,0,0,1
473,0,0,0,0,0,0,0,0,0,0,0,0,0,1
474,0,0,0,0,0,0,0,0,0,0,0,0,0,1
475,2,0,0,0,0,0,0,0,0,0,0,0,0,1
476,32,6,0,0,45,45,0,0,0,0,0,0,0,1
477,32,6,0,0,45,45,0,0,0,0,0,0,0,1
478,0,0,0,0,0,0,0,0,0,0,0,0,0,1
479,128,-3,0,0,1,0,0,2,0,0,0,0,0,1
480,32,6,0,0,10,45,0,0,0,0,0,0,0,1
481,0,0,0,0,1,0,0,2,0,0,0,0,0,1
482,0,-3,0,0,1,0,0,2,0,0,0,0,0,1
483,0,-3,0,0,0,0,2,2,0,0,0,0,0,1
484,32,6,0,0,10,45,0,0,0,0,0,0,0,1
485,32,6,0,0,10,45,0,0,0,0,0,0,0,1
486,32,6,0,0,10,45,0,0,0,0,0,0,0,1
487,0,0,0,0,45,45,0,0,0,0,0,0,0,1
488,32,6,0,0,10,45,0,0,0,0,0,0,0,1
490,0,7,0,0,0,0,0,0,0,0,0,0,0,1
492,0,7,0,0,50,50,0,0,0,0,0,0,0,1
493,0,7,0,0,0,0,0,0,0,0,0,0,0,1
494,32,7,0,0,10,60,0,0,0,0,0,0,0,1
496,0,7,0,0,0,0,0,0,0,0,0,0,0,1
497,0,7,0,0,0,0,0,0,0,0,0,0,0,1
498,32,6,0,0,45,45,0,0,0,0,0,0,0,1
499,32,6,0,0,45,45,0,0,0,0,0,0,0,1
500,32,7,0,0,10,60,0,0,0,0,10,60,0,1
501,32,7,0,0,50,50,0,0,0,0,0,0,0,1
502,32,7,0,0,50,50,0,0,0,0,0,0,0,1
503,32,7,0,0,50,50,0,0,0,0,0,0,0,1
504,32,7,0,0,50,50,0,0,0,0,0,0,0,1
505,32,7,0,0,50,50,0,0,0,0,0,0,0,1
506,32,7,0,0,50,50,0,0,0,255,0,0,0,1
507,0,7,0,0,0,0,0,0,0,0,0,0,0,1
517,32,7,0,0,40,0,0,2,0,255,0,0,0,1
617,32,6,0,0,45,45,0,0,0,255,0,0,0,1
618,32,6,0,0,45,45,0,0,0,255,0,0,0,1
619,32,6,0,0,45,45,0,0,0,0,0,0,0,1
620,32,6,0,0,45,45,0,0,0,0,0,0,0,1
621,32,6,0,0,45,45,0,0,0,0,0,0,0,1
622,32,6,0,0,45,45,0,0,0,0,0,0,0,1
623,0,-3,0,0,0,0,2,2,0,0,0,0,0,1
624,32,6,0,0,45,45,0,0,0,0,0,0,0,1
625,32,6,0,0,45,45,0,0,0,0,0,0,0,1
626,32,6,0,0,45,45,0,0,0,0,0,0,0,1
627,32,6,0,0,45,45,0,0,0,255,0,0,0,1
628,32,6,0,0,45,45,0,0,0,0,0,0,0,1
629,32,6,0,0,45,45,0,0,0,0,0,0,0,1
630,4,6,0,0,40,45,0,0,0,0,0,0,0,1
631,0,6,0,0,30,30,0,0,0,255,0,0,0,1
632,0,-3,0,0,60,70,0,0,0,255,0,0,0,1
633,0,6,0,0,10,45,0,0,0,0,0,0,0,1
634,32,6,0,0,45,45,0,0,0,0,0,0,0,1
635,32,6,0,0,45,45,0,0,0,0,0,0,0,1
636,32,6,0,0,45,45,0,0,0,255,0,0,0,1
637,32,6,0,0,45,45,0,0,0,0,0,0,0,1
638,32,6,0,0,45,45,0,0,0,255,0,0,0,1
639,32,6,0,0,45,45,0,0,0,0,0,0,0,1
640,32,6,0,0,45,45,0,0,0,0,0,0,0,1
641,32,6,0,0,45,45,0,0,0,255,0,0,0,1
642,0,6,0,0,10,45,0,0,0,255,0,0,0,1
644,32,7,0,0,50,50,0,0,0,255,0,0,0,1
645,32,7,0,0,50,50,0,0,0,255,0,0,0,1
646,0,7,0,0,10,50,0,0,0,0,0,0,0,1
650,32,6,0,0,10,45,0,0,0,0,0,0,0,1
651,0,-3,0,0,1,1,0,0,0,0,0,0,0,1
652,0,0,0,0,0,0,0,0,0,0,0,0,0,1
653,0,0,0,0,1,30,0,0,0,0,0,0,0,1
654,4,2,0,0,25,30,0,0,0,0,0,0,0,1
655,4,1,0,0,25,30,0,0,0,0,0,0,0,1
656,0,3,0,0,30,35,0,0,0,0,0,0,0,1
657,0,4,0,0,10,35,0,0,0,0,0,0,0,1
658,4,5,0,0,35,40,0,0,0,0,0,0,0,1
659,4,6,0,0,40,45,0,0,0,0,0,0,0,1
662,0,2,0,0,30,30,0,0,0,0,0,0,0,1
663,0,-3,8863,8863,20,0,0,2,0,0,0,0,0,1
664,0,0,0,0,30,30,0,0,0,0,0,0,0,1
666,0,0,0,0,30,30,0,0,0,0,0,0,0,1
667,0,3,0,0,35,35,0,0,0,0,0,0,0,1
668,0,4,0,0,35,35,0,0,0,0,0,0,0,1
669,0,5,0,0,40,40,0,0,0,0,0,0,0,1
670,32,7,8460,8429,50,50,0,0,0,255,0,0,0,1
671,0,-3,0,0,1,0,0,2,0,0,0,0,0,1
672,32,6,0,0,45,45,0,0,0,0,0,0,0,1
673,0,-3,0,0,1,0,0,2,0,0,0,0,0,1
674,32,7,0,0,10,0,0,2,0,255,0,0,0,1
676,0,1,0,0,10,30,0,0,0,0,0,0,0,1
677,0,2,0,0,10,30,0,0,0,0,0,0,0,1
678,0,2,0,0,0,0,0,0,0,0,0,0,0,1
679,0,3,0,0,30,35,0,0,0,0,0,0,0,1
680,0,4,0,0,10,35,0,0,0,0,0,0,0,1
681,0,5,0,0,10,40,0,0,0,0,0,0,0,1
682,0,6,0,0,10,45,0,0,0,0,0,0,0,1
683,0,0,0,0,1,30,0,0,0,0,0,0,0,1
684,32,-3,0,0,1,0,0,2,0,0,0,0,0,1
686,32,7,0,0,50,50,0,0,0,0,0,0,0,1
687,32,7,0,0,50,50,0,0,0,0,0,0,0,1
688,32,7,0,0,50,50,0,0,0,0,0,0,0,1
689,32,7,0,0,50,50,0,0,0,255,0,0,0,1
690,32,7,11753,0,50,50,0,0,0,255,0,0,0,1
691,0,7,0,0,50,50,0,0,0,255,0,0,0,1
693,32,7,0,0,50,50,0,0,0,255,0,0,0,1
694,0,6,0,0,0,0,0,0,0,0,0,0,0,1
695,32,7,0,0,50,50,0,0,0,255,0,0,0,1
696,32,7,0,0,50,50,0,0,0,0,0,0,0,1
697,32,7,0,0,50,50,0,0,0,0,0,0,0,1
698,32,7,0,0,50,50,0,0,0,0,0,0,0,1
699,32,6,0,0,8,45,0,0,0,0,0,0,0,1
700,0,6,0,0,40,0,0,2,0,0,0,0,0,1
701,0,7,0,0,50,0,0,2,0,0,0,0,0,1
702,0,7,0,0,0,0,0,0,0,0,0,0,0,1
703,0,7,15098,0,50,50,0,0,0,255,0,0,0,1
704,32,7,0,0,50,50,0,0,0,0,0,0,0,1
705,0,7,0,0,10,60,0,0,0,0,0,0,0,1
706,0,7,8426,0,10,60,0,0,0,0,0,0,0,1
707,0,4,0,0,30,45,0,0,0,0,0,0,0,1
708,0,7,0,0,50,50,0,0,0,255,0,0,0,1
709,32,8,0,0,50,60,0,0,-2,255,0,0,0,1
710,32,7,0,0,50,50,0,0,0,0,0,0,0,1
711,0,4,0,0,35,35,0,0,0,0,0,0,0,1
712,0,7,0,0,0,0,0,0,0,0,0,0,0,1
713,32,7,11753,0,10,60,0,0,0,0,0,0,0,1
714,0,0,0,0,50,50,0,0,0,0,0,0,0,1
715,32,-3,0,0,0,0,2,2,0,0,0,0,0,1
717,32,-3,0,0,10,10,0,0,0,0,0,0,0,1
718,32,-3,0,0,0,0,2,2,0,0,0,0,0,1
719,32,7,0,0,50,50,0,0,0,0,0,0,0,1
720,32,7,0,0,50,50,0,0,0,0,0,0,0,1
721,32,7,0,0,50,50,0,0,0,0,0,0,0,1
722,32,7,0,0,50,50,0,0,0,255,0,0,0,1
723,32,-3,0,0,0,0,2,2,0,0,0,0,0,1
724,32,-3,0,0,0,0,2,2,0,0,0,0,0,1
725,32,-3,0,0,0,0,2,2,0,0,0,0,0,1
726,32,-3,0,0,0,0,2,2,0,0,0,0,0,1
727,32,-3,0,0,0,0,2,2,0,0,0,0,0,1
728,32,-3,0,0,0,0,2,2,0,0,0,0,0,1
729,32,-3,0,0,0,0,2,2,0,0,0,0,0,1
730,0,-3,0,0,1,0,0,2,0,255,0,0,0,1
731,0,-3,0,0,30,35,0,0,0,0,0,0,0,1
733,0,7,0,0,50,50,0,0,0,0,0,0,0,1
736,32,7,0,0,50,50,0,0,0,255,0,0,0,1
737,32,7,0,0,50,50,0,0,0,255,0,0,0,1
738,32,-3,0,0,40,40,0,0,0,0,0,0,0,1
739,2,2,0,0,25,0,0,0,0,0,0,0,0,1
740,0,7,11753,0,50,50,0,0,0,255,0,0,0,1
741,0,0,0,0,1,10,0,0,0,0,0,0,0,1
742,0,8,0,0,60,60,0,0,0,0,0,0,0,1
743,0,8,0,0,10,53,0,0,-2,0,0,0,0,1
744,0,8,0,0,10,58,0,0,-2,0,0,0,0,1
745,0,8,0,0,10,55,0,0,-2,0,0,0,0,1
746,0,8,0,0,10,60,0,0,-2,0,0,0,0,1
747,64,8,0,0,50,60,0,0,0,0,50,60,0,1
748,0,8,0,0,60,60,0,0,0,0,0,0,0,1
749,0,8,0,0,60,60,0,0,0,0,0,0,0,1
750,0,8,0,0,60,60,0,0,0,255,0,0,0,1
751,0,8,0,0,60,60,0,0,0,0,0,0,0,1
752,0,8,0,0,60,60,0,0,0,0,0,0,0,1
753,0,8,0,0,60,60,0,0,0,0,0,0,0,1
754,0,8,0,0,50,60,0,0,-2,0,0,0,0,1
755,0,-3,8863,8863,40,0,0,2,0,0,0,0,0,1
756,0,7,8426,0,0,0,0,0,0,0,0,0,0,1
757,0,7,8426,0,0,0,0,0,0,0,0,0,0,1
758,32,8,0,0,50,60,0,0,0,0,0,0,0,1
759,32,8,0,0,50,60,0,0,0,0,0,0,0,1
760,32,8,0,0,50,60,0,0,0,0,0,0,0,1
761,0,6,0,0,1,60,0,0,0,0,0,0,0,1
762,0,5,0,0,40,0,0,2,0,0,0,0,0,1
765,0,0,0,0,0,0,0,0,0,0,0,0,0,1
766,0,6,0,0,1,60,0,0,0,0,0,0,0,1
767,0,6,0,0,1,60,0,0,0,0,0,0,0,1
771,0,7,0,0,50,50,0,0,0,0,0,0,0,1
772,0,-3,8863,8863,40,0,0,2,0,0,0,0,0,1
773,32,6,0,0,10,45,0,0,0,0,0,0,0,1
774,0,-3,0,0,1,0,0,2,0,255,0,0,0,1
775,0,0,0,0,10,30,0,0,0,0,0,0,0,1
776,0,7,0,0,10,60,0,0,0,0,0,0,0,1
777,0,1,0,0,10,30,0,0,0,0,0,0,0,1
778,32,-3,0,0,30,30,0,0,0,0,0,0,0,1
779,0,4,0,0,35,35,0,0,0,0,0,0,0,1
780,0,-3,0,0,40,0,0,2,0,0,0,0,0,1
781,0,7,0,0,50,50,0,0,0,0,0,0,0,1
782,0,-3,0,0,40,0,0,2,0,255,0,0,0,1
783,0,8,0,0,50,60,0,0,-2,0,0,0,0,1
784,32,7,0,0,50,50,0,0,0,255,0,0,0,1
785,32,7,0,0,50,50,0,0,0,0,0,0,0,1
786,32,7,0,0,50,50,0,0,0,0,0,0,0,1
787,32,7,0,0,50,50,0,0,0,0,0,0,0,1
788,0,7,0,0,10,50,0,0,0,0,0,0,0,1
789,32,7,11753,0,50,50,0,0,0,255,0,0,0,1
790,8,7,8426,0,50,50,0,0,0,0,0,0,0,1
791,8,7,8426,0,1,1,0,0,0,0,0,0,0,1
792,8,7,8426,0,50,50,0,0,0,0,0,0,0,1
793,0,7,0,0,10,60,0,0,0,0,0,0,0,1
794,0,7,0,0,50,50,0,0,0,0,0,0,0,1
795,0,-3,0,0,20,50,0,0,0,0,0,0,0,1
796,0,6,0,0,45,0,0,2,0,0,0,0,0,1
797,0,-3,0,0,40,45,0,0,0,0,0,0,0,1
798,0,-3,0,0,1,0,0,2,0,0,0,0,0,1
799,0,-3,0,0,1,0,0,2,0,0,0,0,0,1
800,0,7,0,0,1,1,0,0,0,0,0,0,0,1
801,0,7,0,0,1,1,0,0,0,0,0,0,0,1
802,0,7,0,0,50,50,0,0,0,0,0,0,0,1
803,8,7,8426,0,50,50,0,0,0,0,0,0,0,1
804,16,7,8426,0,50,50,0,0,0,0,0,0,0,1
805,0,7,0,0,10,60,0,0,0,0,0,0,0,1
806,33,3,0,0,35,0,0,2,0,255,0,0,0,1
807,0,8,27411,0,50,60,0,0,-2,0,0,0,0,1
808,8,7,8426,0,10,50,0,0,0,0,0,0,0,1
809,0,7,0,0,50,50,0,0,0,255,0,0,0,1
810,0,7,8426,0,10,60,0,0,0,255,0,0,0,1
816,0,5,0,0,40,40,0,0,0,0,0,0,0,1
817,0,4,0,0,35,35,0,0,0,0,0,0,0,1
818,0,3,0,0,35,35,0,0,0,0,0,0,0,1
819,0,2,0,0,30,30,0,0,0,0,0,0,0,1
820,0,1,0,0,30,30,0,0,0,0,0,0,0,1
823,0,-3,0,0,10,0,0,2,0,0,0,0,0,1
824,0,8,0,0,60,60,0,0,0,0,0,0,0,1
825,0,0,0,0,1,30,0,0,0,0,0,0,0,1
826,0,2,0,0,10,30,0,0,0,0,0,0,0,1
827,0,3,0,0,30,35,0,0,0,0,0,0,0,1
828,0,5,0,0,10,40,0,0,0,255,0,0,0,1
829,0,6,0,0,10,45,0,0,0,0,0,0,0,1
830,0,7,0,0,10,60,0,0,0,0,0,0,0,1
832,0,-3,0,0,1,0,0,2,0,0,0,0,0,1
833,16,7,8426,0,1,1,0,0,0,0,0,0,0,1
834,0,7,0,0,10,60,0,0,0,0,0,0,0,1
835,0,7,0,0,50,50,0,0,0,255,0,0,0,1
836,0,7,0,0,50,50,0,0,0,0,0,0,0,1
837,0,8,27411,0,60,60,0,0,0,255,0,0,0,1
838,0,7,0,0,50,50,0,0,0,0,0,0,0,1
840,32,-3,0,0,1,0,0,2,0,0,0,0,0,1
841,0,7,0,0,1,60,0,0,0,0,0,0,0,1
842,0,7,0,0,1,60,0,0,0,0,0,0,0,1
843,0,7,11753,0,50,50,0,0,0,255,0,0,0,1
844,0,-3,0,0,1,0,0,2,0,0,0,0,0,1
845,32,7,11753,0,50,50,0,0,0,0,0,0,0,1
846,0,-3,0,0,10,0,0,2,0,0,0,0,0,1
847,0,-3,0,0,1,0,0,2,0,0,0,0,0,1
848,0,-3,0,0,1,0,0,2,0,0,0,0,0,1
849,0,-3,0,0,1,0,0,2,0,0,0,0,0,1
850,0,-3,0,0,1,0,0,2,0,0,0,0,0,1
851,0,-3,0,0,1,0,0,2,0,255,0,0,0,1
852,0,-3,0,0,1,0,0,2,0,0,0,0,0,1
853,32,7,0,0,50,50,0,0,0,255,0,0,0,1
854,0,-3,0,0,1,47,0,0,0,0,0,0,0,1
856,0,1,0,0,10,30,0,0,0,0,0,0,0,1
857,32,5,0,0,10,40,0,0,0,0,0,0,0,1
859,32,4,0,0,10,35,0,0,0,0,0,0,0,1
860,0,4,0,0,10,35,0,0,0,255,0,0,0,1
861,32,0,0,0,1,30,0,0,0,0,0,0,0,1
862,0,4,0,0,35,35,0,0,0,255,50,255,0,1
863,0,-3,0,0,10,0,0,2,0,0,0,0,0,1
864,0,-3,0,0,1,0,0,2,0,0,0,0,0,1
865,0,-3,0,0,1,0,0,2,0,0,0,0,0,1
866,0,-3,0,0,1,0,0,2,0,0,0,0,0,1
867,0,-3,0,0,1,0,0,2,0,0,0,0,0,1
868,0,-3,0,0,1,0,0,2,0,0,0,0,0,1
869,0,2,0,0,8,30,0,0,0,0,0,0,0,1
870,0,1,0,0,10,30,0,0,0,0,0,0,0,1
871,0,1,0,0,10,30,0,0,0,0,0,0,0,1
872,0,-3,0,0,1,0,0,2,0,0,0,0,0,1
873,0,7,0,0,10,60,0,0,0,255,0,0,0,1
874,0,1,0,0,10,30,0,0,0,0,0,0,0,1
875,0,3,0,0,30,35,0,0,0,0,0,0,0,1
876,0,-3,0,0,1,0,0,2,0,0,0,0,0,1
877,0,-3,0,0,1,0,0,2,0,0,0,0,0,1
878,0,-3,0,0,1,0,0,2,0,0,0,0,0,1
879,0,3,0,0,1,5,0,0,0,0,0,0,0,1
880,0,3,0,0,5,10,0,0,0,0,0,0,0,1
881,0,-3,0,0,0,0,2,2,0,0,0,0,0,1
882,0,-3,0,0,1,0,0,2,0,0,0,0,0,1
883,0,-3,0,0,0,0,2,2,0,0,0,0,0,1
884,0,0,0,0,1,30,0,0,0,0,0,0,0,1
885,0,6,0,0,10,45,0,0,0,0,0,0,0,1
886,0,-3,0,0,1,0,0,2,0,0,0,0,0,1
887,0,4,0,0,35,35,0,0,0,0,0,0,0,1
888,0,-3,63296,63295,30,0,0,2,0,0,0,0,0,1
889,0,2,0,0,25,30,0,0,0,0,0,0,0,1
890,0,-3,0,0,0,0,1,2,0,0,0,0,0,1
948,0,-3,0,0,10,0,0,2,0,0,0,0,0,1
949,0,-3,0,0,255,255,0,0,0,0,0,0,0,1
951,0,2,0,0,30,30,0,0,0,0,0,0,0,1
955,0,0,0,0,6,9,0,0,0,0,0,0,0,1
956,0,0,0,0,7,10,0,0,0,0,0,0,0,1
957,0,0,0,0,1,5,0,0,0,0,0,0,0,1
958,0,-3,8863,8863,20,0,0,2,0,0,0,0,0,1
959,0,0,0,0,15,30,0,0,0,0,0,0,0,1
960,0,5,0,0,10,40,0,0,0,0,0,0,0,1
961,0,-3,0,0,10,0,0,2,0,0,0,0,0,1
962,0,-3,0,0,1,1,2,2,0,0,0,0,0,1
963,0,3,0,0,35,35,0,0,0,0,0,0,0,1
964,0,0,0,0,7,10,0,0,0,0,0,60,0,1
965,0,1,0,0,10,30,0,0,0,0,0,0,0,1
966,0,-3,0,0,1,0,0,2,0,0,0,0,0,1
967,0,-3,0,0,1,0,0,2,0,0,0,0,0,1
968,0,0,0,0,5,0,0,2,0,0,0,0,0,1
969,0,-3,0,0,0,0,2,2,0,0,0,0,0,1
970,0,-3,0,0,40,0,0,2,0,0,0,0,0,1
971,0,-3,0,0,40,0,0,2,0,0,0,0,0,1
972,0,-3,0,0,10,0,0,2,0,0,0,0,0,1
973,0,-3,0,0,1,0,0,2,0,255,0,0,0,1
974,0,-3,0,0,0,0,2,2,0,0,0,0,0,1
975,0,4,0,0,30,35,0,0,0,0,0,0,0,1
976,0,0,0,0,30,30,0,0,0,0,0,0,0,1
977,0,-3,0,0,1,60,0,0,0,0,0,0,0,1
978,0,-3,0,0,30,0,0,2,0,0,0,0,0,1
979,0,-3,0,0,40,0,0,2,0,0,0,0,0,1
980,0,-3,0,0,20,0,0,2,0,0,0,0,0,1
981,0,-3,0,0,30,0,0,2,0,0,0,0,0,1
982,0,-3,0,0,10,0,0,2,0,0,0,0,0,1
983,0,-3,0,0,1,0,0,2,0,0,0,0,0,1
984,0,-3,0,0,1,0,0,2,0,0,0,0,0,1
985,0,-3,0,0,1,0,0,2,0,0,0,0,0,1
986,0,0,0,0,1,30,0,0,0,0,0,0,0,1
987,0,-3,0,0,1,0,0,2,0,0,0,0,0,1
988,0,2,0,0,25,30,0,0,0,0,0,0,0,1
989,32,6,8448,8448,10,45,0,0,0,0,0,0,0,1
990,32,6,0,0,10,44,0,0,0,0,0,0,0,1
991,0,-3,0,0,1,0,0,2,0,0,0,0,0,1
992,0,-3,0,0,1,0,0,2,0,0,0,0,0,1
993,0,-3,0,0,21,0,0,2,0,0,0,0,0,1
994,0,2,0,0,10,30,0,0,0,0,0,0,0,1
995,0,-3,0,0,20,0,0,2,0,0,0,0,0,1
996,0,-3,0,0,1,0,0,2,0,0,0,0,0,1
997,0,0,0,0,15,30,0,0,0,0,16,30,0,1
998,0,0,0,0,15,30,0,0,0,0,0,0,0,1
999,0,0,0,0,30,30,0,0,0,0,0,0,0,1
1001,4,0,0,0,25,25,0,0,0,0,0,0,0,1
1002,0,-3,0,0,25,0,0,2,0,0,0,0,0,1
1003,0,0,0,0,30,30,0,0,0,0,0,0,0,1
1004,0,0,0,0,30,30,0,0,0,0,0,0,0,1
1005,0,0,0,0,30,30,0,0,0,0,0,0,0,1
1006,0,0,0,0,30,30,0,0,0,0,0,0,0,1
1007,0,0,0,0,30,30,0,0,0,0,0,0,0,1
1008,0,1,0,0,30,30,0,0,0,0,0,0,0,1
1009,0,1,0,0,30,30,0,0,0,0,0,0,0,1
1010,0,1,0,0,30,30,0,0,0,0,0,0,0,1
1011,0,1,0,0,30,30,0,0,0,0,0,0,0,1
1012,0,1,0,0,30,30,0,0,0,0,0,0,0,1
1013,0,1,0,0,30,30,0,0,0,0,0,0,0,1
1014,0,1,0,0,30,30,0,0,0,0,0,0,0,1
1015,0,1,0,0,30,30,0,0,0,0,0,0,0,1
1016,0,2,0,0,30,30,0,0,0,0,0,0,0,1
1017,0,2,0,0,30,30,0,0,0,0,0,0,0,1
1018,0,2,0,0,30,30,0,0,0,0,0,0,0,1
1019,0,2,0,0,30,30,0,0,0,0,0,0,0,1
1020,0,2,0,0,30,30,0,0,0,0,0,0,0,1
1021,0,2,0,0,30,30,0,0,0,0,0,0,0,1
1022,0,2,0,0,30,30,0,0,0,0,0,0,0,1
1023,0,2,0,0,30,30,0,0,0,0,0,0,0,1
1024,0,2,0,0,30,30,0,0,0,0,0,0,0,1
1025,0,3,0,0,35,35,0,0,0,0,0,0,0,1
1026,0,3,0,0,35,35,0,0,0,0,0,0,0,1
1027,0,3,0,0,35,35,0,0,0,0,0,0,0,1
1028,0,3,0,0,35,35,0,0,0,0,0,0,0,1
1029,0,3,0,0,35,35,0,0,0,0,0,0,0,1
1030,0,3,0,0,35,35,0,0,0,0,0,0,0,1
1031,0,4,0,0,35,35,0,0,0,0,0,0,0,1
1032,0,4,0,0,35,35,0,0,0,0,0,0,0,1
1033,0,4,0,0,35,35,0,0,0,0,0,0,0,1
1034,0,4,0,0,35,35,0,0,0,0,0,0,0,1
1035,0,4,0,0,35,35,0,0,0,0,0,0,0,1
1036,0,4,0,0,35,35,0,0,0,0,0,0,0,1
1037,0,5,0,0,40,40,0,0,0,0,0,0,0,1
1038,0,5,0,0,40,40,0,0,0,0,0,0,0,1
1039,0,5,0,0,40,40,0,0,0,0,0,0,0,1
1040,0,5,0,0,40,40,0,0,0,0,0,0,0,1
1064,0,1,0,0,30,30,0,0,0,0,0,0,0,1
1065,0,1,0,0,30,30,0,0,0,0,0,0,0,1
1066,0,1,0,0,30,30,0,0,0,0,0,0,0,1
1067,0,1,0,0,30,30,0,0,0,0,0,0,0,1
1068,0,1,0,0,30,30,0,0,0,0,0,0,0,1
1069,0,1,0,0,30,30,0,0,0,0,0,0,0,1
1070,0,1,0,0,30,30,0,0,0,0,0,0,0,1
1071,0,1,0,0,30,30,0,0,0,0,0,0,0,1
1072,0,1,0,0,30,30,0,0,0,0,0,0,0,1
1073,0,1,0,0,30,30,0,0,0,0,0,0,0,1
1074,0,1,0,0,30,30,0,0,0,0,0,0,0,1
1075,0,1,0,0,30,30,0,0,0,0,0,0,0,1
1076,0,1,0,0,30,30,0,0,0,0,0,0,0,1
1077,0,1,0,0,30,30,0,0,0,0,0,0,0,1
1078,0,1,0,0,30,30,0,0,0,0,0,0,0,1
1079,0,1,0,0,30,30,0,0,0,0,0,0,0,1
1080,0,1,0,0,30,30,0,0,0,0,50,60,0,1
1081,0,1,0,0,30,30,0,0,0,0,50,60,0,1
1082,0,1,0,0,30,30,0,0,0,0,0,0,0,1
1083,0,1,0,0,30,30,0,0,0,0,50,60,0,1
1084,0,1,0,0,30,30,0,0,0,0,50,60,0,1
1085,0,1,0,0,30,30,0,0,0,0,50,60,0,1
1086,0,2,0,0,30,30,0,0,0,0,0,0,0,1
1087,0,2,0,0,30,30,0,0,0,0,0,0,0,1
1088,0,2,0,0,30,30,0,0,0,0,0,0,0,1
1089,0,2,0,0,30,30,0,0,0,0,0,0,0,1
1090,0,2,0,0,30,30,0,0,0,0,0,0,0,1
1091,0,2,0,0,30,30,0,0,0,0,0,0,0,1
1092,0,2,0,0,30,30,0,0,0,0,0,0,0,1
1093,0,2,0,0,30,30,0,0,0,0,0,0,0,1
1094,0,2,0,0,30,30,0,0,0,0,0,0,0,1
1095,0,2,0,0,30,30,0,0,0,0,0,0,0,1
1096,0,2,0,0,30,30,0,0,0,0,0,0,0,1
1097,0,2,0,0,30,30,0,0,0,0,0,0,0,1
1098,0,2,0,0,30,30,0,0,0,0,0,0,0,1
1099,0,2,0,0,30,30,0,0,0,0,0,0,0,1
1100,0,2,0,0,30,30,0,0,0,0,0,0,0,1
1101,0,2,0,0,30,30,0,0,0,0,0,0,0,1
1102,0,2,0,0,30,30,0,0,0,0,0,0,0,1
1103,0,2,0,0,30,30,0,0,0,0,0,0,0,1
1104,0,2,0,0,30,30,0,0,0,0,0,0,0,1
1105,0,2,0,0,30,30,0,0,0,0,0,0,0,1
1106,0,2,0,0,30,30,0,0,0,0,0,0,0,1
1107,0,2,0,0,30,30,0,0,0,0,0,0,0,1
1108,0,3,0,0,35,35,0,0,0,0,0,0,0,1
1109,0,3,0,0,35,35,0,0,0,0,0,0,0,1
1110,0,3,0,0,35,35,0,0,0,0,0,0,0,1
1111,0,3,0,0,35,35,0,0,0,0,0,0,0,1
1112,0,3,0,0,35,35,0,0,0,0,0,0,0,1
1113,0,3,0,0,35,35,0,0,0,0,0,0,0,1
1114,0,3,0,0,35,35,0,0,0,0,0,0,0,1
1115,0,3,0,0,35,35,0,0,0,0,0,0,0,1
1116,0,3,0,0,35,35,0,0,0,0,0,0,0,1
1117,0,3,0,0,35,35,0,0,0,0,0,0,0,1
1118,0,3,0,0,35,35,0,0,0,0,0,0,0,1
1119,0,3,0,0,35,35,0,0,0,0,0,0,0,1
1120,0,3,0,0,35,35,0,0,0,0,0,0,0,1
1121,0,3,0,0,35,35,0,0,0,0,0,0,0,1
1122,0,3,0,0,35,35,0,0,0,0,0,0,0,1
1123,0,3,0,0,35,35,0,0,0,0,0,0,0,1
1124,0,3,0,0,35,35,0,0,0,0,0,0,0,1
1125,0,3,0,0,35,35,0,0,0,0,0,0,0,1
1126,0,4,0,0,35,35,0,0,0,0,0,0,0,1
1127,0,4,0,0,35,35,0,0,0,0,0,0,0,1
1128,0,4,0,0,35,35,0,0,0,0,0,0,0,1
1129,0,4,0,0,35,35,0,0,0,0,0,0,0,1
1130,0,4,0,0,35,35,0,0,0,0,0,0,0,1
1131,0,4,0,0,35,35,0,0,0,0,0,0,0,1
1132,0,4,0,0,35,35,0,0,0,0,0,0,0,1
1133,0,4,0,0,35,35,0,0,0,0,0,0,0,1
1134,0,4,0,0,35,35,0,0,0,0,0,0,0,1
1135,0,4,0,0,35,35,0,0,0,0,0,0,0,1
1136,0,4,0,0,35,35,0,0,0,0,0,0,0,1
1137,0,4,0,0,35,35,0,0,0,0,0,0,0,1
1138,0,5,0,0,40,40,0,0,0,0,0,0,0,1
1139,0,5,0,0,40,40,0,0,0,0,0,0,0,1
1140,0,5,0,0,40,40,0,0,0,0,0,0,0,1
1141,0,5,0,0,40,40,0,0,0,0,0,0,0,1
1142,0,5,0,0,40,40,0,0,0,0,0,0,0,1
1143,0,5,0,0,40,40,0,0,0,0,0,0,0,1
1144,0,5,0,0,40,40,0,0,0,0,0,0,0,1
1145,0,5,0,0,40,40,0,0,0,0,0,0,0,1
1146,0,5,0,0,40,40,0,0,0,0,0,0,0,1
1147,0,5,0,0,40,40,0,0,0,0,0,0,0,1
1148,0,5,0,0,40,40,0,0,0,0,0,0,0,1
1149,0,5,0,0,40,40,0,0,0,0,0,0,0,1
1150,0,5,0,0,40,40,0,0,0,0,0,0,0,1
1151,0,5,0,0,40,40,0,0,0,0,0,0,0,1
1152,32,6,0,0,10,45,0,0,0,0,0,0,0,1
1153,32,6,0,0,45,45,0,0,0,0,46,46,0,1
1154,32,6,0,0,45,45,0,0,0,0,46,46,0,1
1155,32,6,0,0,10,45,0,0,0,0,0,0,0,1
1156,32,6,0,0,45,45,0,0,0,0,46,46,0,1
1157,32,6,0,0,45,45,0,0,0,0,46,46,0,1
1158,32,6,0,0,45,45,0,0,0,0,46,46,0,1
1159,32,6,0,0,10,45,0,0,0,0,0,0,0,1
1160,32,6,0,0,45,45,0,0,0,0,0,0,0,1
1161,32,6,0,0,45,45,0,0,0,0,0,0,0,1
1162,32,6,0,0,45,45,0,0,0,0,0,0,0,1
1163,32,6,0,0,45,45,0,0,0,0,0,0,0,1
1164,32,6,0,0,45,45,0,0,0,0,0,0,0,1
1165,32,6,0,0,45,45,0,0,0,0,0,0,0,1
1166,32,6,0,0,45,45,0,0,0,0,0,0,0,1
1167,32,6,0,0,45,45,0,0,0,0,0,0,0,1
1168,32,6,0,0,45,45,0,0,0,0,0,0,0,1
1169,32,6,0,0,45,45,0,0,0,0,0,0,0,1
1170,32,6,0,0,45,45,0,0,0,0,0,0,0,1
1171,32,6,0,0,45,45,0,0,0,0,0,0,0,1
1172,32,6,0,0,45,45,0,0,0,0,0,0,0,1
1173,32,6,0,0,45,45,0,0,0,0,0,0,0,1
1174,32,6,0,0,45,45,0,0,0,0,0,0,0,1
1175,32,6,0,0,45,45,0,0,0,0,0,0,0,1
1176,32,6,0,0,45,45,0,0,0,0,0,0,0,1
1177,32,6,0,0,45,45,0,0,0,0,0,0,0,1
1178,32,6,0,0,45,45,0,0,0,0,0,0,0,1
1179,32,6,0,0,45,45,0,0,0,0,0,0,0,1
1180,32,6,0,0,45,45,0,0,0,0,0,0,0,1
1181,32,6,0,0,45,45,0,0,0,0,0,0,0,1
1182,32,6,0,0,45,45,0,0,0,0,0,0,0,1
1183,32,6,0,0,45,45,0,0,0,0,0,0,0,1
1184,0,3,0,0,35,35,0,0,0,0,0,0,0,1
1185,0,4,0,0,35,35,0,0,0,0,0,0,0,1
1186,0,4,0,0,35,35,0,0,0,0,0,0,0,1
1187,0,4,0,0,35,35,0,0,0,0,0,0,0,1
1188,0,5,0,0,40,40,0,0,0,0,0,0,0,1
1189,0,5,0,0,40,40,0,0,0,0,0,0,0,1
1190,0,5,0,0,40,40,0,0,0,0,0,0,0,1
1191,0,5,0,0,40,40,0,0,0,0,0,0,0,1
1192,0,5,0,0,40,40,0,0,0,0,0,0,0,1
1193,0,5,0,0,40,40,0,0,0,0,0,0,0,1
1194,0,5,0,0,40,40,0,0,0,0,0,0,0,1
1195,0,5,0,0,40,40,0,0,0,0,0,0,0,1
1196,32,6,0,0,10,45,0,0,0,0,0,0,0,1
1197,32,6,0,0,45,45,0,0,0,0,0,0,0,1
1198,32,6,0,0,45,45,0,0,0,0,0,0,0,1
1199,0,3,0,0,35,35,0,0,0,0,0,0,0,1
1200,0,2,0,0,25,30,0,0,0,0,0,0,0,1
1201,0,1,0,0,10,30,0,0,0,0,0,0,0,1
1202,0,-3,0,0,1,0,0,2,0,0,0,0,0,1
1203,0,0,0,0,20,30,0,0,0,0,0,0,0,1
1204,0,4,0,0,35,35,0,0,0,255,0,0,0,1
1205,0,0,0,0,40,40,0,0,0,0,0,0,0,1
1206,0,7,0,0,50,50,0,0,0,0,0,0,0,1
1207,32,6,0,0,10,45,0,0,0,255,10,255,0,1
1208,0,0,0,0,1,5,0,0,0,0,0,0,0,1
1210,0,7,0,0,10,60,0,0,0,0,0,0,0,1
1211,0,-3,0,0,50,0,0,2,0,0,0,0,0,1
1212,0,4,0,0,10,34,1,0,0,0,0,0,0,1
1213,0,-3,0,0,1,0,0,2,0,0,0,0,0,1
1214,0,4,0,0,35,0,0,0,0,0,0,0,0,1
1215,0,4,0,0,35,0,0,2,0,0,0,0,0,1
1216,0,-3,0,0,1,0,0,2,0,0,0,0,0,1
1217,0,4,0,0,10,35,0,0,0,0,0,0,0,1
1218,0,5,0,0,10,40,0,0,0,0,0,0,0,1
1219,0,4,0,0,35,35,0,0,0,255,50,255,0,1
1220,32,7,0,0,10,60,0,0,0,0,10,60,0,1
1221,0,5,0,0,10,40,0,0,0,0,0,0,0,1
1222,32,7,0,0,10,60,0,0,0,0,10,60,0,1
1223,32,7,0,0,10,60,0,0,0,0,10,60,0,1
1224,32,7,0,0,10,60,0,0,0,0,10,60,0,1
1225,32,7,0,0,10,60,0,0,0,0,10,60,0,1
1226,32,7,0,0,10,60,0,0,0,0,10,60,0,1
1227,32,7,0,0,10,60,0,0,0,0,0,0,0,1
1228,32,7,0,0,10,60,0,0,0,0,10,60,0,1
1229,0,8,0,0,10,55,0,0,-2,0,0,0,0,1
1230,0,8,0,0,10,56,0,0,-2,0,0,0,0,1
1231,0,8,0,0,10,56,0,0,-2,0,0,0,0,1
1232,0,8,0,0,10,55,0,0,-2,0,0,0,0,1
1233,0,8,0,0,10,56,0,0,-2,0,0,0,0,1
1234,0,8,0,0,10,56,0,0,-2,0,0,0,0,1
1235,0,8,0,0,10,56,0,0,-2,0,0,0,0,1
1236,0,8,0,0,10,56,0,0,-2,0,0,0,0,1
1237,0,8,0,0,10,56,0,0,-2,0,0,0,0,1
1238,0,8,0,0,10,58,0,0,-2,0,0,0,0,1
1239,0,8,0,0,10,57,0,0,-2,0,0,0,0,1
1240,0,8,0,0,10,57,0,0,-2,0,0,0,0,1
1241,32,7,0,0,50,50,0,0,0,0,0,0,0,1
1242,32,7,0,0,50,50,0,0,0,0,0,0,0,1
1243,32,7,0,0,50,50,0,0,0,0,0,0,0,1
1244,32,7,0,0,50,50,0,0,0,0,0,0,0,1
1245,32,7,0,0,50,50,0,0,0,0,0,0,0,1
1246,32,7,0,0,50,50,0,0,0,0,0,0,0,1
1247,32,7,0,0,50,50,0,0,0,0,0,0,0,1
1248,32,7,0,0,50,50,0,0,0,0,0,0,0,1
1249,32,7,0,0,50,50,0,0,0,0,0,0,0,1
1250,32,7,0,0,50,50,0,0,0,0,0,0,0,1
1251,32,7,0,0,50,50,0,0,0,0,0,0,0,1
1252,32,7,0,0,50,50,0,0,0,0,0,0,0,1
1253,32,7,0,0,50,50,0,0,0,0,0,0,0,1
1254,32,7,0,0,50,50,0,0,0,0,0,0,0,1
1255,32,7,0,0,50,50,0,0,0,0,0,0,0,1
1256,32,7,0,0,50,50,0,0,0,0,0,0,0,1
1257,32,7,0,0,50,50,0,0,0,0,0,0,0,1
1258,32,7,0,0,50,50,0,0,0,0,0,0,0,1
1259,32,7,0,0,50,50,0,0,0,0,0,0,0,1
1260,32,7,0,0,50,50,0,0,0,0,0,0,0,1
1261,32,7,0,0,50,50,0,0,0,0,0,0,0,1
1262,32,7,0,0,50,50,0,0,0,0,0,0,0,1
1263,32,7,0,0,50,50,0,0,0,0,0,0,0,1
1264,32,7,0,0,50,50,0,0,0,0,0,0,0,1
1265,32,-3,0,0,10,-1,0,2,0,0,0,0,0,1
1266,0,-3,0,0,10,-1,0,2,0,0,0,0,0,1
1267,32,-3,0,0,10,-1,0,2,0,0,0,0,0,1
1268,32,-3,0,0,10,-1,0,2,0,0,0,0,0,1
1269,32,-3,0,0,10,-1,0,2,0,0,0,0,0,1
1270,32,-3,0,0,0,0,2,2,0,0,0,0,0,1
1271,32,-3,0,0,0,0,2,2,0,0,0,0,0,1
1272,32,-3,0,0,0,0,2,2,0,0,0,0,0,1
1273,0,-3,0,0,0,0,2,2,0,0,0,0,0,1
1274,32,-3,0,0,0,0,2,2,0,0,0,0,0,1
1275,0,0,0,0,10,0,0,2,0,0,0,0,0,1
1276,0,-3,0,0,10,0,0,2,0,0,0,0,0,1
1277,0,-3,0,0,0,0,2,2,0,0,0,0,0,1
1278,0,5,0,0,40,40,0,0,0,255,0,0,0,1
1279,0,-3,0,0,0,0,2,2,0,0,0,0,0,1
1280,0,-3,0,0,0,25,1,0,0,0,0,0,0,1
1281,0,-3,0,0,50,0,0,2,0,0,0,0,0,1
1282,32,-3,0,0,0,0,2,2,0,0,0,0,0,1
1283,0,7,0,0,10,0,0,2,0,0,0,0,0,1
1284,0,1,0,0,30,30,0,0,0,0,0,0,0,1
1285,0,6,0,0,45,45,0,0,0,0,0,0,0,1
1286,96,-3,0,0,30,0,0,2,0,0,0,0,0,1
1287,96,-3,0,0,35,0,0,2,0,0,0,0,0,1
1288,32,-3,0,0,30,0,0,2,0,0,0,0,0,1
1289,0,-3,0,0,35,0,0,2,0,0,0,0,0,1
1290,32,-3,0,0,40,0,0,2,0,0,0,0,0,1
1291,0,8,0,0,1,60,0,0,0,0,0,0,0,1
1292,32,-3,0,0,0,0,2,2,0,0,0,0,0,1
1293,0,-3,0,0,0,24,1,0,0,0,0,0,0,1
1294,0,6,0,0,10,45,0,0,0,0,0,0,0,1
1295,0,7,0,0,40,60,0,0,0,0,0,0,0,1
1296,0,7,0,0,35,60,0,0,0,0,0,0,0,1
1297,0,6,0,0,10,45,0,0,0,0,0,0,0,1
1298,0,6,0,0,10,45,0,0,0,0,0,0,0,1
1299,0,6,0,0,10,45,0,0,0,0,0,0,0,1
1300,0,6,0,0,10,45,0,0,0,0,0,0,0,1
1301,0,6,0,0,10,45,0,0,0,0,0,0,0,1
1302,0,-3,0,0,40,0,0,2,0,0,0,0,0,1
1303,0,-3,0,0,30,0,0,2,0,0,0,0,0,1
1304,0,-3,0,0,0,39,1,0,0,0,0,0,0,1
1305,0,-3,0,0,30,0,0,2,0,0,0,0,0,1
1306,0,-3,0,0,25,0,0,2,0,0,0,0,0,1
1307,0,-3,0,0,35,0,0,2,0,0,0,0,0,1
1308,0,0,0,0,30,30,0,0,0,0,0,0,0,1
1309,0,2,0,0,0,39,1,0,0,0,0,0,0,1
1310,0,7,0,0,10,49,0,0,0,0,0,0,0,1
1311,0,-3,0,0,50,50,0,0,0,0,0,0,0,1
1312,0,-3,0,0,40,40,0,0,0,0,0,0,0,1
1313,32,6,0,0,45,0,0,2,0,0,0,0,0,1
1314,0,8,0,0,10,51,0,0,-2,0,0,0,0,1
1315,0,8,0,0,10,51,0,0,-2,0,0,0,0,1
1316,0,8,0,0,10,51,0,0,-2,0,0,0,0,1
1317,0,8,0,0,10,51,0,0,-2,0,0,0,0,1
1318,0,8,0,0,10,51,0,0,-2,0,0,0,0,1
1319,0,8,0,0,10,52,0,0,-2,0,0,0,0,1
1320,0,8,0,0,10,52,0,0,-2,0,0,0,0,1
1321,0,8,0,0,10,52,0,0,-2,0,0,0,0,1
1322,0,8,0,0,10,52,0,0,-2,0,0,0,0,1
1323,0,8,0,0,10,52,0,0,-2,0,0,0,0,1
1324,0,8,0,0,10,53,0,0,0,0,0,0,0,1
1325,0,8,0,0,10,53,0,0,-2,0,0,0,0,1
1326,0,8,0,0,10,54,0,0,-2,0,0,0,0,1
1327,0,8,0,0,10,54,0,0,-2,0,0,0,0,1
1328,0,8,0,0,10,54,0,0,-2,0,0,0,0,1
1329,0,8,0,0,10,54,0,0,-2,0,0,0,0,1
1330,0,8,0,0,10,54,0,0,-2,0,0,0,0,1
1331,0,8,0,0,10,54,0,0,-2,0,0,0,0,1
1332,0,8,0,0,10,54,0,0,-2,0,0,0,0,1
1333,0,8,0,0,10,54,0,0,-2,0,0,0,0,1
1334,0,8,0,0,10,54,0,0,-2,0,0,0,0,1
1335,0,8,0,0,10,54,0,0,-2,0,0,0,0,1
1336,0,8,0,0,10,54,0,0,-2,0,0,0,0,1
1337,0,8,0,0,10,55,0,0,0,0,0,0,0,1
1338,0,8,0,0,10,54,0,0,-2,0,0,0,0,1
1339,0,8,0,0,10,54,0,0,-2,0,0,0,0,1
1340,0,8,0,0,10,54,0,0,-2,0,0,0,0,1
1342,0,7,0,0,50,50,0,0,0,0,0,0,0,1
1343,0,7,0,0,10,37,0,0,0,0,0,0,0,1
1344,0,7,0,0,48,49,0,0,0,0,0,0,0,1
1345,0,7,0,0,0,49,1,0,0,0,0,0,0,1
1346,32,6,0,0,10,44,0,0,0,0,0,0,0,1
1347,0,7,8426,0,10,49,0,0,0,0,0,0,0,1
1348,0,7,0,0,10,26,0,0,0,0,0,0,0,1
1349,0,7,0,0,27,43,0,0,0,0,0,0,0,1
1350,0,7,0,0,44,59,0,0,0,0,0,0,0,1
1351,0,7,0,0,60,0,0,2,0,0,0,0,0,1
1352,0,1,0,0,24,34,0,0,0,0,0,0,0,1
1353,0,6,0,0,46,0,0,2,0,0,0,0,0,1
1354,0,-3,0,0,0,-1,1,2,0,0,0,0,0,1
1355,0,-3,0,0,45,0,0,2,0,0,0,0,0,1
1356,0,7,0,0,10,37,0,0,0,0,0,0,0,1
1357,0,6,0,0,46,0,0,2,0,0,0,0,0,1
1358,0,7,0,0,0,9,1,0,0,0,0,0,0,1
1359,0,7,0,0,10,49,0,0,0,0,0,0,0,1
1360,0,-3,0,0,0,39,1,0,0,0,0,0,0,1
1361,0,-3,0,0,0,18,1,0,0,0,0,0,0,1
1362,0,-3,0,0,19,25,0,0,0,0,0,0,0,1
1363,0,-3,0,0,26,30,0,0,0,0,0,0,0,1
1364,0,-3,0,0,31,35,0,0,0,0,0,0,0,1
1365,0,-3,0,0,36,40,0,0,0,0,0,0,0,1
1366,0,-3,0,0,41,45,0,0,0,0,0,0,0,1
1367,0,-3,0,0,0,29,1,0,0,0,0,0,0,1
1368,0,-3,0,0,50,0,0,2,0,0,0,0,0,1
1369,0,-3,0,0,10,0,0,2,0,0,0,0,0,1
1370,0,1,0,0,27,0,0,2,0,0,0,0,0,1
1372,0,-3,0,0,1,0,0,2,0,0,0,0,0,1
1373,0,-3,0,0,0,10,1,0,0,0,0,0,0,1
1374,0,-3,0,0,0,9,1,0,0,0,0,0,0,1
1375,0,-3,0,0,0,5,1,0,0,0,0,0,0,1
1376,0,-3,0,0,-1,-1,2,2,0,0,0,0,0,1
1377,0,-3,0,0,0,39,1,0,0,0,0,0,0,1
1378,0,-3,0,0,0,19,1,0,0,0,0,0,0,1
1379,0,-3,0,0,10,10,0,0,0,0,0,0,0,1
1380,0,-3,0,0,17,17,0,0,0,0,0,0,0,1
1381,0,-3,0,0,4,4,0,0,0,0,0,0,0,1
1382,0,-3,0,0,1,1,0,0,0,0,0,0,0,1
1383,0,0,0,0,11,0,0,2,0,0,0,0,0,1
1384,0,7,0,0,40,60,0,0,0,0,0,0,0,1
1385,0,5,0,0,10,40,0,0,0,0,0,0,0,1
1386,0,-3,0,0,35,0,0,2,0,0,0,0,0,1
1387,0,-3,0,0,1,0,0,2,0,0,0,0,0,1
1390,0,-3,0,0,5,0,0,2,0,0,0,0,0,1
1391,0,-3,0,0,0,0,2,2,0,0,0,0,0,1
1392,0,-3,0,0,35,60,0,0,0,0,0,0,0,1
1393,0,0,0,0,10,0,0,2,0,0,0,0,0,1
1394,0,-3,0,0,10,0,0,2,0,0,0,0,0,1
1395,0,-3,0,0,10,0,0,2,0,0,0,0,0,1
1396,0,-3,0,0,10,0,0,2,0,0,0,0,0,1
1398,0,-3,0,0,20,0,0,2,0,0,0,0,0,1
1399,0,-3,0,0,60,0,0,2,0,0,0,0,0,1
1400,0,8,15098,21997,50,50,0,0,-2,0,0,0,0,1
1401,0,7,19028,19041,50,60,0,0,0,0,0,0,0,1
1403,0,7,0,0,10,49,0,0,0,0,0,0,0,1
1404,0,7,0,0,10,49,0,0,0,0,0,0,0,1
1405,0,7,0,0,10,49,0,0,0,0,0,0,0,1
1406,0,7,0,0,10,49,0,0,0,0,0,0,0,1
1407,0,7,0,0,10,49,0,0,0,0,0,0,0,1
1408,0,8,0,0,57,60,0,0,0,0,0,0,0,1
1409,0,-3,0,0,10,35,0,0,0,0,0,0,0,1
1410,0,3,0,0,30,35,0,0,0,0,0,0,0,1
1411,0,0,0,0,20,25,0,0,0,0,0,0,0,1
1412,0,0,0,0,4,9,0,0,0,0,0,0,0,1
1413,0,0,0,0,10,13,0,0,0,0,0,0,0,1
1414,0,0,0,0,14,15,0,0,0,0,0,0,0,1
1415,0,0,0,0,16,17,0,0,0,0,0,0,0,1
1416,0,0,0,0,18,25,0,0,0,0,0,0,0,1
1417,0,0,0,0,1,3,0,0,0,0,0,0,0,1
1418,0,0,0,0,15,30,0,0,0,0,0,0,0,1
1419,0,-3,0,0,10,10,0,0,0,0,0,0,0,1
1420,0,-3,0,0,10,10,0,0,0,0,0,0,0,1
1421,0,0,0,0,10,10,0,0,0,0,0,0,0,1
1422,32,7,0,0,5,5,0,0,0,0,0,0,0,1
1423,0,-3,0,0,1,1,0,0,0,0,0,0,0,1
1424,0,8,0,0,10,58,0,0,-2,0,0,0,0,1
1425,0,8,0,0,10,58,0,0,-2,0,0,0,0,1
1426,0,8,0,0,10,58,0,0,-2,0,0,0,0,1
1427,0,8,0,0,10,59,0,0,-2,0,0,0,0,1
1428,0,8,0,0,10,59,0,0,-2,0,0,0,0,1
1429,0,8,0,0,60,60,0,0,-2,0,0,0,0,1
1430,0,5,0,0,10,40,0,0,0,0,0,0,0,1
1431,0,6,0,0,39,45,0,0,0,0,0,0,0,1
1432,0,2,0,0,10,50,0,0,0,0,0,0,0,1
1433,0,2,0,0,10,50,0,0,0,0,0,0,0,1
1434,0,2,0,0,10,50,1,0,0,0,0,0,0,1
1435,0,2,0,0,10,50,0,0,0,0,0,0,0,1
1436,0,2,0,0,10,50,0,0,0,0,0,0,0,1
1437,0,2,0,0,10,50,0,0,0,0,0,0,0,1
1438,0,2,0,0,10,50,0,0,0,0,0,0,0,1
1439,0,2,0,0,10,50,0,0,0,0,0,0,0,1
1440,0,2,0,0,10,50,0,0,0,0,0,0,0,1
1441,0,2,0,0,10,50,0,0,0,0,0,0,0,1
1442,0,2,0,0,10,50,0,0,0,0,0,0,0,1
1443,0,2,0,0,10,50,0,0,0,0,0,0,0,1
1444,0,2,0,0,10,50,0,0,0,0,0,0,0,1
1445,0,2,0,0,10,50,0,0,0,0,0,0,0,1
1446,0,2,0,0,10,50,0,0,0,0,0,0,0,1
1447,0,2,0,0,10,50,0,0,0,0,0,0,0,1
1448,0,2,0,0,10,50,0,0,0,0,0,0,0,1
1449,0,2,0,0,10,50,0,0,0,0,0,0,0,1
1450,0,2,0,0,10,50,0,0,0,0,0,0,0,1
1451,0,2,0,0,10,50,0,0,0,0,0,0,0,1
1452,0,2,0,0,10,50,0,0,0,0,0,0,0,1
1453,0,2,0,0,10,50,0,0,0,0,0,0,0,1
1454,0,2,0,0,10,50,0,0,0,0,0,0,0,1
1455,0,2,0,0,10,50,0,0,0,0,0,0,0,1
1456,0,2,0,0,10,50,0,0,0,0,0,0,0,1
1457,0,2,0,0,10,50,0,0,0,0,0,0,0,1
1458,0,2,0,0,10,50,0,0,0,0,0,0,0,1
1459,0,2,0,0,10,50,0,0,0,0,0,0,0,1
1460,0,2,0,0,10,50,0,0,0,0,0,0,0,1
1461,0,1,0,0,10,50,0,0,0,0,0,0,0,1
1462,32,1,0,0,27,0,0,2,0,0,0,0,0,1
1463,32,1,0,0,30,30,0,0,0,0,0,0,0,1
1464,32,1,0,0,0,0,2,2,0,0,0,0,0,1
1465,32,1,0,0,1,-1,0,2,0,0,0,0,0,1
1466,32,3,0,0,33,0,0,2,0,0,0,0,0,1
1467,32,3,0,0,35,35,0,0,0,0,0,0,0,1
1468,32,3,0,0,0,0,2,2,0,0,0,0,0,1
1469,32,3,0,0,1,-1,0,2,0,0,0,0,0,1
1470,32,2,0,0,30,0,0,2,0,0,0,0,0,1
1471,32,2,0,0,30,30,0,0,0,0,0,0,0,1
1472,32,2,0,0,0,0,2,2,0,0,0,0,0,1
1473,32,2,0,0,1,-1,0,2,0,0,0,0,0,1
1474,0,4,0,0,35,0,0,2,0,0,0,0,0,1
1475,0,4,0,0,35,35,0,0,0,0,0,0,0,1
1476,0,0,0,0,1,10,0,0,0,0,0,0,0,1
1477,0,0,0,0,1,10,0,0,0,0,0,0,0,1
1478,0,0,0,0,1,10,0,0,0,0,0,0,0,1
1479,0,0,0,0,1,10,0,0,0,0,0,0,0,1
1480,0,1,0,0,1,20,0,0,0,0,0,0,0,1
1481,0,0,0,0,1,10,0,0,0,0,0,0,0,1
1482,0,0,0,0,1,10,0,0,0,0,0,0,0,1
1483,0,0,0,0,1,10,0,0,0,0,0,0,0,1
1484,0,0,0,0,1,10,0,0,0,0,0,0,0,1
1485,0,1,0,0,1,20,0,0,0,0,0,0,0,1
1486,0,0,0,0,10,50,0,0,0,0,0,0,0,1
1487,0,0,0,0,10,50,0,0,0,0,0,0,0,1
1488,0,0,0,0,10,50,0,0,0,0,0,0,0,1
1489,0,0,0,0,10,50,0,0,0,0,0,0,0,1
1490,0,0,0,0,10,50,0,0,0,0,0,0,0,1
1491,0,0,0,0,10,50,0,0,0,0,0,0,0,1
1492,0,0,0,0,10,50,0,0,0,0,0,0,0,1
1493,0,0,0,0,10,50,0,0,0,0,0,0,0,1
1494,0,0,0,0,10,50,0,0,0,0,0,0,0,1
1495,0,0,0,0,10,50,0,0,0,0,0,0,0,1
1496,0,0,0,0,10,50,0,0,0,0,0,0,0,1
1497,0,0,0,0,10,50,0,0,0,0,0,0,0,1
1498,0,0,0,0,10,50,0,0,0,0,0,0,0,1
1499,0,0,0,0,10,50,0,0,0,0,0,0,0,1
1500,0,0,0,0,10,50,0,0,0,0,0,0,0,1
1501,0,0,0,0,10,50,0,0,0,0,0,0,0,1
1502,0,0,0,0,10,50,0,0,0,0,0,0,0,1
1503,0,0,0,0,10,50,0,0,0,0,0,0,0,1
1504,0,0,0,0,10,50,0,0,0,0,0,0,0,1
1505,0,0,0,0,10,50,0,0,0,0,0,0,0,1
1506,0,0,0,0,10,50,0,0,0,0,0,0,0,1
1507,0,0,0,0,10,50,0,0,0,0,0,0,0,1
1508,0,0,0,0,10,50,0,0,0,0,0,0,0,1
1509,0,0,0,0,10,50,0,0,0,0,0,0,0,1
1510,0,0,0,0,10,50,0,0,0,0,0,0,0,1
1511,0,0,0,0,10,50,0,0,0,0,0,0,0,1
1512,0,0,0,0,10,50,0,0,0,0,0,0,0,1
1513,0,0,0,0,10,50,0,0,0,0,0,0,0,1
1514,0,0,0,0,10,50,0,0,0,0,0,0,0,1
1515,0,0,0,0,10,50,0,0,0,0,0,0,0,1
1516,0,0,0,0,10,50,0,0,0,0,0,0,0,1
1517,0,0,0,0,10,50,0,0,0,0,0,0,0,1
1518,0,0,0,0,10,50,0,0,0,0,0,0,0,1
1519,0,0,0,0,10,50,0,0,0,0,0,0,0,1
1520,0,0,0,0,10,50,0,0,0,0,0,0,0,1
1521,0,0,0,0,10,50,0,0,0,0,0,0,0,1
1522,0,0,0,0,10,50,0,0,0,0,0,0,0,1
1523,0,0,0,0,10,50,0,0,0,0,0,0,0,1
1524,0,0,0,0,10,50,0,0,0,0,0,0,0,1
1525,0,0,0,0,10,50,0,0,0,0,0,0,0,1
1526,0,0,0,0,10,50,0,0,0,0,0,0,0,1
1527,0,0,0,0,10,50,0,0,0,0,0,0,0,1
1528,0,0,0,0,10,50,0,0,0,0,0,0,0,1
1529,0,0,0,0,10,50,0,0,0,0,0,0,0,1
1530,0,0,0,0,10,50,0,0,0,0,0,0,0,1
1531,0,0,0,0,10,50,0,0,0,0,0,0,0,1
1532,0,0,0,0,10,50,0,0,0,0,0,0,0,1
1533,0,0,0,0,10,50,0,0,0,0,0,0,0,1
1534,0,0,0,0,10,50,0,0,0,0,0,0,0,1
1535,0,0,0,0,10,50,0,0,0,0,0,0,0,1
1536,0,0,0,0,10,50,0,0,0,0,0,0,0,1
1537,0,0,0,0,10,50,0,0,0,0,0,0,0,1
1538,0,0,0,0,10,50,0,0,0,0,0,0,0,1
1539,0,0,0,0,10,50,0,0,0,0,0,0,0,1
1540,0,0,0,0,10,50,0,0,0,0,0,0,0,1
1541,0,0,0,0,10,50,0,0,0,0,0,0,0,1
1542,0,0,0,0,10,50,0,0,0,0,0,0,0,1
1543,0,0,0,0,10,50,0,0,0,0,0,0,0,1
1544,0,0,0,0,10,50,0,0,0,0,0,0,0,1
1545,0,0,0,0,10,50,0,0,0,0,0,0,0,1
1546,0,0,0,0,10,50,0,0,0,0,0,0,0,1
1547,0,0,0,0,10,50,0,0,0,0,0,0,0,1
1548,0,0,0,0,10,50,0,0,0,0,0,0,0,1
1549,0,0,0,0,10,50,0,0,0,0,0,0,0,1
1550,0,0,0,0,10,50,0,0,0,0,0,0,0,1
1551,0,1,0,0,10,50,0,0,0,0,0,0,0,1
1552,0,1,0,0,10,50,0,0,0,0,0,0,0,1
1553,0,1,0,0,10,50,0,0,0,0,0,0,0,1
1554,0,1,0,0,10,50,0,0,0,0,0,0,0,1
1555,0,1,0,0,10,50,0,0,0,0,0,0,0,1
1556,0,1,0,0,10,50,0,0,0,0,0,0,0,1
1557,0,1,0,0,10,50,0,0,0,0,0,0,0,1
1558,0,1,0,0,10,50,0,0,0,0,0,0,0,1
1559,0,1,0,0,10,50,0,0,0,0,0,0,0,1
1560,0,1,0,0,10,50,0,0,0,0,0,0,0,1
1561,0,1,0,0,10,50,0,0,0,0,0,0,0,1
1562,0,1,0,0,10,50,0,0,0,0,0,0,0,1
1563,0,1,0,0,10,50,0,0,0,0,0,0,0,1
1564,0,1,0,0,10,50,0,0,0,0,0,0,0,1
1565,0,1,0,0,10,50,0,0,0,0,0,0,0,1
1566,0,1,0,0,10,50,0,0,0,0,0,0,0,1
1567,0,1,0,0,10,50,0,0,0,0,0,0,0,1
1568,0,1,0,0,10,50,0,0,0,0,0,0,0,1
1569,0,1,0,0,10,50,0,0,0,0,0,0,0,1
1570,0,1,0,0,10,50,0,0,0,0,0,0,0,1
1571,0,1,0,0,10,50,0,0,0,0,0,0,0,1
1572,0,1,0,0,10,50,0,0,0,0,0,0,0,1
1573,0,1,0,0,10,50,0,0,0,0,0,0,0,1
1574,0,1,0,0,10,50,0,0,0,0,0,0,0,1
1575,0,1,0,0,10,50,0,0,0,0,0,0,0,1
1576,0,1,0,0,10,50,0,0,0,0,0,0,0,1
1577,0,3,0,0,10,50,0,0,0,0,0,0,0,1
1578,0,3,0,0,10,50,0,0,0,0,0,0,0,1
1579,0,3,0,0,10,50,0,0,0,0,0,0,0,1
1580,0,3,0,0,10,50,0,0,0,0,0,0,0,1
1581,0,3,0,0,10,50,0,0,0,0,0,0,0,1
1582,0,3,0,0,10,50,0,0,0,0,0,0,0,1
1583,0,3,0,0,10,50,0,0,0,0,0,0,0,1
1584,0,3,0,0,10,50,0,0,0,0,0,0,0,1
1585,0,3,0,0,10,50,0,0,0,0,0,0,0,1
1586,0,3,0,0,10,50,0,0,0,0,0,0,0,1
1587,0,3,0,0,10,50,0,0,0,0,0,0,0,1
1588,0,3,0,0,10,50,0,0,0,0,0,0,0,1
1589,0,3,0,0,10,50,0,0,0,0,0,0,0,1
1590,0,3,0,0,10,50,0,0,0,0,0,0,0,1
1591,0,3,0,0,10,50,0,0,0,0,0,0,0,1
1592,0,3,0,0,10,50,0,0,0,0,0,0,0,1
1593,0,3,0,0,10,50,0,0,0,0,0,0,0,1
1594,0,3,0,0,10,50,0,0,0,0,0,0,0,1
1595,0,4,0,0,10,50,0,0,0,0,0,0,0,1
1596,0,4,0,0,10,50,0,0,0,0,0,0,0,1
1597,0,4,0,0,10,50,0,0,0,0,0,0,0,1
1598,0,4,0,0,10,50,0,0,0,0,0,0,0,1
1599,0,4,0,0,10,50,0,0,0,0,0,0,0,1
1600,0,4,0,0,10,50,0,0,0,0,0,0,0,1
1601,0,4,0,0,10,50,0,0,0,0,0,0,0,1
1602,0,4,0,0,10,50,0,0,0,0,0,0,0,1
1603,0,4,0,0,10,50,0,0,0,0,0,0,0,1
1604,0,4,0,0,10,50,0,0,0,0,0,0,0,1
1605,0,4,0,0,10,50,0,0,0,0,0,0,0,1
1606,0,4,0,0,10,50,0,0,0,0,0,0,0,1
1607,0,4,0,0,10,50,0,0,0,0,0,0,0,1
1608,0,4,0,0,10,50,0,0,0,0,0,0,0,1
1609,0,4,0,0,10,50,0,0,0,0,0,0,0,1
1610,0,4,0,0,10,50,0,0,0,0,0,0,0,1
1611,0,5,0,0,10,50,0,0,0,0,0,0,0,1
1612,0,5,0,0,10,50,0,0,0,0,0,0,0,1
1613,0,5,0,0,10,50,0,0,0,0,0,0,0,1
1614,0,5,0,0,10,50,0,0,0,0,0,0,0,1
1615,0,5,0,0,10,50,0,0,0,0,0,0,0,1
1616,0,5,0,0,10,50,0,0,0,0,0,0,0,1
1617,0,5,0,0,10,50,0,0,0,0,0,0,0,1
1618,0,5,0,0,10,50,0,0,0,0,0,0,0,1
1619,0,5,0,0,10,50,0,0,0,0,0,0,0,1
1620,0,5,0,0,10,50,0,0,0,0,0,0,0,1
1621,0,5,0,0,10,50,0,0,0,0,0,0,0,1
1622,0,5,0,0,10,50,0,0,0,0,0,0,0,1
1623,0,5,0,0,10,50,0,0,0,0,0,0,0,1
1624,0,5,0,0,10,50,0,0,0,0,0,0,0,1
1625,32,6,0,0,10,50,0,0,0,0,0,0,0,1
1626,32,6,8448,8448,10,50,0,0,0,0,0,0,0,1
1627,32,6,8448,8448,10,50,0,0,0,0,0,0,0,1
1628,32,6,8448,8448,10,50,0,0,0,0,0,0,0,1
1629,32,6,8448,8448,10,50,0,0,0,0,0,0,0,1
1630,32,6,8448,8448,10,50,0,0,0,0,0,0,0,1
1631,32,6,8448,8448,10,50,0,0,0,0,0,0,0,1
1632,32,6,8448,8448,10,50,0,0,0,0,0,0,0,1
1633,32,6,8448,8448,10,50,0,0,0,0,0,0,0,1
1634,32,6,8448,8448,10,50,0,0,0,0,0,0,0,1
1635,32,6,8448,8448,10,50,0,0,0,0,0,0,0,1
1636,32,6,8448,8448,10,50,0,0,0,0,0,0,0,1
1637,32,6,8448,8448,10,50,0,0,0,0,0,0,0,1
1638,32,6,8448,8448,10,50,0,0,0,0,0,0,0,1
1639,32,6,8448,8448,10,50,0,0,0,0,0,0,0,1
1640,32,6,8448,8448,10,50,0,0,0,0,0,0,0,1
1641,32,6,8448,8448,10,50,0,0,0,0,0,0,0,1
1642,32,6,8448,8448,10,50,0,0,0,0,0,0,0,1
1643,0,8,0,0,50,60,0,0,0,0,0,0,0,1
1644,0,8,0,0,50,60,0,0,0,0,0,0,0,1
1645,0,8,0,0,50,60,0,0,0,0,0,0,0,1
1646,0,8,0,0,50,60,0,0,0,0,0,0,0,1
1647,0,8,0,0,50,60,0,0,0,0,0,0,0,1
1648,0,8,0,0,50,60,0,0,0,0,0,0,0,1
1649,0,8,0,0,50,60,0,0,0,0,0,0,0,1
1650,0,8,0,0,50,60,0,0,0,0,0,0,0,1
1651,0,8,0,0,50,60,0,0,0,0,0,0,0,1
1652,0,8,0,0,50,60,0,0,0,0,0,0,0,1
1653,0,8,0,0,50,60,0,0,0,0,0,0,0,1
1654,0,8,0,0,50,60,0,0,0,0,0,0,0,1
1655,0,8,0,0,50,60,0,0,0,0,0,0,0,1
1656,0,8,0,0,50,60,0,0,0,0,0,0,0,1
1657,0,8,0,0,50,60,0,0,0,0,0,0,0,1
1658,0,8,0,0,50,60,0,0,0,0,0,0,0,1
1659,0,8,0,0,50,60,0,0,0,0,0,0,0,1
1660,0,8,0,0,50,60,0,0,0,0,0,0,0,1
1661,0,8,0,0,50,60,0,0,0,0,0,0,0,1
1662,0,8,0,0,50,60,0,0,0,0,0,0,0,1
1663,0,8,0,0,50,60,0,0,0,0,0,0,0,1
1664,0,8,0,0,50,60,0,0,0,0,0,0,0,1
1665,0,8,0,0,50,60,0,0,0,0,0,0,0,1
1666,0,8,0,0,50,60,0,0,0,0,0,0,0,1
1667,0,8,0,0,50,60,0,0,0,0,0,0,0,1
1668,0,8,0,0,50,60,0,0,0,0,0,0,0,1
1669,0,8,0,0,50,60,0,0,0,0,0,0,0,1
1670,0,8,0,0,50,60,0,0,0,0,0,0,0,1
1671,0,8,0,0,50,60,0,0,0,0,0,0,0,1
1672,0,8,0,0,50,60,0,0,0,0,0,0,0,1
1673,0,8,0,0,50,60,0,0,0,0,0,0,0,1
1674,0,8,0,0,50,60,0,0,0,0,0,0,0,1
1675,0,8,0,0,50,60,0,0,0,0,0,0,0,1
1676,0,8,0,0,50,60,0,0,0,0,0,0,0,1
1677,0,8,0,0,50,60,0,0,0,0,0,0,0,1
1678,0,8,0,0,50,60,0,0,0,0,0,0,0,1
1679,0,8,0,0,50,60,0,0,0,0,0,0,0,1
1680,0,8,0,0,50,60,0,0,0,0,0,0,0,1
1681,0,8,0,0,50,60,0,0,0,0,0,0,0,1
1682,0,8,0,0,50,60,0,0,0,0,0,0,0,1
1683,0,8,0,0,50,60,0,0,0,0,0,0,0,1
1684,0,8,0,0,50,60,0,0,0,0,0,0,0,1
1685,0,8,0,0,50,60,0,0,0,0,0,0,0,1
1686,0,8,0,0,50,60,0,0,0,0,0,0,0,1
1687,0,8,0,0,50,60,0,0,0,0,0,0,0,1
1688,0,8,0,0,50,60,0,0,0,0,0,0,0,1
1689,0,8,0,0,50,60,0,0,0,0,0,0,0,1
1690,0,8,0,0,50,60,0,0,0,0,0,0,0,1
1691,0,8,0,0,50,60,0,0,0,0,0,0,0,1
1692,64,0,0,0,10,1,0,3,0,0,0,0,0,1
1693,64,0,0,0,1,1,0,3,0,0,0,0,0,1
1694,64,1,0,0,10,1,0,3,0,0,0,0,0,1
1695,64,2,0,0,10,1,0,3,0,0,0,0,0,1
1696,64,3,0,0,30,1,0,3,0,0,31,61,0,1
1697,64,4,0,0,10,1,0,3,0,0,0,0,0,1
1698,64,5,0,0,10,1,0,3,0,0,0,0,0,1
1699,64,6,0,0,10,1,0,3,0,0,0,0,0,1
1700,64,1,0,0,10,1,0,3,0,0,0,0,0,1
1701,64,2,0,0,10,1,0,3,0,0,0,0,0,1
1702,64,3,0,0,30,1,0,3,0,0,0,0,0,1
1703,64,4,0,0,10,1,0,3,0,0,0,0,0,1
1704,64,5,0,0,10,1,0,3,0,0,0,0,0,1
1705,64,6,0,0,10,1,0,3,0,0,0,0,0,1
1706,0,8,0,0,50,60,0,0,0,0,0,0,0,1
1707,64,8,27411,0,50,60,0,0,-2,255,0,0,0,1
1708,32,6,0,0,45,0,0,2,0,255,0,0,0,1
1709,0,8,0,0,50,60,0,0,0,0,50,60,0,1
1710,0,8,0,0,50,60,0,0,0,0,50,60,0,1
1711,0,8,0,0,50,60,0,0,0,0,50,60,0,1
1712,0,8,0,0,50,60,0,0,0,0,50,60,0,1
1713,0,-3,0,0,10,0,0,3,0,0,0,0,0,1
1714,0,0,0,0,1,5,0,0,0,0,0,0,0,1
1715,0,0,0,0,3,5,0,0,0,0,0,0,0,1
1716,0,0,0,0,5,7,0,0,0,0,0,0,0,1
1717,0,0,0,0,8,10,0,0,0,0,0,0,0,1
1718,0,0,0,0,10,11,0,0,0,0,0,0,0,1
1719,0,0,0,0,12,13,0,0,0,0,0,0,0,1
1720,0,0,0,0,13,15,0,0,0,0,0,0,0,1
1721,0,0,0,0,15,17,0,0,0,0,0,0,0,1
1722,0,1,0,0,30,30,0,0,0,0,0,0,0,1
1723,0,-3,0,0,5,5,0,0,0,0,0,0,0,1
1724,0,0,0,0,10,10,0,0,0,0,0,0,0,1
1725,0,0,0,0,11,11,0,0,0,0,0,0,0,1
1726,0,0,0,0,12,12,0,0,0,0,0,0,0,1
1729,0,0,0,0,9,10,0,0,0,255,0,0,0,1
1731,0,0,0,0,1,9,0,0,0,0,0,0,0,1
1732,0,0,0,0,1,12,0,0,0,0,0,0,0,1
1733,0,-3,0,0,48,0,0,2,0,0,0,0,0,1
1734,0,2,0,0,10,30,0,0,0,0,0,0,0,1
1735,0,1,0,0,10,30,0,0,0,0,0,0,0,1
1736,64,1,0,0,10,1,0,3,0,0,0,0,0,1
1737,64,1,0,0,10,1,0,3,0,0,0,0,0,1
1738,64,1,0,0,15,1,0,3,0,0,0,0,0,1
1739,64,1,0,0,15,1,0,3,0,0,0,0,0,1
1740,64,1,0,0,20,1,0,3,0,0,0,0,0,1
1741,64,1,0,0,25,1,0,3,0,0,0,0,0,1
1742,64,1,0,0,25,1,0,3,0,0,0,0,0,1
1743,64,2,0,0,10,1,0,3,0,0,0,0,0,1
1744,64,2,0,0,10,1,0,3,0,0,0,0,0,1
1745,64,2,0,0,15,1,0,3,0,0,0,0,0,1
1746,64,2,0,0,15,1,0,3,0,0,0,0,0,1
1747,64,2,0,0,20,1,0,3,0,0,0,0,0,1
1748,64,2,0,0,20,1,0,3,0,0,0,0,0,1
1749,64,2,0,0,25,1,0,3,0,0,0,0,0,1
1750,64,2,0,0,25,1,0,3,0,0,0,0,0,1
1751,64,2,0,0,25,1,0,3,0,0,0,0,0,1
1752,64,2,0,0,25,1,0,3,0,0,0,0,0,1
1753,64,2,0,0,25,1,0,3,0,0,0,0,0,1
1754,64,4,0,0,10,1,0,3,0,0,0,0,0,1
1755,64,4,0,0,15,1,0,3,0,0,0,0,0,1
1756,64,4,0,0,15,1,0,3,0,0,0,0,0,1
1757,64,4,0,0,20,1,0,3,0,0,0,0,0,1
1758,64,4,0,0,25,1,0,3,0,0,0,0,0,1
1759,64,4,0,0,30,1,0,3,0,0,0,0,0,1
1760,64,4,0,0,30,1,0,3,0,0,0,0,0,1
1761,64,4,0,0,30,1,0,3,0,0,0,0,0,1
1762,64,4,0,0,30,1,0,3,0,0,0,0,0,1
1763,64,4,0,0,10,1,0,3,0,0,0,0,0,1
1764,64,5,0,0,10,1,0,3,0,0,0,0,0,1
1765,64,5,0,0,10,1,0,3,0,0,0,0,0,1
1766,64,5,0,0,15,1,0,3,0,0,0,0,0,1
1767,64,5,0,0,20,1,0,3,0,0,0,0,0,1
1768,64,5,0,0,30,1,0,3,0,0,0,0,0,1
1769,64,5,0,0,35,1,0,3,0,0,0,0,0,1
1770,0,-3,0,0,40,0,0,2,0,0,0,0,0,1
1771,64,0,0,0,5,1,0,3,0,0,0,0,0,1
1772,64,0,0,0,10,1,0,3,0,0,0,0,0,1
1773,64,0,0,0,7,1,0,3,0,0,0,0,0,1
1774,64,0,0,0,5,1,0,3,0,0,0,0,0,1
1775,64,0,0,0,15,1,0,3,0,0,0,0,0,1
1776,64,0,0,0,20,1,0,3,0,0,0,0,0,1
1777,64,0,0,0,15,1,0,3,0,0,0,0,0,1
1778,64,0,0,0,15,1,0,3,0,0,0,0,0,1
1779,64,0,0,0,15,1,0,3,0,0,0,0,0,1
1780,64,0,0,0,5,1,0,3,0,0,0,0,0,1
1781,64,0,0,0,10,1,0,3,0,0,0,0,0,1
1782,64,0,0,0,1,1,0,3,0,0,0,0,0,1
1783,64,0,0,0,10,1,0,3,0,0,0,0,0,1
1784,64,0,0,0,1,1,0,3,0,0,0,0,0,1
1785,64,0,0,0,1,1,0,3,0,0,0,0,0,1
1786,64,0,0,0,10,1,0,3,0,0,0,0,0,1
1787,64,0,0,0,15,1,0,3,0,0,0,0,0,1
1788,64,0,0,0,15,1,0,3,0,0,0,0,0,1
1789,64,0,0,0,1,1,0,3,0,0,0,0,0,1
1790,64,0,0,0,15,1,0,3,0,0,0,0,0,1
1791,64,0,0,0,15,1,0,3,0,0,0,0,0,1
1792,64,0,0,0,7,1,0,3,0,0,0,0,0,1
1793,64,0,0,0,5,1,0,3,0,0,0,0,0,1
1794,64,0,0,0,1,1,0,3,0,0,0,0,0,1
1795,64,0,0,0,1,1,0,3,0,0,0,0,0,1
1796,64,0,0,0,10,1,0,3,0,0,0,0,0,1
1797,64,0,0,0,7,1,0,3,0,0,0,0,0,1
1798,64,0,0,0,15,1,0,3,0,0,0,0,0,1
1799,64,0,0,0,15,1,0,3,0,0,0,0,0,1
1800,64,0,0,0,5,1,0,3,0,0,0,0,0,1
1801,64,0,0,0,10,1,0,3,0,0,0,0,0,1
1802,64,0,0,0,10,1,0,3,0,0,0,0,0,1
1803,64,0,0,0,15,1,0,3,0,0,0,0,0,1
1804,64,0,0,0,15,1,0,3,0,0,0,0,0,1
1805,64,0,0,0,1,1,0,3,0,0,0,0,0,1
1806,64,0,0,0,10,1,0,3,0,0,0,0,0,1
1807,64,0,0,0,10,1,0,3,0,0,0,0,0,1
1808,64,0,0,0,15,1,0,3,0,0,0,0,0,1
1809,64,0,0,0,15,1,0,3,0,0,0,0,0,1
1810,64,0,0,0,1,1,0,3,0,0,0,0,0,1
1811,64,0,0,0,15,1,0,3,0,0,0,0,0,1
1812,64,0,0,0,15,1,0,3,0,0,0,0,0,1
1813,64,0,0,0,5,1,0,3,0,0,0,0,0,1
1814,64,0,0,0,10,1,0,3,0,0,0,0,0,1
1815,64,0,0,0,15,1,0,3,0,0,0,0,0,1
1816,64,1,0,0,1,1,0,3,0,0,0,0,0,1
1817,64,1,0,0,1,1,0,3,0,0,0,0,0,1
1818,64,1,0,0,1,1,0,3,0,0,0,0,0,1
1819,64,1,0,0,1,1,0,3,0,0,0,0,0,1
1820,64,1,0,0,10,1,0,3,0,0,0,0,0,1
1821,64,2,0,0,10,1,0,3,0,0,0,0,0,1
1822,64,6,0,0,10,1,0,3,0,0,0,0,0,1
1823,64,3,0,0,30,1,0,3,0,0,0,0,0,1
1824,64,3,0,0,30,1,0,3,0,0,0,0,0,1
1825,64,3,0,0,30,1,0,3,0,0,0,0,0,1
1826,64,3,0,0,30,1,0,3,0,0,0,0,0,1
1827,64,3,0,0,30,1,0,3,0,0,0,0,0,1
1828,64,3,0,0,30,1,0,3,0,0,0,0,0,1
1829,64,4,0,0,10,1,0,3,0,0,0,0,0,1
1830,64,4,0,0,15,1,0,3,0,0,16,61,0,1
1831,64,4,0,0,25,1,0,3,0,0,26,61,0,1
1832,64,4,0,0,25,1,0,3,0,0,26,61,0,1
1833,64,4,0,0,20,1,0,3,0,0,21,61,0,1
1834,64,4,0,0,20,1,0,3,0,0,21,61,0,1
1835,64,3,0,0,30,1,0,3,0,0,31,61,0,1
1836,64,3,0,0,30,1,0,3,0,0,31,61,0,1
1837,64,3,0,0,30,1,0,3,0,0,31,61,0,1
1838,64,3,0,0,30,1,0,3,0,0,31,61,0,1
1839,64,3,0,0,30,1,0,3,0,0,31,61,0,1
1840,64,3,0,0,30,1,0,3,0,0,31,61,0,1
1841,64,3,0,0,30,1,0,3,0,0,31,61,0,1
1842,64,3,0,0,35,1,0,3,0,0,36,61,0,1
1843,64,3,0,0,35,1,0,3,0,0,36,61,0,1
1844,64,3,0,0,35,1,0,3,0,0,36,61,0,1
1845,64,3,0,0,35,1,0,3,0,0,36,61,0,1
1846,64,3,0,0,35,1,0,3,0,0,36,61,0,1
1847,64,5,0,0,10,1,0,3,0,0,0,0,0,1
1848,64,5,0,0,10,1,0,3,0,0,0,0,0,1
1849,64,5,0,0,15,1,0,3,0,0,16,61,0,1
1850,64,5,0,0,20,1,0,3,0,0,21,61,0,1
1851,64,5,0,0,30,1,0,3,0,0,31,61,0,1
1852,64,5,0,0,35,1,0,3,0,0,36,61,0,1
1853,64,5,0,0,35,1,0,3,0,0,36,61,0,1
1854,64,5,0,0,35,1,0,3,0,0,36,61,0,1
1855,64,6,0,0,10,1,0,3,0,0,0,0,0,1
1856,64,6,0,0,10,1,0,3,0,0,0,0,0,1
1857,64,6,0,0,10,1,0,3,0,0,0,0,0,1
1858,64,6,0,0,10,1,0,3,0,0,0,0,0,1
1859,64,6,0,0,10,1,0,3,0,0,0,0,0,1
1860,64,6,0,0,20,1,0,3,0,0,0,0,0,1
1861,64,6,0,0,10,1,0,3,0,0,0,0,0,1
1862,64,6,0,0,10,1,0,3,0,0,0,0,0,1
1863,96,6,0,0,45,1,0,3,0,0,46,61,0,1
1864,96,6,0,0,45,1,0,3,0,0,46,61,0,1
1865,96,6,0,0,45,1,0,3,0,0,46,61,0,1
1866,96,6,0,0,45,1,0,3,0,0,46,61,0,1
1867,96,6,0,0,45,1,0,3,0,0,46,61,0,1
1868,64,2,0,0,10,1,0,3,0,0,0,0,0,1
1869,64,2,0,0,10,1,0,3,0,0,0,0,0,1
1870,64,2,0,0,15,1,0,3,0,0,16,61,0,1
1871,64,2,0,0,15,1,0,3,0,0,16,61,0,1
1872,64,2,0,0,15,1,0,3,0,0,16,61,0,1
1873,64,2,0,0,15,1,0,3,0,0,16,61,0,1
1874,64,2,0,0,20,1,0,3,0,0,21,61,0,1
1875,64,2,0,0,20,1,0,3,0,0,21,61,0,1
1876,64,2,0,0,20,1,0,3,0,0,21,61,0,1
1877,64,2,0,0,25,1,0,3,0,0,26,61,0,1
1878,64,2,0,0,20,1,0,3,0,0,21,61,0,1
1879,64,2,0,0,20,1,0,3,0,0,21,61,0,1
1880,64,2,0,0,25,1,0,3,0,0,26,61,0,1
1881,64,2,0,0,25,1,0,3,0,0,26,61,0,1
1882,64,2,0,0,25,1,0,3,0,0,26,61,0,1
1883,64,2,0,0,25,1,0,3,0,0,26,61,0,1
1884,0,1,0,0,10,50,0,0,0,0,0,0,0,1
1885,64,1,0,0,10,1,0,3,0,0,0,0,0,1
1886,64,1,0,0,10,1,0,3,0,0,0,0,0,1
1887,64,1,0,0,10,1,0,3,0,0,0,0,0,1
1888,64,1,0,0,10,1,0,3,0,0,0,0,0,1
1889,64,1,0,0,15,1,0,3,0,0,16,61,0,1
1890,64,1,0,0,15,1,0,3,0,0,16,61,0,1
1891,64,1,0,0,15,1,0,3,0,0,16,61,0,1
1892,64,1,0,0,15,1,0,3,0,0,16,61,0,1
1893,64,1,0,0,20,1,0,3,0,0,21,61,0,1
1894,64,1,0,0,20,1,0,3,0,0,21,61,0,1
1895,64,1,0,0,20,1,0,3,0,0,21,61,0,1
1896,64,1,0,0,20,1,0,3,0,0,21,61,0,1
1897,64,1,0,0,20,1,0,3,0,0,21,61,0,1
1898,64,1,0,0,25,1,0,3,0,0,26,61,0,1
1899,64,1,0,0,25,1,0,3,0,0,26,61,0,1
1900,64,1,0,0,25,1,0,3,0,0,26,61,0,1
1901,64,0,0,0,8,1,0,3,0,0,16,61,0,1
1902,64,0,0,0,7,1,0,3,0,0,10,61,0,1
1903,64,0,0,0,10,1,0,3,0,0,0,0,0,1
1904,64,0,0,0,10,1,0,3,0,0,0,0,0,1
1905,64,0,0,0,15,1,0,3,0,0,16,61,0,1
1906,64,0,0,0,7,1,0,3,0,0,10,61,0,1
1907,64,0,0,0,8,1,0,3,0,0,16,61,0,1
1908,64,0,0,0,10,1,0,3,0,0,0,0,0,1
1909,64,0,0,0,10,1,0,3,0,0,0,0,0,1
1910,64,0,0,0,10,1,0,3,0,0,0,0,0,1
1911,64,0,0,0,15,1,0,3,0,0,16,61,0,1
1912,64,0,0,0,15,1,0,3,0,0,16,61,0,1
1913,64,0,0,0,15,1,0,3,0,0,16,61,0,1
1914,64,0,0,0,10,1,0,3,0,0,0,0,0,1
1915,64,0,0,0,10,1,0,3,0,0,0,0,0,1
1916,64,0,0,0,10,1,0,3,0,0,0,0,0,1
1917,64,0,0,0,15,1,0,3,0,0,16,61,0,1
1918,64,0,0,0,10,1,0,3,0,0,0,0,0,1
1919,64,0,0,0,20,1,0,3,0,0,21,61,0,1
1920,64,0,0,0,20,1,0,3,0,0,21,61,0,1
1921,64,0,0,0,20,1,0,3,0,0,21,61,0,1
1922,64,0,0,0,15,1,0,3,0,0,16,61,0,1
1923,64,0,0,0,20,1,0,3,0,0,21,61,0,1
1924,64,0,0,0,15,1,0,3,0,0,16,61,0,1
1925,64,0,0,0,15,1,0,3,0,0,16,61,0,1
1926,64,5,0,0,40,1,0,3,0,0,0,0,0,1
1927,0,8,0,0,60,60,0,0,0,0,0,0,0,1
1929,0,8,0,0,60,60,0,0,0,0,0,0,0,1
1930,0,8,0,0,60,60,0,0,0,0,0,0,0,1
1931,0,8,0,0,10,57,0,0,-2,0,0,0,0,1
1934,0,8,0,0,57,60,0,0,-2,0,0,0,0,1
1935,0,0,0,0,10,50,0,0,0,0,0,0,0,1
1936,64,8,0,0,55,60,0,0,-2,0,0,0,0,1
1937,0,1,0,0,30,30,0,0,0,0,0,0,0,1
1938,64,0,0,0,30,1,0,3,0,0,0,0,0,1
1939,64,1,0,0,30,1,0,3,0,0,0,0,0,1
1940,64,2,0,0,30,1,0,3,0,0,0,0,0,1
1941,64,3,0,0,35,1,0,3,0,0,0,0,0,1
1942,64,4,0,0,35,1,0,3,0,0,0,0,0,1
1943,64,5,0,0,40,1,0,3,0,0,0,0,0,1
1944,64,6,0,0,45,1,0,3,0,0,0,0,0,1
1958,64,-3,0,0,3,3,2,2,0,0,0,0,0,1
1987,0,3,0,0,35,35,0,0,0,255,0,0,0,1
1988,0,2,0,0,30,30,0,0,0,0,0,0,0,1
1989,0,2,0,0,30,30,0,0,0,0,0,0,0,1
1990,0,2,0,0,30,30,0,0,0,0,0,0,0,1
1991,0,3,0,0,35,35,0,0,0,0,0,0,0,1
1992,0,3,0,0,35,35,0,0,0,0,0,0,0,1
1993,0,3,0,0,35,35,0,0,0,0,0,0,0,1
1994,0,3,0,0,35,35,0,0,0,0,0,0,0,1
1995,0,0,0,0,5,0,0,2,0,0,0,0,0,1
1996,0,2,0,0,30,30,0,0,0,0,0,0,0,1
1997,0,2,0,0,30,30,0,0,0,0,0,0,0,1
1998,0,-3,0,0,5,0,0,2,0,0,0,0,0,1
1999,0,-3,0,0,0,0,1,2,0,0,0,0,0,1
2000,0,-3,0,0,0,0,1,2,0,0,0,0,0,1
2001,0,3,0,0,35,35,0,0,0,0,0,0,0,1
2002,0,4,0,0,35,35,0,0,0,255,0,0,0,1
2003,0,4,0,0,35,35,0,0,0,255,0,0,0,1
2004,0,4,0,0,35,35,0,0,0,255,0,0,0,1
2005,0,4,0,0,35,35,0,0,0,255,0,0,0,1
2006,0,4,0,0,35,35,0,0,0,255,0,0,0,1
2007,0,4,0,0,35,35,0,0,0,0,0,0,0,1
2008,0,4,0,0,35,35,0,0,0,0,0,0,0,1
2009,0,4,0,0,35,35,0,0,0,0,0,0,0,1
2010,0,4,0,0,35,35,0,0,0,0,0,0,0,1
2011,0,4,0,0,35,35,0,0,0,0,0,0,0,1
2012,0,4,0,0,35,35,0,0,0,0,0,0,0,1
2013,0,5,0,0,40,40,0,0,0,255,0,0,0,1
2014,0,5,0,0,40,40,0,0,0,255,0,0,0,1
2015,0,5,0,0,40,40,0,0,0,255,0,0,0,1
2016,0,5,0,0,40,40,0,0,0,0,0,0,0,1
2017,0,5,0,0,40,40,0,0,0,0,0,0,0,1
2018,0,5,0,0,40,40,0,0,0,0,0,0,0,1
2019,0,5,0,0,40,40,0,0,0,0,0,0,0,1
2020,0,5,0,0,40,40,0,0,0,0,0,0,0,1
2021,0,5,0,0,40,40,0,0,0,0,0,0,0,1
2022,0,7,19028,19041,48,60,0,0,0,0,0,0,0,1
2024,64,0,0,0,10,29,0,0,0,0,0,0,0,1
2025,0,-3,0,0,0,9,1,0,0,0,0,0,0,1
2027,0,-3,0,0,8,0,0,2,0,0,0,0,0,1
2028,0,-3,0,0,10,0,0,2,0,0,0,0,0,1
2030,0,-3,0,0,10,19,0,0,0,0,0,0,0,1
2031,0,-3,0,0,20,29,0,0,0,0,0,0,0,1
2032,0,-3,0,0,30,39,0,0,0,0,0,0,0,1
2033,0,-3,0,0,40,49,0,0,0,0,0,0,0,1
2034,0,-3,0,0,50,50,0,0,0,0,0,0,0,1
2035,0,-3,0,0,50,59,0,0,0,0,0,0,0,1
2036,0,-3,0,0,60,60,0,0,0,0,0,0,0,1
2037,0,-3,0,0,20,39,0,0,0,0,0,0,0,1
2038,0,-3,0,0,40,59,0,0,0,0,0,0,0,1
2039,0,5,0,0,41,0,0,2,0,0,0,0,0,1
2040,64,6,0,0,10,1,0,3,0,0,0,0,0,1
2041,0,8,0,0,61,61,0,0,0,0,0,0,0,1
2042,0,8,0,0,60,60,0,0,0,0,0,0,0,1
2043,0,8,27412,30975,60,60,0,0,0,255,0,0,0,1
2044,0,8,0,0,10,60,0,0,0,0,0,0,0,1
2045,32,6,0,0,45,45,0,0,0,255,0,0,0,1
2046,0,7,0,0,35,0,0,2,0,255,0,0,0,1
2047,0,-3,0,0,20,49,0,0,0,0,0,0,0,1
2048,0,-3,0,0,50,50,0,0,0,0,0,0,0,1
2049,0,1,0,0,30,30,0,0,0,0,0,0,0,1
2050,0,-3,0,0,1,-10,0,2,0,0,0,0,0,1
2051,64,-3,0,0,1,29,0,0,0,0,0,0,0,1
2052,64,-3,0,0,1,34,0,0,0,0,0,0,0,1
2053,64,-3,0,0,1,39,0,0,0,0,0,0,0,1
2054,64,-3,0,0,1,44,0,0,0,0,0,0,0,1
2055,64,-3,0,0,1,49,0,0,0,0,0,0,0,1
2056,0,8,0,0,50,59,0,0,0,0,0,0,0,1
2057,0,8,28836,30974,60,60,0,0,0,255,0,0,0,1
2060,0,8,27411,0,60,60,0,0,0,255,0,0,0,1
2061,34,-3,0,0,10,0,0,2,0,0,0,0,0,1
2062,34,-3,0,0,10,0,0,2,0,0,0,0,0,1
2063,34,-3,0,0,10,0,0,2,0,0,0,0,0,1
2065,0,8,0,0,50,59,0,0,-2,0,0,0,0,1
2066,0,-3,0,0,60,70,0,0,0,0,0,0,0,1
2067,0,-3,0,0,1,49,0,0,0,0,0,0,0,1
2068,0,-3,0,0,1,0,0,2,0,0,0,0,0,1
2069,64,0,0,0,1,30,0,0,0,0,0,0,0,1
2070,64,1,0,0,10,30,0,0,0,0,0,0,0,1
2071,64,2,0,0,10,30,0,0,0,0,0,0,0,1
2072,64,3,0,0,35,35,0,0,0,0,0,0,0,1
2073,64,4,0,0,10,35,0,0,0,0,0,0,0,1
2074,64,5,0,0,10,40,0,0,0,0,0,0,0,1
2075,64,6,0,0,10,45,0,0,0,0,0,0,0,1
2076,64,7,0,0,50,50,0,0,0,0,0,0,0,1
2077,64,8,27411,0,50,60,0,0,0,0,0,0,0,1
2078,0,9,0,0,10,70,0,0,0,0,0,0,0,1
2079,64,0,0,0,30,30,0,0,0,0,0,0,0,1
2080,64,1,0,0,30,30,0,0,0,0,0,0,0,1
2081,64,2,0,0,30,30,0,0,0,0,0,0,0,1
2082,64,4,0,0,35,35,0,0,0,0,0,0,0,1
2083,64,5,0,0,40,40,0,0,0,0,0,0,0,1
2084,64,6,0,0,45,45,0,0,0,0,0,0,0,1
2085,0,-3,0,0,255,255,0,0,0,0,0,0,0,1
2086,0,8,0,0,60,60,0,0,0,255,0,0,0,1
2087,0,8,0,0,60,60,0,0,0,255,0,0,0,1
2088,0,8,0,0,60,60,0,0,0,255,0,0,0,1
2089,0,8,0,0,60,60,0,0,0,255,0,0,0,1
2090,0,8,0,0,60,60,0,0,0,255,0,0,0,1
2091,64,-3,0,0,50,59,0,0,-2,1,-2,0,0,1
2092,64,5,0,0,10,1,0,3,0,255,0,0,0,1
2093,64,5,0,0,15,1,0,3,0,0,0,0,0,1
2094,64,5,0,0,20,1,0,3,0,0,0,0,0,1
2095,64,5,0,0,30,1,0,3,0,0,0,0,0,1
2096,64,5,0,0,35,1,0,3,0,0,0,0,0,1
2097,64,5,0,0,38,1,0,3,0,0,0,0,0,1
2098,0,8,27411,0,60,60,0,0,0,0,0,0,0,1
2099,0,-3,0,0,48,60,0,0,0,0,0,0,0,1
2103,0,7,0,0,0,9,1,0,0,0,0,0,0,1
2104,0,8,0,0,60,60,0,0,0,0,0,0,0,1
2105,0,8,0,0,60,60,0,0,0,0,0,0,0,1
2106,0,8,0,0,60,60,0,0,0,0,0,0,0,1
2107,0,8,0,0,60,60,0,0,0,255,0,0,0,1
2108,0,-3,0,0,30,30,0,0,0,0,0,0,0,1
2109,0,-3,0,0,30,30,0,0,0,0,0,0,0,1
2110,0,-3,0,0,30,30,0,0,0,0,0,0,0,1
2111,0,-3,0,0,35,35,0,0,0,0,0,0,0,1
2112,0,-3,0,0,35,35,0,0,0,0,0,0,0,1
2113,0,-3,0,0,40,40,0,0,0,0,0,0,0,1
2114,0,-3,0,0,45,45,0,0,0,0,0,0,0,1
2115,32,-3,0,0,60,60,0,0,0,0,0,0,0,1
2116,0,-3,0,0,61,1,0,3,0,0,0,0,0,1
2117,0,-3,0,0,0,0,2,2,0,0,0,0,0,1
2118,64,-3,0,0,61,1,0,3,0,0,0,0,0,1
2119,0,6,0,0,40,40,0,0,0,0,0,0,0,1
2120,32,7,0,0,10,60,0,0,0,0,10,60,0,1
2121,0,1,0,0,30,30,0,0,0,0,0,0,0,1
2122,64,7,0,0,40,60,0,0,0,0,0,0,0,1
2123,0,3,0,0,35,35,0,0,0,0,0,0,0,1
2125,0,8,27411,0,60,60,0,0,0,0,0,0,0,1
2127,0,-3,0,0,10,50,0,0,0,0,0,0,0,1
2128,0,8,0,0,10,58,0,0,0,0,0,0,0,1
2129,64,8,0,0,49,51,0,0,0,0,0,0,0,1
2130,64,8,0,0,50,52,0,0,0,0,0,0,0,1
2131,0,-3,0,0,48,59,0,0,0,0,0,0,0,1
2132,0,8,0,0,51,60,0,0,0,0,0,0,0,1
2136,0,7,0,0,51,0,0,2,0,0,0,0,0,1
2137,0,-3,0,0,0,0,2,2,0,0,0,0,0,1
2139,0,8,27680,28037,60,60,0,0,0,0,0,0,0,1
2140,0,0,0,0,10,35,0,0,0,0,0,0,0,1
2141,64,0,0,0,15,20,0,0,0,0,0,0,0,1
2142,0,8,0,0,50,60,0,0,0,0,0,0,0,1
2144,0,0,0,0,1,1,0,0,0,0,0,0,0,1
2145,0,-3,0,0,0,0,2,2,0,0,0,0,0,1
2146,0,0,0,0,13,0,0,2,0,0,0,0,0,1
2148,0,-3,0,0,0,0,2,2,0,0,0,0,0,1
2149,32,8,0,0,60,60,0,0,0,0,0,0,0,1
2150,0,9,0,0,10,60,0,0,-2,0,0,0,0,1
2151,0,9,0,0,10,70,0,0,0,0,0,0,0,1
2152,0,9,0,0,20,70,0,0,-2,0,0,0,0,1
2153,0,9,0,0,30,70,0,0,-2,0,0,0,0,1
2154,0,9,0,0,40,70,0,0,-4,0,0,0,0,1
2155,0,9,0,0,10,70,0,0,0,0,0,0,0,1
2156,0,9,0,0,70,70,0,0,0,0,0,0,0,1
2157,0,9,0,0,70,70,0,0,0,0,0,0,0,1
2158,0,9,0,0,70,70,0,0,0,0,0,0,0,1
2159,0,9,0,0,70,70,0,0,0,0,0,0,0,1
2160,0,9,0,0,70,70,0,0,0,0,0,0,0,1
2161,0,9,0,0,70,70,0,0,0,0,0,0,0,1
2162,0,-3,0,0,60,69,0,0,0,0,0,0,0,1
2163,0,-3,0,0,70,70,0,0,0,0,0,0,0,1
2164,0,9,0,0,10,70,0,0,0,0,0,0,0,1
2165,0,8,0,0,60,60,0,0,0,0,0,0,0,1
2166,0,8,0,0,60,60,0,0,0,0,0,0,0,1
2167,0,8,0,0,60,60,0,0,0,0,0,0,0,1
2168,0,8,0,0,60,60,0,0,0,255,0,0,0,1
2169,0,8,28836,0,61,61,0,0,-1,0,-1,0,0,1
2170,0,8,28836,0,60,60,0,0,0,0,0,0,0,1
2171,0,8,28836,0,60,60,0,0,0,0,0,0,0,1
2172,0,8,28836,0,60,60,0,0,0,0,0,0,0,1
2173,32,-3,0,0,45,0,0,2,0,0,0,0,0,1
2174,32,-3,0,0,10,-1,0,2,0,0,0,0,0,1
2175,32,-3,0,0,0,0,2,2,0,0,0,0,0,1
2176,4,-3,0,0,1,0,0,0,0,0,0,0,0,1
2177,64,-3,0,0,1,59,0,0,0,0,0,0,0,1
2178,64,0,0,0,1,1,0,0,0,0,0,0,0,1
2179,64,9,63320,63319,60,70,0,0,0,0,0,0,0,1
2181,0,9,0,0,1,70,0,0,0,0,0,0,0,1
2182,0,8,28836,0,60,60,0,0,0,0,0,0,0,1
2194,0,0,0,0,0,0,0,0,0,0,0,0,0,1
2214,0,9,0,0,10,70,0,0,0,0,0,0,0,1
2215,0,8,0,0,60,60,0,0,0,0,0,0,0,1
2216,0,5,0,0,10,40,0,0,0,0,0,0,0,1
2217,64,5,0,0,10,1,0,3,0,0,0,0,0,1
2218,0,5,0,0,40,40,0,0,0,0,0,0,0,1
2219,0,5,0,0,40,40,0,0,0,0,0,0,0,1
2220,0,9,0,0,60,70,0,0,-2,0,0,0,0,1
2221,0,9,0,0,20,70,0,0,-2,0,0,0,0,1
2222,0,9,0,0,20,70,0,0,-2,0,0,0,0,1
2223,0,9,0,0,20,70,0,0,-2,0,0,0,0,1
2224,0,9,0,0,62,65,0,0,-2,0,0,0,0,1
2225,0,9,0,0,20,70,0,0,-2,0,0,0,0,1
2226,0,9,0,0,20,70,0,0,-2,0,0,0,0,1
2227,0,9,0,0,62,65,0,0,-2,0,0,0,0,1
2228,0,9,0,0,62,65,0,0,-2,0,0,0,0,1
2229,0,9,0,0,60,70,0,0,-2,0,0,0,0,1
2230,0,9,0,0,62,65,0,0,-2,0,0,0,0,1
2231,0,9,0,0,62,65,0,0,-2,0,0,0,0,1
2232,0,9,0,0,20,70,0,0,-2,0,0,0,0,1
2233,0,9,0,0,62,65,0,0,-2,0,0,0,0,1
2234,0,9,0,0,62,65,0,0,-2,0,0,0,0,1
2235,0,9,0,0,62,65,0,0,-2,0,0,0,0,1
2236,0,9,0,0,62,65,0,0,-2,0,0,0,0,1
2237,0,9,0,0,20,70,0,0,-2,0,0,0,0,1
2238,0,9,0,0,62,65,0,0,-2,0,0,0,0,1
2239,0,9,0,0,62,65,0,0,-2,0,0,0,0,1
2240,0,9,0,0,62,65,0,0,-2,0,0,0,0,1
2241,0,9,0,0,20,70,0,0,-2,0,0,0,0,1
2242,0,9,0,0,20,70,0,0,-2,0,0,0,0,1
2243,0,9,0,0,20,70,0,0,-2,0,0,0,0,1
2244,0,9,0,0,62,65,0,0,-2,0,0,0,0,1
2245,0,9,0,0,62,65,0,0,-2,0,0,0,0,1
2246,0,9,0,0,20,70,0,0,-2,0,0,0,0,1
2247,0,9,0,0,62,65,0,0,-2,0,0,0,0,1
2248,0,9,0,0,62,65,0,0,-2,0,0,0,0,1
2249,0,9,0,0,20,70,0,0,-2,0,0,0,0,1
2250,0,9,0,0,20,70,0,0,-2,0,0,0,0,1
2251,0,9,0,0,20,70,0,0,-2,0,0,0,0,1
2252,0,9,0,0,20,70,0,0,-2,0,0,0,0,1
2253,0,9,0,0,20,70,0,0,-2,0,0,0,0,1
2254,0,9,0,0,20,70,0,0,-2,0,0,0,0,1
2255,0,9,0,0,60,70,0,0,-2,0,0,0,0,1
2256,0,9,0,0,20,70,0,0,-2,0,0,0,0,1
2257,0,9,0,0,20,70,0,0,-2,0,0,0,0,1
2258,0,9,0,0,20,70,0,0,-2,0,0,0,0,1
2259,0,9,0,0,62,65,0,0,-2,0,0,0,0,1
2260,0,9,0,0,62,65,0,0,-2,0,0,0,0,1
2261,0,9,0,0,62,65,0,0,-2,0,0,0,0,1
2262,0,9,0,0,20,70,0,0,-2,0,0,0,0,1
2263,0,9,0,0,20,70,0,0,-2,0,0,0,0,1
2264,0,9,0,0,20,70,0,0,-2,0,0,0,0,1
2265,0,9,0,0,20,70,0,0,-2,0,0,0,0,1
2266,0,9,0,0,10,70,0,0,0,0,0,0,0,1
2267,0,9,0,0,10,70,0,0,0,0,0,0,0,1
2268,0,9,0,0,60,62,0,0,-2,0,0,0,0,1
2269,0,9,0,0,60,62,0,0,-2,0,0,0,0,1
2270,0,9,0,0,10,70,0,0,0,0,0,0,0,1
2271,0,9,0,0,60,62,0,0,-2,0,0,0,0,1
2272,0,9,0,0,10,70,0,0,0,0,0,0,0,1
2273,0,9,0,0,60,62,0,0,-2,0,0,0,0,1
2274,0,9,0,0,60,62,0,0,-2,0,0,0,0,1
2275,0,9,66049,66048,60,70,0,0,-2,0,0,0,0,1
2276,0,9,0,0,10,70,0,0,0,0,0,0,0,1
2277,0,9,0,0,10,70,0,0,0,0,0,0,0,1
2278,0,9,0,0,10,70,0,0,0,0,0,0,0,1
2279,0,9,0,0,10,70,0,0,0,0,0,0,0,1
2280,0,9,0,0,10,70,0,0,0,0,0,0,0,1
2281,0,9,0,0,60,62,0,0,-2,0,0,0,0,1
2282,0,9,0,0,10,70,0,0,0,0,0,0,0,1
2283,0,9,0,0,10,70,0,0,0,0,0,0,0,1
2284,0,9,0,0,10,70,0,0,0,0,0,0,0,1
2285,0,9,0,0,10,70,0,0,0,0,0,0,0,1
2286,0,9,0,0,10,70,0,0,0,0,0,0,0,1
2287,0,9,66049,66048,10,70,0,0,-2,0,0,0,0,1
2288,0,9,0,0,60,62,0,0,-2,0,0,0,0,1
2289,0,9,0,0,10,70,0,0,0,0,0,0,0,1
2290,0,9,0,0,60,62,0,0,-2,0,0,0,0,1
2291,0,9,0,0,10,70,0,0,0,0,0,0,0,1
2292,0,9,0,0,60,62,0,0,-2,0,0,0,0,1
2293,0,9,0,0,10,70,0,0,0,0,0,0,0,1
2294,0,9,0,0,10,70,0,0,0,0,0,0,0,1
2295,0,9,0,0,10,70,0,0,0,0,0,0,0,1
2296,0,9,0,0,10,70,0,0,0,0,0,0,0,1
2297,0,9,0,0,10,70,0,0,0,0,0,0,0,1
2298,0,9,0,0,60,62,0,0,-2,0,0,0,0,1
2299,0,9,0,0,60,62,0,0,-2,0,0,0,0,1
2300,0,9,0,0,10,70,0,0,0,0,0,0,0,1
2301,0,9,0,0,60,62,0,0,-2,0,0,0,0,1
2302,0,9,0,0,10,70,0,0,0,0,0,0,0,1
2303,0,9,0,0,60,70,0,0,-2,0,0,0,0,1
2304,0,9,0,0,10,70,0,0,0,0,0,0,0,1
2305,0,9,66049,66048,10,70,0,0,-2,0,0,0,0,1
2306,0,9,0,0,10,70,0,0,0,0,0,0,0,1
2307,0,9,0,0,10,70,0,0,0,0,0,0,0,1
2308,0,9,0,0,10,70,0,0,0,0,0,0,0,1
2309,0,9,0,0,10,70,0,0,0,0,0,0,0,1
2310,0,9,0,0,60,62,0,0,-2,0,0,0,0,1
2311,0,9,0,0,30,70,0,0,-2,0,0,0,0,1
2312,0,9,0,0,30,70,0,0,-2,0,0,0,0,1
2313,0,9,0,0,30,70,0,0,-2,0,0,0,0,1
2314,0,9,0,0,65,68,0,0,-2,0,0,0,0,1
2315,0,9,0,0,30,70,0,0,-2,0,0,0,0,1
2316,0,9,0,0,30,70,0,0,-2,0,0,0,0,1
2317,0,9,0,0,30,70,0,0,-2,0,0,0,0,1
2318,0,9,0,0,30,70,0,0,-2,0,0,0,0,1
2319,0,9,0,0,30,70,0,0,-2,0,0,0,0,1
2320,0,9,0,0,30,70,0,0,-2,0,0,0,0,1
2321,0,9,0,0,65,68,0,0,-2,0,0,0,0,1
2322,0,9,0,0,65,68,0,0,-2,0,0,0,0,1
2323,0,9,0,0,65,68,0,0,-2,0,0,0,0,1
2324,0,9,0,0,65,68,0,0,-2,0,0,0,0,1
2325,0,9,0,0,65,68,0,0,-2,0,0,0,0,1
2326,0,9,0,0,30,70,0,0,-2,0,0,0,0,1
2327,0,9,0,0,30,70,0,0,-2,0,0,0,0,1
2328,0,9,0,0,65,68,0,0,-2,0,0,0,0,1
2329,0,9,0,0,65,68,0,0,-2,0,0,0,0,1
2330,0,9,66049,66048,30,70,0,0,-2,0,0,0,0,1
2331,0,9,0,0,65,68,0,0,-2,0,0,0,0,1
2332,0,9,0,0,30,70,0,0,-2,0,0,0,0,1
2333,0,9,0,0,65,68,0,0,-2,0,0,0,0,1
2334,0,9,0,0,30,70,0,0,-2,0,0,0,0,1
2335,0,9,0,0,30,70,0,0,-2,0,0,0,0,1
2336,0,9,0,0,65,68,0,0,-2,0,0,0,0,1
2337,0,9,0,0,65,68,0,0,-2,0,0,0,0,1
2338,0,9,0,0,65,68,0,0,-2,0,0,0,0,1
2339,0,9,0,0,65,68,0,0,-2,0,0,0,0,1
2340,0,9,0,0,30,70,0,0,-2,0,0,0,0,1
2341,0,9,0,0,65,68,0,0,-2,0,0,0,0,1
2342,0,9,0,0,65,68,0,0,-2,0,0,0,0,1
2343,0,9,0,0,65,68,0,0,-2,0,0,0,0,1
2344,0,9,0,0,65,68,0,0,-2,0,0,0,0,1
2345,0,9,0,0,65,68,0,0,-2,0,0,0,0,1
2346,0,9,0,0,30,70,0,0,-2,0,0,0,0,1
2347,0,9,0,0,30,70,0,0,-2,0,0,0,0,1
2348,0,9,0,0,65,68,0,0,-2,0,0,0,0,1
2349,0,9,0,0,30,70,0,0,-2,0,0,0,0,1
2350,0,9,0,0,65,68,0,0,-2,0,0,0,0,1
2351,0,9,0,0,30,70,0,0,-2,0,0,0,0,1
2352,0,9,0,0,30,70,0,0,-2,0,0,0,0,1
2353,0,9,0,0,65,68,0,0,-2,0,0,0,0,1
2354,0,9,0,0,30,70,0,0,-2,0,0,0,0,1
2355,0,9,0,0,30,70,0,0,-2,0,0,0,0,1
2356,0,9,0,0,65,68,0,0,-2,0,0,0,0,1
2357,0,9,0,0,30,70,0,0,-2,0,0,0,0,1
2358,0,9,0,0,30,70,0,0,-2,0,0,0,0,1
2359,0,9,0,0,68,70,0,0,-2,0,0,0,0,1
2360,0,9,0,0,68,70,0,0,-2,0,0,0,0,1
2361,0,9,0,0,68,70,0,0,-2,0,0,0,0,1
2362,0,9,0,0,40,70,0,0,-4,0,0,0,0,1
2363,0,9,0,0,68,70,0,0,-2,0,0,0,0,1
2364,0,9,0,0,68,70,0,0,-2,0,0,0,0,1
2365,0,9,0,0,68,70,0,0,-2,0,0,0,0,1
2366,0,9,0,0,40,70,0,0,-4,0,0,0,0,1
2367,0,9,0,0,40,70,0,0,-4,0,0,0,0,1
2368,0,9,0,0,40,70,0,0,-4,0,0,0,0,1
2369,0,9,0,0,68,70,0,0,-2,0,0,0,0,1
2370,0,9,0,0,40,70,0,0,-4,0,0,0,0,1
2371,0,9,0,0,40,70,0,0,-4,0,0,0,0,1
2372,0,9,0,0,40,70,0,0,-4,0,0,0,0,1
2373,0,9,0,0,68,70,0,0,-2,0,0,0,0,1
2374,0,9,0,0,68,70,0,0,-2,0,0,0,0,1
2375,0,9,0,0,40,70,0,0,-4,0,0,0,0,1
2376,0,9,0,0,68,70,0,0,-2,0,0,0,0,1
2377,0,9,0,0,68,70,0,0,-2,0,0,0,0,1
2378,0,9,0,0,40,70,0,0,-4,0,0,0,0,1
2379,0,9,0,0,68,70,0,0,-2,0,0,0,0,1
2380,0,9,0,0,68,70,0,0,-2,0,0,0,0,1
2381,0,9,0,0,68,70,0,0,-2,0,0,0,0,1
2382,0,9,0,0,40,70,0,0,-4,0,0,0,0,1
2383,0,9,0,0,40,70,0,0,-4,0,0,0,0,1
2384,0,9,0,0,68,70,0,0,-2,0,0,0,0,1
2385,0,9,0,0,40,70,0,0,-4,0,0,0,0,1
2386,0,9,0,0,40,70,0,0,-4,0,0,0,0,1
2387,0,9,0,0,68,70,0,0,-2,0,0,0,0,1
2388,0,9,0,0,40,70,0,0,-4,0,0,0,0,1
2389,0,9,0,0,68,70,0,0,-2,0,0,0,0,1
2390,0,9,0,0,40,70,0,0,-4,0,0,0,0,1
2391,0,9,0,0,40,70,0,0,-4,0,0,0,0,1
2392,0,9,0,0,68,70,0,0,-2,0,0,0,0,1
2393,0,9,0,0,40,70,0,0,-4,0,0,0,0,1
2394,0,9,0,0,40,70,0,0,-4,0,0,0,0,1
2395,0,9,0,0,40,70,0,0,-4,0,0,0,0,1
2396,0,9,0,0,68,70,0,0,-2,0,0,0,0,1
2397,0,9,0,0,40,70,0,0,-4,0,0,0,0,1
2398,0,9,0,0,40,70,0,0,-4,0,0,0,0,1
2399,0,9,0,0,68,70,0,0,-2,0,0,0,0,1
2400,0,9,66049,66048,40,70,0,0,-2,0,0,0,0,1
2401,0,9,0,0,40,70,0,0,-4,0,0,0,0,1
2402,0,9,0,0,68,70,0,0,-2,0,0,0,0,1
2403,0,9,0,0,68,70,0,0,-2,0,0,0,0,1
2404,0,9,0,0,40,70,0,0,-4,0,0,0,0,1
2405,0,9,0,0,10,60,0,0,-2,0,0,0,0,1
2406,0,9,0,0,58,60,0,0,-2,0,0,0,0,1
2407,0,9,0,0,10,60,0,0,-2,0,0,0,0,1
2408,0,9,0,0,58,60,0,0,-2,0,0,0,0,1
2409,0,9,0,0,10,60,0,0,-2,0,0,0,0,1
2410,0,9,0,0,58,60,0,0,-2,0,0,0,0,1
2411,0,9,0,0,10,60,0,0,-2,0,0,0,0,1
2412,0,9,0,0,58,60,0,0,-2,0,0,0,0,1
2413,0,9,0,0,58,60,0,0,-2,0,0,0,0,1
2414,0,9,0,0,58,60,0,0,-2,0,0,0,0,1
2415,0,9,0,0,58,60,0,0,-2,0,0,0,0,1
2416,0,9,0,0,58,60,0,0,-2,0,0,0,0,1
2417,0,9,0,0,10,60,0,0,-2,0,0,0,0,1
2418,0,9,0,0,10,60,0,0,-2,0,0,0,0,1
2419,0,9,0,0,10,60,0,0,-2,0,0,0,0,1
2420,0,9,0,0,10,60,0,0,-2,0,0,0,0,1
2421,0,8,0,0,60,60,0,0,0,0,0,0,0,1
2422,0,8,0,0,60,60,0,0,0,0,0,0,0,1
2423,0,8,0,0,10,9,0,0,0,0,0,0,0,1
2424,0,9,63320,63319,10,70,0,0,0,0,0,0,0,1
2425,0,9,0,0,10,60,0,0,0,0,0,0,0,1
2426,0,8,0,0,60,60,0,0,0,0,0,0,0,1
2427,0,8,0,0,70,70,1,2,0,0,0,0,0,1
2428,0,8,0,0,60,60,0,0,0,0,0,0,0,1
2429,0,-3,0,0,30,35,0,0,0,0,0,0,0,1
2430,0,8,0,0,60,60,0,0,0,0,0,0,0,1
2431,0,8,27411,0,60,60,0,0,0,255,0,0,0,1
2432,0,8,27412,30975,60,60,0,0,0,0,0,0,0,1
2433,0,8,28836,30974,60,60,0,0,0,0,0,0,0,1
2435,0,-3,0,0,0,0,1,3,0,0,0,0,0,1
2436,0,9,0,0,20,70,0,0,-2,0,0,0,0,1
2437,0,9,0,0,10,70,0,0,0,0,0,0,0,1
2438,0,9,0,0,62,65,0,0,-2,0,0,0,0,1
2439,0,9,0,0,20,70,0,0,-2,0,0,0,0,1
2440,0,9,0,0,62,65,0,0,-2,0,0,0,0,1
2441,0,9,0,0,20,70,0,0,-2,0,0,0,0,1
2442,0,9,0,0,62,65,0,0,-2,0,0,0,0,1
2444,0,9,0,0,10,70,0,0,0,0,0,0,0,1
2445,0,9,0,0,62,65,0,0,-2,0,0,0,0,1
2446,0,0,0,0,1,2,0,0,0,0,0,0,0,1
2455,0,9,0,0,70,70,0,0,0,0,0,0,0,1
2456,32,-3,66049,66048,70,70,0,0,0,0,0,0,0,1
2462,0,10,77585,77584,80,80,0,0,0,0,0,0,0,1
2466,0,9,0,0,10,70,0,0,0,0,0,0,0,1
2467,0,9,0,0,68,70,0,0,-2,0,0,0,0,1
2468,0,9,0,0,30,70,0,0,-2,0,0,0,0,1
2469,0,9,0,0,20,70,0,0,-2,0,0,0,0,1
2471,0,9,0,0,70,70,0,0,0,255,0,0,0,1
2472,0,9,0,0,10,70,0,0,0,0,0,0,0,1
2473,0,9,0,0,10,10,0,0,0,0,0,0,0,1
2474,0,9,0,0,70,70,0,0,0,255,0,0,0,1
2475,0,9,66049,66048,30,70,0,0,-2,0,0,0,0,1
2476,0,9,0,0,40,70,0,0,-4,0,0,0,0,1
2477,0,8,0,0,10,59,0,0,0,0,0,0,0,1
2479,0,9,0,0,62,65,0,0,-2,0,0,0,0,1
2480,0,9,66049,66048,20,70,0,0,0,0,0,0,0,1
2481,0,9,0,0,40,70,0,0,-4,0,0,0,0,1
2483,0,9,0,0,30,70,0,0,-2,0,0,0,0,1
2484,0,-3,0,0,1,70,0,0,0,0,0,0,0,1
2485,0,9,0,0,10,69,0,0,0,0,0,0,0,1
2486,0,9,0,0,70,70,0,0,0,0,0,0,0,1
2501,0,9,66049,66048,10,70,0,0,-2,0,0,0,0,1
2502,0,9,0,0,62,65,0,0,-2,0,0,0,0,1
2503,0,9,0,0,60,62,0,0,-2,0,0,0,0,1
2504,0,9,0,0,20,70,0,0,-2,0,0,0,0,1
2505,0,9,0,0,20,70,0,0,-2,0,0,0,0,1
2506,0,9,66049,66048,40,70,0,0,-2,0,0,0,0,1
2507,0,9,0,0,70,70,0,0,0,0,0,0,0,1
2508,0,9,0,0,1,70,0,0,0,0,0,0,0,1
2509,0,9,66049,66048,20,70,0,0,-2,0,0,0,0,1
2510,0,9,0,0,20,70,0,0,-2,0,0,0,0,1
2511,0,9,0,0,20,70,0,0,-2,0,0,0,0,1
2512,0,9,0,0,20,70,0,0,-2,0,0,0,0,1
2514,0,0,0,0,0,0,0,0,0,0,0,0,0,1
2516,0,9,66049,66048,30,70,0,0,-2,0,0,0,0,1
2517,0,9,0,0,10,70,0,0,0,0,0,0,0,1
2518,0,9,0,0,10,70,0,0,0,0,0,0,0,1
2519,0,9,0,0,30,70,0,0,-2,0,0,0,0,1
2520,0,9,0,0,65,68,0,0,-2,0,0,0,0,1
2521,0,9,0,0,70,70,0,0,0,0,0,0,0,1
2522,0,9,0,0,10,70,0,0,0,0,0,0,0,1
2523,0,9,0,0,10,70,0,0,0,0,0,0,0,1
2524,0,9,0,0,10,70,0,0,0,0,0,0,0,1
2525,0,9,0,0,60,70,0,0,0,0,0,0,0,1
2526,0,9,0,0,60,70,0,0,0,0,0,0,0,1
2527,0,9,0,0,10,70,0,0,0,0,0,0,0,1
2528,0,9,0,0,20,70,0,0,-2,0,0,0,0,1
2529,0,9,0,0,20,70,0,0,-2,0,0,0,0,1
2530,0,9,0,0,20,70,0,0,-2,0,0,0,0,1
2531,0,9,0,0,70,70,0,0,0,0,0,0,0,1
2532,0,9,0,0,70,70,0,0,0,0,0,0,0,1
2533,0,9,0,0,10,70,0,0,0,0,0,0,0,1
2534,0,9,0,0,10,70,0,0,0,0,0,0,0,1
2535,0,9,66049,66048,20,70,0,0,-2,0,0,0,0,1
2536,0,9,66049,66048,10,70,0,0,-2,0,0,0,0,1
2537,0,9,0,0,10,70,0,0,0,0,0,0,0,1
2538,0,9,0,0,63,70,0,0,0,0,0,0,0,1
2539,0,9,0,0,10,70,0,0,0,0,0,0,0,1
2540,0,9,0,0,10,70,0,0,0,0,0,0,0,1
2541,0,9,0,0,40,70,0,0,-4,0,0,0,0,1
2542,0,9,0,0,20,70,0,0,-2,0,0,0,0,1
2543,0,9,0,0,30,70,0,0,-2,0,0,0,0,1
2545,0,9,0,0,40,70,0,0,-4,0,0,0,0,1
2546,0,9,0,0,40,70,0,0,-4,0,0,0,0,1
2547,0,8,0,0,60,60,0,0,0,0,60,60,0,1
2548,0,9,0,0,10,70,0,0,0,0,10,70,0,1
2549,0,9,0,0,20,70,0,0,0,0,20,70,0,1
2550,0,9,0,0,30,70,0,0,0,0,30,70,0,1
2551,0,9,0,0,10,70,0,0,0,0,10,70,0,1
2552,0,9,0,0,40,70,0,0,-4,0,0,0,0,1
2553,0,9,0,0,40,70,0,0,-4,0,0,0,0,1
2554,0,9,0,0,40,70,0,0,0,0,40,70,0,1
2555,0,9,0,0,70,70,0,0,0,0,70,70,0,1
2563,64,4,0,0,10,1,0,3,0,0,0,0,0,1
2564,0,4,0,0,10,35,0,0,0,0,0,0,0,1
2565,0,4,0,0,35,35,0,0,0,0,0,0,0,1
2566,0,4,0,0,35,35,0,0,0,0,0,0,0,1
2567,0,9,0,0,10,70,0,0,-2,0,0,0,0,1
2568,0,9,0,0,64,69,0,0,0,0,0,0,0,1
2569,12,0,0,0,0,0,0,0,0,0,0,0,0,1
2570,64,8,0,0,10,1,0,3,0,0,0,0,0,1
2571,64,8,0,0,10,1,0,3,0,0,0,0,0,1
2572,64,8,0,0,60,60,0,0,0,0,0,0,0,1
2573,0,0,0,0,10,70,0,0,0,0,0,0,0,1
2574,64,8,0,0,10,1,0,3,0,0,0,0,0,1
2575,0,8,0,0,10,1,0,3,0,0,0,0,0,1
2576,0,8,0,0,10,1,0,3,0,0,10,61,0,1
2577,0,8,0,0,10,61,0,0,0,0,0,0,0,1
2578,0,8,0,0,10,1,0,3,0,0,0,0,0,1
2579,0,9,0,0,60,65,0,0,0,0,0,0,0,1
2580,0,0,0,0,10,10,0,0,0,0,0,0,0,1
2581,0,0,0,0,15,15,0,0,0,0,0,0,0,1
2582,0,0,0,0,20,20,0,0,0,0,0,0,0,1
2583,0,0,0,0,25,25,0,0,0,0,0,0,0,1
2584,0,0,0,0,30,30,0,0,0,0,0,0,0,1
2585,0,0,0,0,35,35,0,0,0,0,0,0,0,1
2586,0,9,63296,63295,10,70,0,0,0,0,0,0,0,1
2587,64,9,0,0,10,70,0,0,0,0,10,70,0,1
2588,0,9,63320,63319,70,70,0,0,0,0,0,0,0,1
2589,0,9,66049,66048,70,70,0,0,0,0,0,0,0,1
2590,0,9,66049,66048,70,70,0,0,0,0,0,0,0,1
2591,0,0,0,0,58,70,0,0,0,0,0,0,0,1
2592,0,-3,0,0,58,0,0,2,0,0,0,0,0,1
2593,0,-3,0,0,70,0,0,2,0,0,0,0,0,1
2594,0,9,0,0,40,70,0,0,0,0,0,0,0,1
2595,0,-3,0,0,1,0,0,2,0,0,0,0,0,1
2596,0,-3,0,0,0,0,1,1,0,0,0,0,0,1
2597,0,-3,0,0,20,30,0,0,0,0,0,0,0,1
2598,0,-3,0,0,20,40,0,0,0,0,0,0,0,1
2599,0,8,0,0,61,1,0,3,0,0,0,0,0,1
2600,0,9,66049,66048,30,70,0,0,0,0,0,0,0,1
2601,0,9,66049,66048,30,70,0,0,0,0,0,0,0,1
2602,0,9,0,0,10,70,0,0,0,0,0,0,0,1
2603,0,9,0,0,10,70,0,0,0,0,0,0,0,1
2604,0,9,0,0,20,70,0,0,0,0,0,0,0,1
2605,0,9,0,0,30,70,0,0,0,0,0,0,0,1
2606,0,9,0,0,40,70,0,0,0,0,0,0,0,1
2607,0,9,0,0,10,70,0,0,0,0,0,0,0,1
2608,0,9,0,0,70,70,0,0,0,0,0,0,0,1
2609,0,9,0,0,70,70,0,0,0,0,0,0,0,1
2610,0,9,0,0,70,70,0,0,0,0,0,0,0,1
2611,0,9,0,0,70,70,0,0,0,0,0,0,0,1
2612,0,0,0,0,0,0,0,0,0,0,0,0,0,1
2613,0,9,63320,63319,70,70,0,0,0,0,0,0,0,1
2614,0,9,63320,63319,70,70,0,0,0,0,0,0,0,1
2615,0,9,63320,63319,70,70,0,0,0,0,0,0,0,1
2616,0,9,63320,63319,70,70,0,0,0,0,0,0,0,1
2617,0,9,63320,63319,70,70,0,0,0,0,0,0,0,1
2618,0,9,63320,63319,70,70,0,0,0,0,0,0,0,1
2619,0,9,63320,63319,70,70,0,0,0,0,0,0,0,1
2620,0,9,63320,63319,70,70,0,0,0,0,0,0,0,1
2621,0,9,63320,63319,70,70,0,0,0,0,0,0,0,1
2622,0,9,63320,63319,70,70,0,0,0,0,0,0,0,1
2623,0,9,63320,63319,70,70,0,0,0,0,0,0,0,1
2624,0,9,63320,63319,70,70,0,0,0,0,0,0,0,1
2625,0,9,63320,63319,70,70,0,0,0,0,0,0,0,1
2626,0,9,63320,63319,70,70,0,0,0,0,0,0,0,1
2627,0,9,63320,63319,70,70,0,0,0,0,0,0,0,1
2628,0,9,63320,63319,70,70,0,0,0,0,0,0,0,1
2629,0,9,63320,63319,70,70,0,0,0,0,0,0,0,1
2630,0,9,63320,63319,70,70,0,0,0,0,0,0,0,1
2631,0,9,63320,63319,70,70,0,0,0,0,0,0,0,1
2632,0,9,63320,63319,70,70,0,0,0,0,0,0,0,1
2633,0,9,63320,63319,70,70,0,0,0,0,0,0,0,1
2635,0,9,0,0,10,70,0,0,0,0,0,0,0,1
2636,64,8,0,0,10,1,0,3,0,0,0,0,0,1
2637,64,-3,0,0,0,0,3,2,0,0,0,0,0,1
2638,0,0,0,0,1,0,3,2,0,0,0,0,0,1
2639,0,0,0,0,0,0,1,3,0,0,0,0,0,1
2640,0,7,0,0,50,50,0,0,0,0,0,0,0,1
2641,0,9,63320,63319,60,70,0,0,0,0,0,0,0,1
2642,0,8,0,0,60,60,0,0,0,255,0,0,0,1
2643,0,8,0,0,60,60,0,0,0,255,0,0,0,1
2644,0,8,0,0,60,60,0,0,0,255,0,0,0,1
2645,0,9,0,0,70,70,0,0,0,0,0,0,0,1
2646,0,9,0,0,70,70,0,0,0,0,0,0,0,1
2647,0,9,0,0,70,70,0,0,0,0,0,0,0,1
2648,0,9,0,0,70,70,0,0,0,0,0,0,0,1
2649,0,9,63320,63319,70,70,0,0,-4,0,0,0,0,1
2650,0,9,63320,63319,70,70,0,0,0,0,0,0,0,1
2651,64,8,0,0,10,60,0,0,0,0,0,0,0,1
2652,0,9,0,0,10,70,0,0,0,0,0,0,0,1
2658,64,7,0,0,10,60,0,0,0,0,0,0,0,1
2659,0,1,0,0,30,30,0,0,0,0,0,0,0,1
2660,0,3,0,0,35,35,0,0,0,0,0,0,0,1
2661,0,0,0,0,30,30,0,0,0,0,0,0,0,1
2662,0,6,0,0,45,45,0,0,0,0,0,0,0,1
2663,0,2,0,0,30,30,0,0,0,0,0,0,0,1
2664,0,4,0,0,35,35,0,0,0,0,0,0,0,1
2665,0,8,0,0,60,60,0,0,0,0,0,0,0,1
2666,0,5,0,0,40,40,0,0,0,0,0,0,0,1
2667,0,9,0,0,70,70,0,0,0,0,0,0,0,1
2668,64,-3,0,0,1,69,0,0,0,0,0,0,0,1
2669,0,9,0,0,70,70,0,0,0,255,0,0,0,1
2670,0,9,0,0,60,60,0,0,0,0,0,0,0,1
2671,0,3,0,0,10,35,0,0,0,0,0,0,0,1
2672,0,3,0,0,35,35,0,0,0,0,0,0,0,1
2673,0,3,0,0,35,35,0,0,0,0,0,0,0,1
2674,0,9,0,0,10,70,0,0,0,0,0,0,0,1
2675,0,9,0,0,60,60,0,0,0,0,0,0,0,1
2676,0,9,63320,63319,70,70,0,0,0,0,0,0,0,1
2677,0,10,0,0,70,80,0,0,0,0,0,0,0,1
2678,0,0,63320,63319,30,70,0,0,0,0,0,0,0,1
2679,96,7,0,0,10,0,0,2,0,0,0,0,0,1
2680,0,0,63320,63319,1,70,0,0,0,0,0,0,0,1
2681,0,9,0,0,70,70,0,0,0,0,0,0,0,1
2682,0,9,63320,63319,40,70,0,0,0,0,0,0,0,1
2683,0,9,0,0,10,69,0,0,0,0,0,0,0,1
2684,0,9,63320,63319,40,70,0,0,0,0,0,0,0,1
2685,0,6,0,0,85,85,0,0,0,255,0,0,0,1
2687,0,9,63320,63319,70,70,0,0,0,0,0,0,0,1
2688,0,9,0,0,70,70,0,0,-2,0,0,0,0,1
2689,32,7,0,0,50,0,0,2,0,255,0,0,0,1
2690,0,0,0,0,0,0,0,0,0,0,0,0,0,1
2691,0,9,63320,63319,70,70,0,0,0,0,0,0,0,1
2692,0,9,63320,63319,70,70,0,0,0,0,0,0,0,1
2693,0,-3,0,0,10,69,0,0,0,0,0,0,0,1
2694,0,9,63320,63319,70,70,0,0,0,0,0,0,0,1
2695,0,8,0,0,61,0,0,2,0,0,0,0,0,1
2696,0,9,63295,63295,10,70,0,0,0,0,0,0,0,1
2697,0,-3,0,0,-1,0,1,2,-1,0,0,0,0,1
2698,0,9,63320,63319,70,70,0,0,0,0,0,0,0,1
2699,0,9,63296,63295,70,70,0,0,0,0,0,0,0,1
2700,0,9,63296,63295,70,70,0,0,-4,0,0,0,0,1
2701,0,9,63296,63295,70,70,0,0,0,0,0,0,0,1
2702,0,-3,68715,77418,0,0,1,2,0,0,0,0,0,1
2703,32,-3,0,0,1,0,0,2,0,0,0,0,0,1
2704,32,-3,0,0,1,0,0,2,0,0,0,0,0,1
2705,0,9,63296,63295,70,70,0,0,0,0,0,0,0,1
2706,0,9,63320,63319,70,70,0,0,0,255,0,0,0,1
2707,0,9,63320,63319,70,70,0,0,0,0,0,0,0,1
2708,0,9,63320,63319,70,70,0,0,0,0,0,0,0,1
2709,0,10,0,0,70,70,0,0,0,0,0,0,0,1
2711,0,9,63296,63295,70,70,0,0,0,0,0,0,0,1
2713,0,9,63296,63295,70,70,0,0,0,0,0,0,0,1
2714,0,9,63320,63319,70,70,0,0,0,0,0,0,0,1
2715,0,9,63320,63319,30,70,0,0,0,0,0,0,0,1
2716,0,9,63320,63319,10,70,0,0,0,0,0,0,0,1
2718,0,10,0,0,80,80,0,0,0,0,80,80,0,1
2720,0,10,0,0,80,80,0,0,0,0,0,0,0,1
2722,0,10,0,0,80,80,0,0,0,0,0,0,0,1
2723,0,10,0,0,80,80,0,0,0,0,0,0,0,1
2724,0,10,0,0,80,80,0,0,0,0,0,0,0,1
2727,0,10,0,0,80,80,0,0,0,0,0,0,0,1
2729,0,10,0,0,80,80,0,0,0,0,0,0,0,1
2731,0,9,0,0,70,70,0,0,0,0,0,0,0,1
2732,0,-3,0,0,0,-1,0,2,0,0,0,0,0,1
2734,0,10,0,0,68,80,0,0,0,0,0,0,0,1
2735,0,8,0,0,60,60,0,0,0,0,0,0,0,1
2736,0,9,63296,63295,70,70,0,0,0,0,0,0,0,1
2737,0,-3,0,0,10,0,0,2,0,0,0,0,0,1
2739,0,4,75709,75708,10,70,0,0,0,0,0,0,0,1
2740,0,4,75707,75706,10,70,0,0,0,0,10,70,0,1
2741,0,4,75403,75402,40,70,0,0,0,0,40,70,0,1
2742,0,4,75403,75402,40,70,0,0,0,0,40,70,0,1
2743,0,4,75403,75402,10,70,0,0,0,0,10,70,0,1
2744,0,4,75403,75402,10,70,0,0,0,0,10,70,0,1
2745,0,4,75403,75402,10,70,0,0,0,0,10,70,0,1
2746,0,4,75038,75037,25,70,0,0,0,0,25,70,0,1
2747,0,4,75403,75402,30,70,0,0,0,0,30,70,0,1
2748,0,4,75403,75402,20,70,0,0,0,0,20,70,0,1
2749,0,4,75403,75402,10,70,0,0,0,0,10,70,0,1
2750,0,4,75038,75037,30,70,0,0,0,0,30,70,0,1
2751,0,4,75038,75037,20,70,0,0,0,0,20,70,0,1
2752,0,4,75038,75037,10,70,0,0,0,0,10,70,0,1
2753,0,4,75038,75037,10,70,0,0,0,0,10,70,0,1
2754,0,4,75403,75402,25,70,0,0,0,0,25,70,0,1
2755,0,4,75038,75037,40,70,0,0,0,0,40,70,0,1
2756,0,4,75038,75037,10,70,0,0,0,0,10,70,0,1
2757,0,4,75038,75037,40,70,0,0,0,0,40,70,0,1
2758,0,4,75038,75037,10,70,0,0,0,0,10,70,0,1
2759,0,4,0,0,10,70,0,0,0,255,10,255,0,1
2760,0,4,0,0,10,70,0,0,0,255,10,255,0,1
2761,96,-3,0,0,10,0,0,2,0,0,0,0,0,1
2762,0,10,0,0,78,80,0,0,-4,0,0,0,0,1
2763,0,4,74162,74164,10,70,0,0,0,0,0,0,0,1
2764,0,4,74166,74165,20,70,0,0,0,0,0,0,0,1
2765,0,4,74168,74167,20,70,0,0,0,0,0,0,0,1
2766,0,4,74171,74170,25,70,0,0,0,0,0,0,0,1
2767,0,4,74173,74172,30,70,0,0,0,0,0,0,0,1
2768,0,4,74178,74177,35,70,0,0,0,0,0,0,0,1
2769,0,4,74180,74179,40,70,0,0,0,0,0,0,0,1
2770,0,4,74182,74181,45,70,0,0,0,0,0,0,0,1
2771,0,4,74184,74183,50,70,0,0,0,0,0,0,0,1
2772,0,4,71124,71123,25,70,0,0,0,0,25,70,0,1
2773,0,4,75705,75704,25,70,0,0,0,0,25,70,0,1
2774,0,4,0,0,70,70,0,0,0,0,0,0,0,1
2775,0,4,0,0,70,70,0,0,0,0,0,0,0,1
2776,0,4,71124,71123,35,70,0,0,0,0,35,70,0,1
2777,0,4,75705,75704,35,70,0,0,0,0,35,70,0,1
2778,0,4,0,0,70,70,0,0,0,0,0,0,0,1
2779,0,4,71124,71123,40,70,0,0,0,0,40,70,0,1
2780,0,4,75705,75704,40,70,0,0,0,0,40,70,0,1
2781,0,4,0,0,70,70,0,0,0,0,0,0,0,1
2782,0,4,71124,71123,50,70,0,0,0,0,50,70,0,1
2783,0,4,75705,75704,50,70,0,0,0,0,50,70,0,1
2784,0,4,0,0,70,70,0,0,0,0,0,0,0,1
2785,0,4,71124,71123,60,70,0,0,0,0,60,70,0,1
2786,0,4,75705,75704,60,70,0,0,0,0,60,70,0,1
2787,0,4,74171,74170,25,70,0,0,0,0,0,0,0,1
2788,0,4,0,0,70,70,0,0,0,0,70,70,0,1
2789,0,4,74182,74181,45,70,0,0,0,0,0,0,0,1
2790,0,4,0,0,10,70,0,0,0,0,0,0,0,1
2791,0,4,74162,74164,10,70,0,0,0,0,0,0,0,1
2792,0,4,0,0,40,70,0,0,0,0,0,0,0,1
2793,0,4,74162,74164,10,70,0,0,0,0,0,0,0,1
2794,0,4,0,0,40,70,0,0,0,0,0,0,0,1
2795,0,10,0,0,70,80,0,0,0,0,0,0,0,1
2796,128,-3,0,0,30,0,0,2,0,0,0,0,0,1
2797,0,10,0,0,70,73,0,0,-2,0,0,0,0,1
2798,0,10,0,0,73,75,0,0,-2,0,0,0,0,1
2799,0,10,0,0,75,78,0,0,-2,0,0,0,0,1
2800,0,10,0,0,78,80,0,0,-4,0,0,0,0,1
2802,0,10,0,0,80,80,0,0,0,0,0,0,0,1
2803,32,-3,77585,77584,80,80,0,0,0,0,0,0,0,1
2804,0,10,0,0,70,73,0,0,-2,0,0,0,0,1
2805,0,10,0,0,73,75,0,0,0,0,0,0,0,1
2806,0,10,0,0,75,78,0,0,0,0,0,0,0,1
2807,0,10,0,0,78,80,0,0,0,0,0,0,0,1
2808,0,10,77585,77584,70,80,0,0,-2,0,0,0,0,1
2809,0,10,77585,77584,80,80,0,0,0,0,0,0,0,1
2810,0,10,77585,77584,80,80,0,0,0,0,0,0,0,1
2811,0,10,77585,77584,70,80,0,0,0,0,0,0,0,1
2814,197,-3,0,0,1,10,0,0,0,0,0,0,0,1
2815,0,-3,71028,71026,10,0,0,2,0,0,0,0,0,1
2816,0,-3,71028,71026,10,0,0,2,0,0,0,0,0,1
2817,0,-3,71030,71029,10,0,0,2,0,0,0,0,0,1
2818,0,-3,71030,71029,10,0,0,2,0,0,0,0,0,1
2819,0,9,71049,71049,70,70,0,0,0,0,0,0,0,1
2820,0,9,0,0,70,70,0,0,0,0,0,0,0,1
2821,0,9,0,0,70,70,0,0,0,0,0,0,0,1
2822,0,9,0,0,70,70,0,0,0,0,0,0,0,1
2823,0,9,0,0,70,70,0,0,0,0,0,0,0,1
2824,0,10,0,0,80,80,0,0,0,0,0,0,0,1
2825,0,9,71124,0,10,10,0,0,0,0,0,0,0,1
2826,0,9,0,0,10,70,0,0,0,0,0,0,0,1
2827,0,10,0,0,70,80,0,0,0,0,0,0,0,1
2828,0,9,63296,63295,70,70,0,0,0,0,0,0,0,1
2829,0,10,77585,77584,80,80,0,0,0,0,0,0,0,1
2831,0,4,74182,74181,40,70,0,0,0,0,0,0,0,1
2832,0,10,0,0,70,80,0,0,-2,0,0,0,0,1
2833,0,4,75403,75402,10,70,0,0,0,0,10,70,0,1
2834,0,4,75038,75037,10,70,0,0,0,0,10,70,0,1
2835,0,4,0,0,10,70,0,0,0,0,0,0,0,1
2836,0,0,0,0,12,0,0,0,0,0,0,0,0,1
2837,0,10,77585,77584,80,80,0,0,0,0,0,0,0,1
2838,0,10,77585,77584,70,80,0,0,-2,0,0,0,0,1
2839,0,-3,72044,72044,1,70,0,0,0,0,0,0,0,1
2840,0,9,0,0,70,70,0,0,0,0,0,0,0,1
2843,197,-3,0,0,1,10,0,0,0,0,0,0,0,1
2844,0,0,0,0,1,35,0,0,0,0,0,0,0,1
2845,0,9,0,0,10,70,0,0,0,0,10,70,0,1
2846,0,9,0,0,63,70,0,0,-2,0,62,70,0,1
2847,0,9,0,0,66,70,0,0,-3,0,65,70,0,1
2848,0,9,0,0,70,70,0,0,0,0,70,70,0,1
2849,0,9,0,0,69,70,0,0,0,0,68,70,0,1
2850,0,9,0,0,25,70,0,0,0,0,25,70,0,1
2851,0,4,74162,74164,10,20,0,0,0,0,0,0,0,1
2852,0,-3,0,0,1,80,0,0,0,0,0,0,0,1
2855,0,10,0,0,70,80,0,0,-2,0,0,0,0,1
2856,0,9,63320,63319,10,0,0,2,0,0,0,0,0,1
2857,0,10,0,0,70,80,0,0,0,0,0,0,0,1
2860,0,10,77585,77584,80,80,0,0,0,0,0,0,0,1
2861,0,10,77585,77584,80,80,0,0,0,0,0,0,0,1
2862,0,10,0,0,70,79,0,0,-2,0,0,0,0,1
2863,0,10,77585,77584,80,80,0,0,0,0,0,0,0,1
2864,0,9,0,0,70,70,0,0,0,0,0,0,0,1
2865,0,9,0,0,70,70,0,0,0,0,0,0,0,1
2866,0,9,0,0,70,70,0,0,0,0,0,0,0,1
2867,0,9,0,0,70,70,0,0,0,0,0,0,0,1
2868,0,10,0,0,70,70,0,0,-2,0,0,0,0,1
2869,0,10,77585,77584,80,80,0,0,0,0,0,0,0,1
2874,0,10,0,0,70,80,0,0,0,0,0,0,0,1
2875,0,10,0,0,80,80,0,0,0,0,0,0,0,1
2876,0,10,0,0,80,80,0,0,0,0,0,0,0,1
2877,0,10,0,0,80,80,0,0,0,0,0,0,0,1
2878,0,10,0,0,80,80,0,0,0,0,0,0,0,1
2879,0,10,0,0,80,80,0,0,0,0,0,0,0,1
2880,0,10,0,0,80,80,0,0,0,0,0,0,0,1
2881,0,10,0,0,80,80,0,0,0,0,0,0,0,1
2882,0,10,0,0,70,80,0,0,0,0,0,0,0,1
2883,0,10,0,0,70,80,0,0,0,0,0,0,0,1
2887,0,10,77585,77584,80,80,0,0,0,0,0,0,0,1
2889,0,10,0,0,71,0,0,0,0,0,0,0,0,1
2892,0,10,0,0,80,80,0,0,0,255,0,0,0,1
2893,0,10,0,0,70,80,0,0,-2,0,70,80,0,1
2894,0,10,0,0,70,80,0,0,-2,0,70,80,0,1
2895,0,-3,0,0,71,79,0,0,0,0,0,0,0,1
2896,0,-3,0,0,80,80,0,0,0,0,0,0,0,1
2897,0,4,0,0,35,35,0,0,0,0,0,0,0,1
2898,0,4,0,0,35,35,0,0,0,0,0,0,0,1
2899,0,4,0,0,35,35,0,0,0,0,0,0,0,1
2900,0,4,0,0,35,35,0,0,0,0,0,0,0,1
2901,0,4,0,0,35,35,0,0,0,0,0,0,0,1
2902,0,4,0,0,35,35,0,0,0,0,0,0,0,1
2903,0,4,0,0,35,35,0,0,0,0,0,0,0,1
2904,0,4,0,0,35,35,0,0,0,0,0,0,0,1
2905,0,4,0,0,10,70,0,0,0,0,0,0,0,1
2906,0,9,0,0,60,60,0,0,0,0,0,0,0,1
2907,64,9,0,0,10,1,0,3,0,0,0,0,0,1
2908,0,9,0,0,10,1,0,3,0,0,0,0,0,1
2909,0,9,0,0,10,1,0,3,0,0,0,0,0,1
2910,0,9,0,0,10,1,0,3,0,0,0,0,0,1
2911,0,9,0,0,10,1,0,3,0,0,0,0,0,1
2912,0,9,0,0,10,1,0,3,0,0,0,0,0,1
2913,0,9,0,0,10,1,0,3,0,0,0,0,0,1
2914,0,9,0,0,10,1,0,3,0,0,0,0,0,1
2915,0,8,0,0,10,1,0,3,0,0,0,0,0,1
2916,64,9,0,0,10,1,0,3,0,0,0,0,0,1
2917,0,9,0,0,10,1,0,3,0,0,0,0,0,1
2918,0,9,0,0,10,1,0,3,0,0,0,0,0,1
2919,0,9,0,0,10,1,0,3,0,0,0,0,0,1
2920,0,9,0,0,10,1,0,3,0,0,0,0,0,1
2921,0,9,0,0,10,1,0,3,0,0,0,0,0,1
2922,0,9,0,0,10,1,0,3,0,0,0,0,0,1
2924,0,10,0,0,70,71,0,0,-2,0,0,0,0,1
2925,0,4,0,0,35,35,0,0,0,255,50,255,0,1
2937,0,9,0,0,15,70,0,0,0,0,15,70,0,1
2938,0,9,0,0,25,70,0,0,0,0,25,70,0,1
2939,0,9,0,0,35,70,0,0,0,0,35,70,0,1
2940,0,9,0,0,45,70,0,0,0,0,45,70,0,1
2942,0,10,0,0,80,80,0,0,0,0,0,0,0,1
2943,0,9,63320,63319,30,70,0,0,0,0,0,0,0,1
2955,0,9,0,0,15,70,0,0,0,0,15,70,0,1
2956,0,9,0,0,35,70,0,0,0,0,35,70,0,1
2957,0,-3,0,0,0,0,3,2,0,0,0,0,0,1
2958,0,9,0,0,45,70,0,0,0,0,45,70,0,1
2967,0,0,0,0,70,70,0,0,-2,0,0,0,0,1
2973,0,10,0,0,71,80,0,0,0,0,71,80,0,1
2974,0,10,0,0,70,80,0,0,-2,0,70,80,0,1
2975,0,10,0,0,73,80,0,0,0,0,73,80,0,1
2976,0,10,0,0,75,80,0,0,0,0,75,80,0,1
2977,0,10,0,0,77,80,0,0,0,0,77,80,0,1
2984,0,9,66049,66048,70,70,0,0,0,0,0,0,0,1
2985,0,9,66049,66048,70,70,0,0,0,0,0,0,0,1
2989,0,10,0,0,80,80,0,0,0,0,0,0,0,1
2995,0,-3,0,0,10,69,0,0,0,0,0,0,0,1
2996,0,9,0,0,10,0,0,3,0,0,0,0,0,1
2997,0,9,0,0,10,-1,0,3,0,0,0,0,0,1
2998,0,10,0,0,74,74,0,0,0,0,0,0,0,1
2999,0,10,0,0,72,72,0,0,0,0,0,0,0,1
3000,0,10,0,0,76,76,0,0,0,0,0,0,0,1
3001,0,10,0,0,78,78,0,0,0,0,0,0,0,1
3002,0,9,63320,63319,60,70,0,0,0,0,0,0,0,1
3003,0,10,0,0,30,50,0,0,0,0,0,0,0,1
