ID,WorldEffectID,CriteriaTreeID
80,727,21060
134,658,22597
135,658,22602
136,747,21187
137,748,21187
138,749,21187
139,750,21187
140,751,21187
141,752,21187
142,753,21187
143,754,21187
144,755,21187
145,756,21187
166,505,22790
168,759,22790
170,760,21854
171,760,21855
172,760,21856
173,761,21850
174,762,21850
175,763,21850
176,761,22734
177,762,22734
178,763,22734
179,761,22742
180,762,22742
181,763,22742
182,761,22743
183,762,22743
184,763,22743
197,658,22853
200,812,22990
201,813,22985
202,814,22988
203,815,22976
224,857,21187
229,864,21187
231,520,22731
233,872,21187
234,873,21187
235,874,21187
236,875,21187
237,876,21187
238,877,21187
239,878,21187
240,658,21187
241,880,21187
242,881,21187
243,882,21187
244,883,21187
245,884,21187
310,923,24762
311,923,24763
312,923,24764
313,923,24765
314,923,24766
319,902,22346
320,902,22347
321,902,22348
322,902,22349
323,767,22500
324,771,22500
325,773,22500
327,770,22500
328,774,22500
329,926,22500
331,938,21852
341,902,22657
343,735,22658
344,735,22659
355,983,27260
356,984,27468
361,985,27459
362,986,27459
364,1002,27623
370,1059,28125
375,728,21129
386,658,21324
387,658,21326
388,658,21328
389,658,21333
392,1138,22660
393,1138,22215
394,1138,22216
395,1138,22217
396,1138,22218
397,1138,22627
398,1138,22628
399,1138,22629
400,1138,22630
401,902,22648
402,902,22649
403,902,22650
404,902,22652
405,902,22651
406,902,22654
407,902,22655
408,1138,22643
409,1138,22644
410,1138,22645
411,1138,22646
412,902,22653
413,1138,22632
414,1138,22633
415,1138,22634
416,1138,22635
417,1138,22662
418,1138,22663
419,1138,22664
420,1138,22665
421,1138,22667
422,1138,22668
423,1138,22669
424,1138,22670
425,1138,22727
428,1141,22000
429,729,21127
430,730,21128
431,505,21129
432,505,21127
433,505,21128
434,1065,21062
435,505,21062
436,1161,21848
437,1161,21846
438,1161,21847
439,675,21848
440,675,21846
441,675,21847
442,1161,21854
443,1161,21855
444,1161,21856
449,1075,22981
450,1161,22981
451,1057,20981
452,1058,20981
453,505,20981
454,505,28125
455,1060,20977
456,505,20977
457,1061,20978
458,505,20978
459,1063,20979
460,505,20979
461,1064,20980
462,505,20980
463,505,21060
464,1164,20983
465,1161,20983
466,1161,21049
467,675,21049
477,1171,29563
478,1172,29563
479,1173,29563
480,1174,29563
483,675,21051
484,1161,21051
486,1229,21994
487,1230,21994
488,1229,21996
489,658,21996
491,1235,27258
492,1236,27258
493,1237,27258
494,1238,27258
495,1239,27258
496,1240,27258
497,1161,27258
513,1266,24043
514,1267,24043
515,1268,24043
546,1308,31002
557,1311,31002
558,1307,31002
559,1312,31002
560,1309,31002
561,1313,31002
562,1310,31002
563,1314,30958
564,1280,31002
568,1161,31048
569,1320,31048
570,1321,31048
571,1322,31048
572,1323,31048
573,1324,31048
574,1325,31048
576,1329,30998
577,1328,30999
580,1333,31000
581,1334,31000
583,1332,31000
601,1338,31000
602,1339,31002
604,1341,31000
607,1346,30998
608,1347,30998
609,1348,30998
611,1353,30999
612,1358,30999
613,1359,31009
614,1360,30999
615,1361,30999
616,1377,31001
617,658,31193
619,1380,31001
620,1381,31001
622,1385,31001
623,1386,31001
624,1387,31001
628,1285,31230
629,1286,31231
630,1287,31232
633,1285,30960
634,1286,30961
654,1382,31203
656,1379,31197
657,1399,31289
658,1403,31297
659,1404,31298
660,1405,31299
661,1409,31302
662,1410,31303
663,1411,31301
664,1340,31002
668,1345,30998
669,1331,31000
670,1344,31000
671,1359,31235
672,1359,30968
673,1417,31476
675,1418,31478
683,1409,31491
684,1410,31492
685,1411,31493
691,1305,30996
692,1419,30887
693,1359,30885
695,1421,30940
697,1359,30949
701,1425,30573
702,658,31105
704,1426,30940
711,1427,30573
712,1326,31000
715,1432,31228
716,538,31228
717,1433,31228
718,1284,30958
719,538,30958
720,1287,30962
721,1435,31484
725,1439,31487
726,1440,31488
727,1441,31489
733,658,31018
737,1335,31000
741,1161,30569
744,1423,30951
745,538,30951
746,1424,30952
747,538,30952
748,1161,30571
752,1465,30732
753,1466,30734
763,1499,31769
765,1503,31705
766,1504,31675
767,1505,31675
771,1138,31780
775,1138,31785
779,1138,31790
789,1522,31831
791,1504,31931
792,1505,31931
799,1524,31926
803,1138,31777
804,1138,31778
805,1138,31779
806,1138,31782
807,1138,31783
808,1138,31784
810,1138,31788
811,1138,31789
812,1533,31994
813,1534,32159
814,1537,31840
815,1541,31857
817,1542,31863
820,1359,31922
821,1359,31764
822,505,31845
823,1359,31911
824,1359,31917
825,1359,31725
832,1138,31787
834,1557,31694
835,1558,31694
839,1498,31766
842,1515,31836
843,1559,31836
855,1562,31938
858,505,31766
859,1496,31747
860,538,31747
861,1497,31834
862,538,31834
863,658,31724
884,1516,31845
885,1523,31845
888,1571,32525
889,1559,32143
890,757,32556
891,1573,31924
892,1548,31924
895,1574,31807
901,1583,32624
903,1584,32647
904,1586,32655
906,658,32595
912,1467,32658
913,1591,32658
914,1464,32658
915,1594,32658
916,1595,32658
918,1593,32640
920,1597,32641
922,1599,32642
933,1602,30734
934,1608,32720
935,1609,32720
937,1611,32723
938,1612,32721
939,1613,32721
940,1614,32722
941,1615,32722
942,1596,32641
943,1592,32640
944,1598,32642
952,1465,32779
956,1624,32777
957,1625,32777
958,1626,32777
959,1627,32777
962,1630,32782
998,1629,32782
1000,1610,32723
1009,1652,32777
1010,1591,32780
1015,1318,32958
1016,1352,32958
1019,658,32638
1022,1161,30722
1025,1632,32599
1026,1633,32599
1027,1161,32775
1030,1575,32593
1032,1624,30724
1033,1591,32782
1034,1624,30734
1035,1605,32726
1046,1234,22000
1067,1755,33999
1076,1769,33303
1077,1770,33303
1078,1771,33303
1080,505,33303
1081,1768,33303
1082,1774,33303
1083,1775,33303
1084,1776,33303
1085,1777,33303
1086,1778,33303
1134,658,34872
1135,658,34873
1136,658,34874
1137,1950,34886
1138,1951,34878
1139,1955,34876
1147,1986,34924
1148,1985,34924
1149,1984,34924
1154,1986,34925
1155,1985,34925
1156,1984,34925
1157,1986,34926
1158,1985,34926
1159,1984,34926
1160,1986,34911
1161,1985,34911
1162,1984,34911
1176,1989,34927
1177,1988,34927
1179,1986,34929
1180,1985,34929
1181,1984,34929
1182,1986,34930
1183,1985,34930
1184,1984,34930
1189,2011,33992
1190,2010,33992
1191,2009,33992
1192,2008,33992
1193,2007,33992
1194,2006,33992
1195,2005,33992
1196,2004,33992
1197,2003,33992
1198,2002,33992
1199,2001,33992
1200,2000,33992
1201,1999,33992
1202,1998,33992
1203,2011,33993
1204,2010,33993
1205,2009,33993
1206,2008,33993
1207,2007,33993
1208,2006,33993
1209,2005,33993
1210,2004,33993
1211,2003,33993
1212,2002,33993
1213,2001,33993
1214,2000,33993
1215,1999,33993
1216,1998,33993
1217,2011,33986
1218,2010,33986
1219,2009,33986
1220,2008,33986
1221,2007,33986
1222,2006,33986
1223,2005,33986
1224,2004,33986
1225,2003,33986
1226,2002,33986
1227,2001,33986
1228,2000,33986
1229,1999,33986
1230,1998,33986
1231,1998,33991
1232,1999,33991
1233,2000,33991
1234,2001,33991
1235,2002,33991
1236,2003,33991
1237,2004,33991
1238,2005,33991
1239,2006,33991
1240,2007,33991
1241,2008,33991
1242,2009,33991
1243,2010,33991
1244,2011,33991
1245,2011,34885
1246,2010,34885
1247,2009,34885
1248,2008,34885
1249,2007,34885
1250,2006,34885
1251,2005,34885
1252,2004,34885
1253,2003,34885
1254,2002,34885
1255,2001,34885
1256,2000,34885
1257,1999,34885
1258,1998,34885
1263,2041,34960
1264,2048,34947
1265,2047,34947
1267,2050,34951
1268,2051,34951
1269,2053,34953
1270,2052,34958
1282,2048,34962
1283,2047,34962
1286,2070,34986
1287,2074,34990
1293,2049,34949
1294,2093,34949
1295,2094,34949
1296,2095,34949
1297,2096,34949
1298,2097,34949
1415,658,35588
1420,658,35616
1421,658,35629
1490,2303,34957
1491,2304,36024
1492,2305,36025
1493,2306,36028
1494,2059,34951
1495,2059,35013
1615,2101,36396
1677,2101,36473
1691,2421,35632
1704,2101,36505
1751,2101,36575
1755,2101,36581
1767,2101,36599
1768,2101,36601
1771,2101,36606
1772,2101,36608
1778,2426,36595
1779,2427,36596
1781,2426,36616
1782,2427,36617
1922,2101,36808
1992,2101,36928
1993,2101,36930
1994,2101,36931
1995,2101,36932
1996,2101,36933
1997,2101,36935
2092,2494,37195
2133,2494,37216
2252,2101,37326
2253,2101,37328
2256,2101,37333
2257,2101,37335
2300,2565,37380
2301,2565,37381
2311,2602,37500
2312,2605,34955
2313,2606,34955
2314,2607,34955
2315,2608,34955
2316,2609,34955
2317,2610,34955
2318,2611,34955
2319,2612,34955
2320,2623,37445
2321,2624,37451
2323,2625,36382
2324,2625,36376
2327,2628,36378
2328,2628,36384
2330,2627,37406
2332,2627,37455
2333,2629,36380
2334,2629,36386
2355,2649,37404
2356,2650,37455
2357,2651,37453
2358,2649,37453
2370,2099,34922
2371,2688,38096
2372,2689,38094
2396,2760,35592
2397,2101,35705
2399,2761,39058
2401,2051,34947
2402,2050,34947
2403,2054,34947
2404,2055,34947
2406,2059,39060
2409,2762,39058
2410,2763,34955
2431,2933,36025
2439,1556,31683
2498,3305,42842
2502,3310,42777
2506,3313,42795
2541,3482,43553
2542,3483,43553
2543,3484,43553
2544,3485,43553
2545,3486,43553
2546,3312,42775
2548,3492,43501
2549,3491,43502
2550,3490,43503
2562,3528,43522
2564,3529,43565
2566,3529,43586
2568,3531,43565
2569,3531,43586
2576,3587,43802
2581,3592,43804
2582,3610,43842
2590,3657,44052
2591,3658,44052
2608,3588,43842
2609,3665,43842
2610,3588,43844
2611,3669,43844
2612,3668,43844
2613,3694,43844
2615,3695,43804
2618,3696,44046
2621,3697,43848
2622,3622,43979
2623,3622,43941
2624,3629,43969
2625,3629,43947
2626,3632,43985
2627,3632,43953
2628,3635,43965
2629,3635,43959
2630,3636,43961
2631,3636,43963
2632,3557,43618
2661,3753,45071
2662,3754,45071
2663,3755,45099
2664,3756,44058
2665,3757,44052
2666,3758,45071
2667,3759,45071
2668,3760,45071
2669,3761,45071
2670,3762,45071
2671,3763,45071
2672,3764,45071
2673,3765,45071
2674,3767,45071
2675,3768,44385
2676,3769,44569
2677,3769,44571
2678,3770,44573
2679,3771,44577
2685,3775,45099
2687,3780,45278
2688,3781,45270
2689,3782,42487
2690,3783,42487
2691,3784,42487
2692,3785,42487
2693,3780,45280
2695,3787,45278
2699,3927,45769
2705,3953,44052
2707,3955,45071
2708,3972,45071
2709,3988,45842
2710,3989,45842
2720,4007,45071
2721,4040,45901
2722,4041,45903
2723,4042,45905
2724,4043,45909
2725,4044,45911
2726,4045,45865
2727,4046,45865
2728,4047,45865
2729,4048,45865
2733,4057,45949
2734,4057,45951
2736,4061,45951
2737,4062,45953
2752,4081,45863
2753,4084,46016
2754,4085,46016
2758,4087,45982
2759,4088,45982
2760,4091,45984
2765,4103,45849
2766,4118,46043
2767,4121,45957
2770,3696,46059
2771,4124,45961
2773,4136,45957
2775,4066,45965
2776,4121,45961
2777,4147,45779
2778,4148,45779
2784,4194,46179
2785,4198,46221
2787,4202,44181
2789,4203,46241
2790,4203,46247
2791,4210,46249
2792,4210,46284
2793,4210,46288
2795,4212,46292
2796,4214,45773
2797,4211,46290
2803,4275,46364
2804,4276,46364
2808,4274,46400
2809,4273,46366
2810,4274,46368
2811,4300,46406
2812,4301,46408
2813,4302,46410
2816,4174,46484
2818,4174,46187
2820,4320,46482
2821,4321,46185
2822,4328,46490
2844,4313,46545
2856,4347,43010
2861,4358,46466
2864,4359,46566
2868,4371,44332
2869,4385,46424
2870,4385,46427
2877,4394,46422
2878,4396,46667
2879,4398,46669
2880,4399,46671
2881,4400,46656
2882,4401,46640
2885,4385,46729
2886,4385,46731
2887,4454,46756
2888,4455,46758
2889,4456,46758
2893,4463,46803
2894,4464,46805
2895,4465,46807
2896,4487,46756
2897,4488,46837
2898,4503,46576
2899,4553,46650
2900,4554,46650
2901,3327,45146
2905,4559,46327
2906,4560,46341
2907,4561,46386
2908,4562,46497
2909,4563,46665
2910,4564,46512
2911,4568,46912
2912,4089,46918
2913,3945,46920
2914,3947,46921
2915,3948,46922
2916,4582,46939
2917,4591,46947
2921,4594,46887
2922,4593,46886
2923,4595,46888
2924,4612,46875
2925,4613,46877
2929,4615,46983
2930,4616,46851
2931,4615,46853
2932,4617,46867
2933,4618,46869
2934,4621,46436
2948,4653,47050
2950,4651,47056
2952,4659,47052
2953,4660,47060
2957,4666,47085
2958,4677,47082
2961,4685,47123
2965,4651,47156
2989,4704,45976
2993,4730,47235
2994,4731,47236
2995,4732,45982
2996,4733,47220
2997,4734,47220
2998,4354,43416
3017,4754,43590
3019,4199,46223
3020,4682,47102
3021,4684,47121
3022,4684,47303
3023,4666,47305
3027,4684,47127
3028,4666,47337
3029,4795,47353
3030,4815,47377
3032,4819,47384
3035,4684,47133
3036,4830,47135
3037,4832,47365
3038,4833,47369
3039,4834,47371
3040,4835,47371
3041,4842,47434
3049,4865,47506
3050,4868,47522
3051,4873,47537
3052,4874,47537
3053,4875,47537
3054,4876,47537
3055,4877,47537
3056,4878,47537
3057,4879,47537
3058,4880,47537
3059,4881,47537
3060,4882,47537
3061,4888,47168
3064,4897,47561
3065,4905,47682
3066,4906,47683
3067,4907,47657
3068,4908,47498
3069,4909,47519
3070,4910,47656
3071,4911,47679
3072,4913,47883
3073,4915,47891
3074,4899,47909
3089,4924,47897
3090,4924,47964
3091,4933,47966
3095,4938,47980
3101,4857,48004
3102,4946,48005
3103,4947,48011
3104,4948,48014
3105,4949,48014
3106,4950,48014
3107,4947,48016
3108,4952,48018
3124,4957,48054
3142,4968,48009
3143,4969,48009
3148,4974,48020
3149,4975,48022
3151,4979,48098
3152,4980,48026
3153,4976,48024
3154,5002,47526
3155,5005,47559
3156,4924,47935
3157,4933,47981
3158,5006,48013
3161,5009,48058
3165,5072,48281
3166,5073,48281
3167,5074,48281
3168,5075,48281
3169,5076,48281
3170,5077,48281
3171,5078,48281
3214,5170,46715
3215,5171,46715
3216,5172,46715
3217,5173,46715
3218,5174,46715
3221,5178,46772
3222,5179,46772
3223,5180,46772
3224,5181,46772
3225,5182,46772
3226,5183,46772
3228,5187,48475
3229,5188,48475
3230,5189,48475
3233,5201,48526
3235,5202,48440
3242,5176,48560
3243,5175,48561
3244,5212,48446
3245,5213,48565
3248,5215,48531
3250,5224,48577
3253,5225,48597
3256,5226,48605
3257,5214,48605
3258,5226,48607
3261,5227,48609
3264,5248,48591
3265,5249,48591
3266,5250,48589
3267,5251,48587
3268,5252,48585
3269,5257,48593
3270,5260,48785
3271,5261,48785
3275,5226,48817
3276,5275,48817
3277,5226,48819
3278,5227,48821
3279,658,48926
3287,5319,48920
3288,5320,48921
3289,5321,48922
3290,5306,48912
3291,5307,48912
3293,5327,48937
3294,5328,48937
3295,5329,48937
3298,5333,48948
3299,5332,48951
3302,5195,48527
3303,5196,48527
3304,5348,48967
3308,5348,49015
3309,5368,49017
3313,5398,48465
3314,5398,48467
3323,5414,49081
3324,5414,49087
3330,5445,49140
3331,5446,49073
3332,5447,49073
3335,5454,49138
3336,5455,49143
3338,5457,49145
3339,5458,49146
3340,5457,49148
3341,5455,49149
3342,5456,49150
3343,5458,49151
3344,5435,49153
3346,5436,49155
3347,5459,49161
3348,5460,49162
3349,5459,49164
3350,5460,49165
3351,5435,49167
3353,5436,49169
3354,5453,49141
3355,4376,47555
3358,5473,49115
3359,5442,49115
3361,5474,49176
3362,5478,49354
3363,5480,49354
3364,5481,49354
3365,5482,49356
3366,5490,46549
3367,5489,46549
3368,4352,46549
3369,5488,43010
3370,4348,43010
3371,5487,43010
3372,5330,48944
3373,3309,49364
3374,5330,49372
3375,4350,46548
3379,5471,49395
3380,3309,43555
3381,5501,49176
3382,5502,49413
3383,5463,49456
3385,5517,49404
3386,5518,49466
3390,5519,49471
3391,5520,49476
3392,5521,49476
3393,5471,49477
3394,3686,44040
3395,5405,44040
3396,5406,44040
3397,5407,44040
3399,5446,49512
3400,5447,49512
3402,5530,49526
3403,5383,49603
3404,5550,49619
3406,5433,49099
3408,5435,49099
3409,5434,49101
3410,5436,49101
3411,5456,49144
3412,5214,48571
3413,5275,48813
3415,5558,49486
3416,5558,49488
3417,5559,49494
3418,5557,49515
3419,5557,49517
3420,5560,49517
3421,5561,49521
3422,5557,49519
3423,4750,49628
3424,4751,42771
3425,4742,49628
3426,4743,49627
3427,4356,49627
3428,4739,49629
3429,4741,49629
3430,4745,42771
3431,5574,49629
3433,4736,49629
3434,4737,49629
3435,4735,49629
3436,4740,49629
3437,4353,42771
3438,4351,42771
3439,4350,42771
3440,4747,42771
3441,4746,42771
3442,4748,49628
3443,4749,49629
3444,5576,42771
3445,4354,49627
3446,5577,49627
3447,4744,49627
3448,4738,49627
3449,5584,49724
3450,5587,49452
3451,5588,49454
3452,5584,49796
3453,5600,49798
3457,4755,42773
3458,3548,43766
3459,5606,49479
3460,5611,50120
3461,5463,50122
3463,5617,49533
3468,5628,49519
3469,5630,49021
3470,5663,50198
3471,5665,50198
3472,5666,50198
3473,5667,50198
3474,5659,50197
3475,5660,50197
3476,5661,50197
3477,5662,50197
3478,5663,50197
3479,5664,50197
3482,5690,43565
3483,5690,43585
3484,5690,43586
3485,5697,49492
3486,5704,50289
3487,5732,46418
3488,5733,46882
3489,5732,46646
3490,5734,46648
3491,4385,46652
3492,5735,46933
3494,5732,46725
3495,5746,46727
3496,5747,46762
3497,5463,50159
3498,5761,50583
3499,5762,50197
3500,5803,47379
3501,5804,47113
3502,5805,47117
3503,5806,47214
3504,5807,47119
3505,5809,52251
3506,5813,52355
3507,5814,52356
3508,5812,52357
3510,5813,52358
3511,5814,52359
3512,5812,52360
3513,5827,49794
3517,5831,52681
3518,5841,49617
3519,4404,46707
3520,5845,46691
3521,5869,47935
3522,4593,53041
3523,4594,53042
3524,4595,53043
3528,4347,53055
3529,5488,53055
3530,4348,53055
3531,5487,53055
3532,4350,53056
3533,5870,53058
3534,5871,53054
3535,5872,53054
3536,5873,53054
3537,5874,53060
3538,5875,53060
3539,4354,53062
3540,4751,53064
3541,4745,53064
3542,4353,53064
3543,4351,53064
3544,4350,53064
3545,4747,53064
3546,4746,53064
3547,5576,53064
3555,4749,53065
3556,4750,53066
3557,4742,53066
3559,4743,53067
3560,4356,53067
3561,4354,53067
3562,5577,53067
3563,4744,53067
3564,4738,53067
3565,4755,53069
3566,3548,53071
3567,5528,49376
3568,4094,46023
3569,4093,46022
3570,4092,46021
3572,5904,49767
3575,5914,47078
3577,5915,47077
3578,5923,49032
3579,5933,53177
3580,4945,48002
3581,5980,48462
3582,5981,48467
3583,5982,48470
3584,5983,48470
3585,5987,48472
3586,5988,48472
3587,5993,45810
3589,3528,43520
3590,6033,43565
3591,3529,43585
3592,6031,43585
3593,6032,43586
3594,6034,47524
3595,5686,43588
3596,5690,43588
3597,6035,47526
3598,6038,52502
3599,5704,51064
3600,5673,43846
3601,6041,53665
3602,6042,53674
3603,4362,46060
3604,6047,46667
3610,6064,53066
3611,6066,53065
3612,6065,53065
3613,6067,53065
3614,6068,53065
3615,6069,53065
3616,6070,53065
3617,6071,53702
3618,6063,53716
3619,6075,53716
3620,6076,53720
3621,6081,49240
3622,6082,53731
3623,6086,45937
3624,6087,45933
3625,6088,45933
3626,6135,46547
3630,6143,46691
3637,6156,54191
3638,6158,54191
3639,6154,54190
3640,6155,54190
3641,6152,54189
3642,6153,54189
3643,6157,54192
3645,6160,49501
3646,3773,54205
3647,6166,46301
3648,5518,54247
3649,6174,46586
3650,6174,46587
3651,6174,46588
3652,6166,55125
3653,6205,55131
3654,6204,55130
3655,6203,47997
3665,3693,49469
3666,4369,49467
3667,4370,54187
3668,6210,46770
3669,6221,46867
3670,6264,50197
3672,4888,55345
3676,6289,55337
3677,6286,55336
3678,6287,55336
3679,6288,55336
3680,6290,55349
3681,6287,55339
3682,6286,55339
3683,6293,55370
3684,6301,55343
3685,6302,55372
3686,6293,55374
3687,6301,55378
3697,6447,55334
3701,6459,55697
3702,6460,55697
3703,6463,55642
3704,6466,55689
3707,6467,55691
3708,6468,55691
3709,6463,55705
3710,6472,55705
3711,6472,55642
3712,6465,55689
3713,6464,55689
3714,6534,55867
3715,6535,55869
3725,6536,55924
3726,6537,55926
3727,6538,55867
3728,6539,55869
3731,6573,55964
3732,6572,55963
3733,6571,55962
3734,6574,55968
3735,6575,55969
3736,6576,55970
3737,6578,55966
3738,6577,55972
3739,6580,55975
3740,6579,55977
3751,6611,56086
3757,6614,56119
3763,6571,56141
3764,6572,56143
3765,6573,56145
3766,6574,56147
3767,6575,56149
3768,6576,56151
3769,6580,56155
3770,6284,55347
3772,6632,55650
3773,6633,55648
3774,6637,56278
3775,6639,55813
3776,6640,55814
3777,6638,55812
3778,6643,56321
3791,6737,46621
3792,6747,56416
3793,6756,56492
3795,5557,49484
3802,6786,56525
3803,6787,56527
3804,6788,56526
3805,6789,56532
3806,6790,56529
3807,6791,56521
3808,6792,56522
3809,6793,56524
3810,6794,56530
3811,6795,56523
3812,6796,56531
3813,6797,56528
3821,6807,56776
3822,6808,56778
3824,6810,56475
3825,6811,56537
3827,6813,56749
3832,6839,56749
3834,6872,56832
3838,6876,56881
3839,6877,56883
3841,6876,56896
3842,6878,56900
3852,6903,56971
3854,6904,56960
3855,6911,56965
3856,6912,57000
3857,6919,57014
3858,6920,57009
3859,6921,57015
3860,6922,57011
3861,6923,57016
3874,6895,56951
3878,6934,56963
3888,6941,57185
3890,6959,57291
3892,6963,56951
3893,6964,56951
3894,6968,57294
3895,6970,56971
3899,2099,57302
3901,6978,57346
3902,6979,57316
3903,6980,57324
3904,6981,57338
3905,6982,57332
3906,6980,57308
3907,6979,57344
3908,2101,57342
3909,6983,57322
3910,6983,57320
3911,6984,57352
3913,6978,57366
3914,6978,57372
3915,6991,57362
3921,7001,57468
3923,7019,57370
3925,7021,57354
3926,6628,56169
3927,7026,57407
3928,7027,57406
3929,7028,57356
3930,7029,57409
3931,7030,57413
3932,7031,57412
3933,7032,57411
3934,7033,57421
3935,7053,57686
3936,7054,57688
3937,7055,57692
3938,7056,57698
3939,7057,57746
3940,7055,57690
3941,7056,57696
3943,7060,57707
3944,7061,57715
3945,7062,57724
3946,7063,57727
3948,7065,57731
3950,7067,57748
3951,7068,57760
3953,7077,57738
3954,7078,57762
3955,7083,57752
3956,7087,57736
3959,7078,57904
3960,7078,57906
3962,7110,57750
3963,7111,57754
3964,7112,57760
3965,7113,57758
3966,7011,57368
3970,7122,56535
3971,7124,58002
3974,7074,57756
3979,7011,57364
3980,7153,56905
3981,7154,56905
3982,6809,56766
3983,6812,56774
3984,6807,58100
3985,7164,58121
3986,7165,58122
3987,7166,58123
3992,6802,56735
3993,6817,56801
3994,6834,56801
3995,6835,56801
3996,6881,56791
4001,7199,58306
4020,7228,58389
4021,7229,58389
4022,7230,58389
4023,6932,58395
4024,6933,58395
4029,7239,57735
4030,7240,57735
4031,7241,57735
4032,7242,57735
4033,7064,58528
4034,7248,57703
4035,7250,58525
4036,7249,58526
4037,7251,58527
4038,7257,58543
4039,7124,57932
4040,7259,58008
4041,7260,58008
4043,7262,58008
4044,7263,58008
4045,7264,58008
4046,7265,58010
4048,7271,58008
4049,7273,58008
4050,7275,56118
4060,6958,56968
4061,6971,56968
4062,6972,56968
4064,7300,58349
4090,7388,57914
4091,7386,57915
4092,7389,57916
4109,7520,59754
4131,7586,59295
4132,7587,59619
4133,7588,59619
4134,7589,59619
4135,7590,59619
4136,7591,59619
4137,7592,59619
4138,7593,59619
4139,7594,59619
4140,7595,59619
4141,7179,57717
4142,7599,59297
4143,7600,59615
4144,7601,59616
4145,7602,59617
4146,7596,59131
4148,7179,58283
4149,7179,57719
4183,7719,57773
4184,7718,57773
4185,7717,57773
4186,7716,57773
4187,7715,57773
4188,7714,57773
4189,7713,57773
4190,7712,57773
4191,7711,57773
4205,7748,60043
4213,7820,60126
4214,7823,60699
4215,7824,60703
4217,7830,60727
4222,7860,60801
4223,7861,60718
4224,7862,60722
4232,7873,60842
4234,7880,60436
4239,7885,60714
4241,7880,60872
4242,7884,60714
4244,7906,60729
4245,7905,60729
4246,7908,60729
4247,7909,60729
4248,7910,60729
4249,7911,60729
4250,7912,60729
4251,7913,60729
4252,7914,60729
4253,7915,60729
4254,7916,60729
4255,7917,60729
4256,7918,60729
4257,2101,60726
4259,7920,60432
4261,7922,60685
4267,7927,60881
4268,7926,60881
4269,7925,60881
4270,7924,60881
4271,7923,60881
4272,7928,60881
4274,7873,60890
4280,7871,60844
4284,7947,60958
4287,7906,60962
4288,7905,60962
4289,7908,60962
4290,7909,60962
4291,7910,60962
4292,7911,60962
4293,7912,60962
4294,7913,60962
4295,7914,60962
4296,7915,60962
4297,7916,60962
4298,7917,60962
4299,7918,60962
4302,7882,60964
4303,7885,60966
4304,7884,60966
4305,7880,60968
4310,7982,60597
4311,7983,60597
4312,7906,61019
4313,7905,61019
4314,7908,61019
4315,7909,61019
4316,7910,61019
4317,7911,61019
4318,7912,61019
4319,7913,61019
4320,7914,61019
4321,7915,61019
4322,7916,61019
4323,7917,61019
4324,7918,61019
4325,7860,61042
4326,7998,60701
4327,7999,60720
4328,8000,60803
4329,8005,58347
4330,8006,58347
4331,8007,58347
4332,8013,61059
4334,8014,61059
4335,7921,60746
4336,7882,60656
4338,7966,60669
4339,2101,60781
4340,2101,60777
4341,2101,60785
4342,2101,60789
4343,2101,60793
4344,2101,60797
4345,8126,59229
4347,8128,59227
4353,8148,62068
4354,8148,62011
4355,8148,62009
4356,8148,61799
4357,8149,61564
4358,8150,61562
4359,8148,61549
4360,8148,61234
4361,8150,61551
4362,8151,61801
4363,8152,61870
4364,8153,61803
4365,8154,62022
4366,8155,62013
4367,8156,62039
4368,8157,62040
4369,8158,62041
4370,8159,62042
4371,8160,62043
4372,8161,62044
4373,8162,62046
4383,7866,60881
4419,8411,62529
4420,8412,62682
4422,8414,62682
4423,8415,62682
4424,8416,62682
4425,8417,62682
4426,8418,62682
4427,8419,62682
4428,8420,62682
4429,8421,62682
4431,8423,62682
4432,8459,62682
4433,8461,62682
4434,8463,62682
4435,8464,62682
4436,8465,62682
4460,8411,62815
4461,8411,62814
4462,8478,62812
4463,8479,62812
4464,8480,62812
4465,8481,62812
4466,8482,62812
4467,8483,62812
4468,8484,62812
4469,8485,62812
4470,8486,62812
4471,8487,62812
4472,8488,62812
4473,8489,62812
4474,8490,62812
4475,8491,62812
4476,8492,62812
4477,8493,62812
4478,8494,62812
4479,8495,62812
4480,8496,62812
4481,8497,62812
4482,8498,62812
4483,8499,62812
4484,8500,62812
4487,8505,62873
4488,8506,62875
4513,8649,63627
4514,8648,63627
4515,8657,63709
4516,8658,63711
4519,8660,62132
4520,8661,62132
4521,8189,62132
4522,8190,62133
4523,8662,62133
4524,7873,63795
4526,7873,59956
4527,8665,61998
4529,8666,62681
4531,8690,64091
4532,8691,64094
4533,8694,64398
4534,8695,64382
4535,8697,64546
4540,8728,59229
4542,8736,63975
4545,8762,63977
4547,8806,61803
4551,8898,65340
4552,8899,65340
4553,8896,65340
4554,8897,65340
4557,8901,65346
4558,8901,65349
4559,8901,65351
4560,8906,65342
4583,8984,65440
4586,8987,63975
4587,2099,65443
4589,9020,65356
4594,8922,65389
4599,7417,65559
4600,9020,65420
4603,9040,65559
4604,9041,65559
4605,9042,65559
4606,9043,65559
4608,8896,65426
4609,2100,65578
4614,9051,65561
4618,8127,59238
4620,9212,65969
4643,9275,63627
4644,9276,63627
4645,9277,63627
4646,9278,63627
4647,9279,65963
4648,9280,65967
4652,7873,62448
4654,7609,59962
4655,7872,59962
4656,7609,59963
4657,7872,59963
4658,9335,59962
4659,7873,62437
4660,8127,66031
4661,8189,66032
4662,8661,66032
4663,8190,66033
4664,8662,66033
4665,8127,66038
4666,8128,66039
4667,8189,66041
4668,8661,66041
4669,8190,66042
4670,8662,66042
4671,8127,66044
4672,8189,66045
4673,8661,66045
4674,8128,66046
4675,8190,66047
4676,8662,66047
4683,8127,66053
4684,8128,66054
4685,8189,66055
4686,8661,66055
4687,8190,66056
4688,8662,66056
4689,9023,65391
4690,8987,66097
4691,8411,63970
4692,8762,64023
4697,9392,64025
4713,9021,66191
4714,9432,66193
4715,9462,65356
4717,9462,65395
4718,9462,65426
4719,9462,66193
4720,9462,65436
4724,9534,62681
4725,9535,62812
4726,9536,62812
4727,9544,63972
4728,9543,63972
4729,9542,63972
4730,9541,63972
4731,9540,63972
4732,9539,63972
4733,9538,63972
4734,9537,63972
4735,9544,64877
4736,9543,64877
4737,9542,64877
4738,9541,64877
4739,9540,64877
4740,9539,64877
4741,9538,64877
4742,9537,64877
4752,8923,66149
4753,9668,66738
4754,9670,66738
4755,9670,66740
4756,9668,66740
4757,9671,66742
4758,9671,66744
4759,9674,66746
4760,9673,66746
4761,9672,66746
4762,9674,66748
4763,9673,66748
4764,9672,66748
4765,9677,66748
4766,9676,66748
4767,9675,66748
4768,9678,66750
4769,9670,66700
4770,9668,66700
4771,9670,66707
4772,9668,66707
4773,9671,66702
4774,9671,66703
4775,9674,66704
4776,9673,66704
4777,9672,66704
4778,9677,66705
4779,9676,66705
4780,9675,66705
4781,9674,66705
4782,9673,66705
4783,9672,66705
4784,9679,66706
4793,9694,66787
4796,9694,65502
4802,9695,65502
4803,9703,66800
4804,9704,66801
4805,8906,65395
4806,8505,63970
4810,9766,66732
4811,9766,66869
4812,9767,66867
4813,9768,66854
4814,9769,66864
4815,9770,66864
4816,9771,66864
4817,9772,66864
4818,9773,66856
4819,9766,66827
4820,9774,66829
4825,9810,66824
4927,10062,67852
4928,10063,68022
4929,10064,67850
4930,10063,68020
4931,10063,67848
4932,10065,67846
4933,10066,67846
4934,10067,67840
4935,10068,67838
4936,10069,67842
4937,10070,67844
4938,9046,65578
4939,10088,65578
4940,10089,65578
4941,10090,65578
4942,10091,65578
4943,10092,65578
4944,10093,65578
4945,10094,65578
4946,10095,65578
4947,10096,65578
4948,10098,65578
4949,10099,65578
4950,10100,65578
4952,10192,66062
4953,10193,66812
4957,10315,63627
4961,8662,66802
4962,10341,66803
4964,10375,65497
4966,2869,68670
4967,2869,68671
4968,2869,68672
4969,2869,68673
4970,2869,68674
4971,2869,68675
4972,2869,68676
4973,2869,68677
4974,9807,66858
4976,10418,62279
4977,10461,66062
4978,10469,66812
4979,10506,70786
4980,10507,70788
4984,10530,71123
4987,10683,71275
4988,10684,71275
4989,10686,71275
4993,10713,70751
4994,10714,70750
4996,10754,71283
4998,10756,71285
4999,10757,71287
5000,10758,71289
5004,10764,71417
5005,10766,71277
5006,10773,71539
5008,10779,71551
5009,2099,71559
5010,10779,71570
5012,10796,71592
5013,10797,71593
5014,10798,71594
5015,10799,71596
5016,10800,71600
5017,10801,71601
5018,10802,71603
5019,10803,71605
5020,10804,71606
5021,10805,71607
5034,10839,71656
5035,10801,71658
5036,10800,71660
5037,10803,71662
5038,10804,71664
5039,10805,71666
5040,10797,71668
5041,10798,71670
5042,10796,71672
5043,10850,71273
5044,10851,71613
5045,10724,71685
5046,10760,71478
5047,10761,71478
5050,10869,71423
5051,10870,71423
5052,10808,71425
5053,10871,71413
5054,10884,71693
5055,10885,71693
5056,10886,71693
5057,10887,71693
5058,10888,71693
5059,10889,71693
5060,10890,71693
5061,10891,71693
5062,10892,71693
5063,10893,71512
5064,10862,71695
5065,10929,71589
5066,10930,71589
5067,10931,71589
5068,10932,71676
5069,10933,71676
5070,10934,71676
5072,10936,71697
5073,10938,71710
5074,10937,71701
5075,10864,71689
5076,10985,71621
5077,10989,72005
5078,10990,72006
5079,10991,71125
5080,10992,72008
5081,10993,72009
5082,10994,72010
5083,10997,72011
5084,11003,70816
5086,11042,72069
5088,11044,72075
5089,11045,72077
5090,11046,72078
5091,11047,72079
5092,11052,71445
5093,11061,71440
5094,11063,72099
5095,11064,72100
5099,11089,71632
5100,11098,71598
5101,11099,71634
5102,11101,71980
5103,10935,71687
5105,11119,72311
5106,11043,72391
5107,11119,72392
5108,11043,72071
5110,11157,71448
5111,11183,71124
5112,11184,71444
5113,11185,72101
5114,11201,73502
5116,11203,75327
5117,11201,75351
5118,11202,75511
5119,11201,75509
5120,11216,75520
5121,11224,71632
5123,11232,78299
5124,11201,78291
5125,11233,78293
5128,2101,78344
5129,10806,71609
5130,2101,78336
5133,11226,72113
5136,11300,78352
5137,10807,71409
5138,10783,71581
5139,11308,78460
5141,10762,71485
5142,11332,78350
5143,11354,78633
5144,11365,78639
5149,11388,78688
5150,11365,78788
5151,11429,79067
5155,11431,79071
5156,11434,78346
5157,11430,79069
5158,11448,79068
5159,11456,79095
5160,11459,79095
5163,2099,78348
5164,11500,79095
5166,11504,79337
5167,11508,79337
5168,11509,79337
5169,11511,79349
5170,11519,79352
5179,2101,79383
5181,11560,79333
5195,11602,79410
5196,11603,79426
5198,11608,79439
5200,11610,79439
5203,11632,79412
5214,11659,79478
5215,11637,79459
5216,11638,79459
5217,11639,79459
5218,11640,79459
5219,11641,79459
5220,11642,79459
5221,11663,79355
5222,11664,79459
5224,11663,79331
5225,11668,79487
5226,11663,79343
5228,11673,79495
5230,11679,79333
5231,2101,79525
5232,11680,79416
5233,11678,79531
5234,11681,79339
5235,11682,79532
5236,11560,79441
5237,11608,79441
5238,11678,79540
5239,11685,79566
5240,11686,79566
5241,11687,79566
5242,11610,79531
5243,11599,79439
5244,11696,79616
5246,11663,79650
5247,11714,79719
5248,11715,79718
5249,11738,79406
5250,11739,79727
5251,11740,79734
5252,11746,79753
5253,11748,79729
5254,11747,79729
5255,11747,79730
5256,11748,79730
5257,11748,79731
5258,11747,79731
5266,11758,79733
5267,11773,79858
5268,11774,79861
5269,11775,79866
5271,11777,79877
5272,11785,79878
5273,11738,79894
5274,11740,79896
5275,11603,79899
5276,11659,79901
5279,11696,79908
5280,2101,79911
5281,11682,79916
5292,11818,79401
5301,11904,79341
5303,11918,80244
5306,11954,80262
5307,11955,80262
5308,11956,80262
5309,11957,80262
5310,11968,80268
5311,11969,80268
5312,11970,80268
5313,11971,80268
5314,11972,80268
5315,11973,80268
5316,11974,80268
5317,11975,80268
5318,11993,80266
5319,11994,80270
5320,11995,80270
5321,11996,80306
5322,11997,80306
5327,11999,79913
5328,12000,79527
5329,11582,79920
5330,11594,79925
5331,11593,79926
5332,11596,79927
5333,12001,79863
5334,12030,79437
5335,12035,80414
5340,12044,80423
5341,12045,80425
5342,12046,80427
5343,12047,80428
5344,12048,80432
5347,12051,80442
5357,12052,80445
5358,12053,80446
5359,11746,79493
5360,11756,79755
5361,12054,80448
5362,12055,79904
5363,12056,79904
5364,12049,80438
5368,12095,80569
5372,11608,79531
5373,12156,79333
5377,12162,80059
5378,12163,80059
5379,12164,80059
5380,12180,80411
5381,12181,80411
5382,12182,80411
5383,12039,80411
5384,12041,80411
5385,12183,80411
5386,12184,80411
5387,12040,80411
5388,12185,80411
5389,12186,80411
5390,12192,80411
5391,12187,80411
5392,12188,80411
5393,12189,80411
5394,12190,80411
5395,12191,80411
5396,12233,81249
5397,12234,81259
5398,12235,81424
5399,12236,81425
5400,12237,81426
5404,11746,81497
5405,11746,81499
5410,11746,81503
5411,12282,81850
5412,12283,81848
5413,12284,81435
5414,12285,81748
5415,12286,81846
5416,12287,81433
5417,12320,81870
5418,12341,81927
5422,11746,82023
5423,11746,82025
5424,11746,82027
5425,11746,82029
5434,12431,82059
5438,12439,82079
5439,12440,82079
5467,12162,80057
5468,12163,80057
5469,12164,80057
5470,12484,82083
5471,12485,82087
5475,12453,82104
5476,11746,82108
5477,11746,82110
5478,11746,82112
5479,11746,82114
5480,11746,82116
5481,11746,82118
5482,12555,82078
5483,12556,82133
5486,12320,82135
5489,12591,80057
5490,12592,80057
5491,12593,80057
5494,12341,82257
5495,12664,82120
5496,12666,82104
5499,12671,82251
5504,8863,64941
5505,12846,82519
5509,12871,82574
5510,12872,82574
5511,12870,82574
5513,12868,82574
5514,12873,81251
5515,12874,81257
5516,12902,82588
5517,12970,82574
5518,12971,82574
5519,12972,82574
5520,12973,82574
5522,13282,82085
5524,13284,79422
5531,13402,82991
5532,13403,82993
5533,13404,82993
5534,13405,82993
5535,13406,82995
5536,13408,82997
5537,13409,82997
5538,13410,82997
5539,13411,82998
5540,13412,82998
5541,13413,82998
5542,13414,83000
5543,13415,83002
5544,13416,83004
5545,13417,83006
5546,13435,83068
5547,13436,83068
5548,13437,83068
5549,13438,83068
5550,13439,83069
5551,12671,82057
5553,12442,82098
5554,13477,80417
5555,13283,79414
5556,12672,82247
5557,2100,82523
5558,13501,83207
5559,13502,83207
5560,13503,83207
5561,13504,83207
5562,13505,83207
5563,13506,83207
5564,13507,83207
5565,13508,83207
5566,13509,83207
5567,13510,83207
5568,13511,83207
5569,13512,83207
5570,13513,83207
5571,13514,83207
5572,13515,83207
5573,12671,82154
5574,12512,82100
5577,13719,83610
5578,13718,83610
5581,13756,83724
5582,13757,83724
5583,13758,83725
5584,13759,83725
5585,13767,83732
5586,13768,83732
5587,13769,83732
5588,13767,83734
5589,13768,83734
5590,13769,83734
5591,13767,83736
5592,13768,83736
5593,13769,83736
5594,13767,83738
5595,13768,83738
5596,13769,83738
5597,13767,83740
5598,13768,83740
5599,13769,83740
5600,13769,83795
5603,13797,84550
5604,13802,83705
5605,13463,82055
5606,11998,80306
5607,13897,83505
5608,13898,83505
5609,13899,83505
5610,13900,83505
5613,14034,81261
5614,14106,84557
5615,14107,84559
5616,14108,83663
5617,14109,84560
5618,14114,84552
5619,13716,83662
5620,13717,83662
5621,14115,83672
5622,14116,83672
5623,14134,83662
5624,14135,83672
5625,14146,82089
5628,14207,81251
5633,14312,83729
5634,14313,83729
5635,14314,83727
5636,14315,83512
5637,14204,84869
5659,14386,84823
5660,14387,84823
5674,14437,84892
5675,14438,84894
5676,14439,84831
5677,14440,84896
5680,9694,85030
5681,9695,85030
5682,9694,85035
5683,9695,85035
5684,9694,85041
5685,9695,85041
5686,14686,85058
5687,14687,84994
5688,14688,85001
5689,14689,85000
5700,14862,85003
5701,14863,85005
5702,14864,85006
5703,14865,85007
5704,14866,85008
5706,14920,84796
5707,14921,84829
5708,14922,84798
5709,14923,84835
5711,14925,84801
5712,14926,84803
5714,14961,85469
5717,15009,85508
5718,14204,85577
5719,15149,84827
5720,15150,84831
5721,15151,84831
5722,15152,84831
5723,15153,84831
5724,15154,84823
5725,15155,84823
5726,15156,84819
5727,15157,84819
5728,15158,84819
5729,15159,84819
5730,15160,84819
5731,15161,84819
5732,15162,84819
5733,14362,84890
5734,15163,84892
5735,15164,84827
5736,15165,84890
5737,15166,84894
5738,15167,84896
5739,15194,82535
5746,15316,85614
5747,15317,85614
5748,15318,85616
5749,15319,85620
5750,15320,85622
5751,15321,85614
5752,15323,85612
5754,15277,85360
5755,15356,85360
5756,15355,85360
5757,15352,85369
5758,15280,85755
5761,15311,85652
5762,15625,84998
5763,15642,86511
5764,15643,85010
5765,15278,86533
5766,15277,86534
5767,15280,86535
5768,15702,86543
5769,15703,86545
5770,15703,86571
5773,15709,86550
5774,15708,86549
5775,15710,86550
5776,15710,86552
5777,15713,86552
5784,15717,86562
5785,15724,86559
5786,15725,86560
5787,15724,86680
5789,15731,86547
5790,15278,85339
5791,15642,87053
5792,15855,85506
5793,2101,87210
5794,2101,87151
5795,2101,87213
5796,2101,87215
5797,2101,87216
5802,2101,87242
5804,15963,87283
5806,16063,85772
5807,16064,87374
5816,2099,87385
5817,2099,87386
5830,16152,87452
5831,16153,84793
5832,15964,87282
5833,16154,87453
5834,16155,84807
5836,16322,86555
5837,16323,86556
5838,16324,86556
5839,16325,86556
5840,16326,86556
5841,16327,86556
5842,16328,86556
5843,16330,86557
5844,16329,86557
5847,16347,87240
5849,16367,85742
5850,16366,85742
5852,16366,85651
5853,16367,85651
5856,1987,34907
5857,1984,34923
5858,1985,34923
5859,1986,34923
5860,16377,34911
5861,1988,34928
5862,1989,34928
5863,1990,34915
5864,1991,34883
5868,16539,84570
5869,16539,84571
5870,16539,82533
5871,16546,82523
5872,16547,82523
5873,16548,82523
5874,16549,82523
5875,16550,82523
5876,2101,89239
5881,16648,88824
5882,16647,88824
5883,16648,89482
5884,16647,89482
5885,16367,86541
5886,16366,86541
5887,16648,88825
5888,16647,88825
5889,9694,90530
5890,9695,90530
5891,9694,90535
5892,9695,90535
5893,16857,87232
5896,16859,87234
5897,16860,87236
5899,16861,90046
5900,16862,90048
5901,16858,87230
5902,16348,87240
5903,2101,90555
5905,17013,90690
5908,17051,90734
5911,17081,90881
5912,17082,90881
5913,17083,90881
5914,17084,90881
5915,17085,90881
5916,17086,90881
5917,17087,90881
5918,17088,90881
5919,17089,90881
5920,17090,90881
5921,17091,90881
5922,17092,90881
5923,17093,90881
5924,17094,90881
5925,17095,90881
5926,17096,90881
5927,17096,90895
5928,17095,90895
5929,17094,90895
5930,17093,90895
5931,17092,90895
5932,17091,90895
5933,17090,90895
5934,17089,90895
5935,17088,90895
5936,17087,90895
5937,17086,90895
5938,17085,90895
5939,17084,90895
5940,17083,90895
5941,17082,90895
5942,17081,90895
5943,17096,90855
5944,17095,90855
5945,17094,90855
5946,17093,90855
5947,17092,90855
5948,17091,90855
5949,17090,90855
5950,17089,90855
5951,17088,90855
5952,17087,90855
5953,17086,90855
5954,17085,90855
5955,17084,90855
5956,17083,90855
5957,17082,90855
5958,17081,90855
5959,17096,90952
5960,17095,90952
5961,17094,90952
5962,17093,90952
5963,17092,90952
5964,17091,90952
5965,17090,90952
5966,17089,90952
5967,17088,90952
5968,17087,90952
5969,17086,90952
5970,17085,90952
5971,17084,90952
5972,17083,90952
5973,17082,90952
5974,17081,90952
5975,17096,90853
5976,17095,90853
5977,17094,90853
5978,17093,90853
5979,17092,90853
5980,17091,90853
5981,17090,90853
5982,17089,90853
5983,17088,90853
5984,17087,90853
5985,17086,90853
5986,17085,90853
5987,17084,90853
5988,17083,90853
5989,17082,90853
5990,17081,90853
5991,17096,90946
5992,17095,90946
5993,17094,90946
5994,17093,90946
5995,17092,90946
5996,17091,90946
5997,17090,90946
5998,17089,90946
5999,17088,90946
6000,17087,90946
6001,17086,90946
6002,17085,90946
6003,17084,90946
6004,17083,90946
6005,17082,90946
6006,17081,90946
6007,17096,90942
6008,17095,90942
6009,17094,90942
6010,17093,90942
6011,17092,90942
6012,17091,90942
6013,17090,90942
6014,17089,90942
6015,17088,90942
6016,17087,90942
6017,17086,90942
6018,17085,90942
6019,17084,90942
6020,17083,90942
6021,17082,90942
6022,17081,90942
6023,17096,90863
6024,17095,90863
6025,17094,90863
6026,17093,90863
6027,17092,90863
6028,17091,90863
6029,17090,90863
6030,17089,90863
6031,17088,90863
6032,17087,90863
6033,17086,90863
6034,17085,90863
6035,17084,90863
6036,17083,90863
6037,17082,90863
6038,17081,90863
6039,17096,90857
6040,17095,90857
6041,17094,90857
6042,17093,90857
6043,17092,90857
6044,17091,90857
6045,17090,90857
6046,17089,90857
6047,17088,90857
6048,17087,90857
6049,17086,90857
6050,17085,90857
6051,17084,90857
6052,17083,90857
6053,17082,90857
6054,17081,90857
6055,17096,90934
6056,17095,90934
6057,17094,90934
6058,17093,90934
6059,17092,90934
6060,17091,90934
6061,17090,90934
6062,17089,90934
6063,17088,90934
6064,17087,90934
6065,17086,90934
6066,17085,90934
6067,17084,90934
6068,17083,90934
6069,17082,90934
6070,17081,90934
6071,17097,90848
6072,17098,90848
6073,17099,90848
6074,17100,90848
6075,17101,90848
6076,17102,90848
6077,17103,90848
6078,17104,90848
6079,17105,90848
6080,17106,90848
6081,17107,90848
6082,17108,90848
6083,17109,90848
6084,17110,90848
6085,17111,90848
6086,17112,90848
6087,17113,90848
6088,17113,90909
6089,17112,90909
6091,17110,90909
6092,17109,90909
6093,17108,90909
6094,17107,90909
6095,17106,90909
6096,17105,90909
6097,17104,90909
6098,17103,90909
6099,17102,90909
6100,17101,90909
6101,17100,90909
6102,17099,90909
6103,17098,90909
6104,17097,90909
6105,17113,90956
6106,17112,90956
6109,17109,90956
6110,17108,90956
6111,17107,90956
6112,17106,90956
6113,17105,90956
6114,17104,90956
6115,17103,90956
6116,17102,90956
6117,17101,90956
6118,17100,90956
6119,17099,90956
6120,17098,90956
6121,17097,90956
6122,17113,90954
6123,17112,90954
6126,17109,90954
6127,17108,90954
6128,17107,90954
6129,17106,90954
6130,17105,90954
6131,17104,90954
6132,17103,90954
6133,17102,90954
6134,17101,90954
6135,17100,90954
6136,17099,90954
6137,17098,90954
6138,17097,90954
6139,17113,90950
6140,17112,90950
6143,17109,90950
6144,17108,90950
6145,17107,90950
6146,17106,90950
6147,17105,90950
6148,17104,90950
6149,17103,90950
6150,17102,90950
6151,17101,90950
6152,17100,90950
6153,17099,90950
6154,17098,90950
6155,17097,90950
6156,17113,90948
6157,17112,90948
6160,17109,90948
6161,17108,90948
6162,17107,90948
6163,17106,90948
6164,17105,90948
6165,17104,90948
6166,17103,90948
6167,17102,90948
6168,17101,90948
6169,17100,90948
6170,17099,90948
6171,17098,90948
6172,17097,90948
6173,17113,90944
6174,17112,90944
6177,17109,90944
6178,17108,90944
6179,17107,90944
6180,17106,90944
6181,17105,90944
6182,17104,90944
6183,17103,90944
6184,17102,90944
6185,17101,90944
6186,17100,90944
6187,17099,90944
6188,17098,90944
6189,17097,90944
6190,17113,90940
6191,17112,90940
6194,17109,90940
6195,17108,90940
6196,17107,90940
6197,17106,90940
6198,17105,90940
6199,17104,90940
6200,17103,90940
6201,17102,90940
6202,17101,90940
6203,17100,90940
6204,17099,90940
6205,17098,90940
6206,17097,90940
6207,17113,90938
6208,17112,90938
6211,17109,90938
6212,17108,90938
6213,17107,90938
6214,17106,90938
6215,17105,90938
6216,17104,90938
6217,17103,90938
6218,17102,90938
6219,17101,90938
6220,17100,90938
6221,17099,90938
6222,17098,90938
6223,17097,90938
6224,17113,90936
6225,17112,90936
6227,17110,90936
6228,17109,90936
6229,17108,90936
6230,17107,90936
6231,17106,90936
6232,17105,90936
6233,17104,90936
6234,17103,90936
6235,17102,90936
6236,17101,90936
6237,17100,90936
6238,17099,90936
6239,17098,90936
6240,17097,90936
6241,17188,90701
6247,17264,90686
6248,17265,90686
6249,17266,90686
6250,17268,90686
6253,17051,91073
6254,17273,90686
6255,17274,90686
6268,17380,91293
6269,17380,91294
6270,17380,91295
6271,2100,91512
6272,2100,91513
6273,2100,91514
6274,2100,91515
6275,2100,91516
6276,2100,91517
6277,2100,91518
6278,2100,91519
6279,2100,91520
6280,2100,91521
6281,2100,91522
6282,2100,91523
6283,2100,91524
6284,2100,91525
6285,2100,91526
6286,2100,91527
6287,2100,91528
6288,2100,91529
6289,2100,91530
6290,2100,91531
6291,2100,91532
6292,2100,91533
6293,2100,91534
6294,2100,91535
6295,2100,91536
6296,2100,91537
6297,2100,91538
6299,17275,90686
6300,17611,90754
6301,17672,91292
6302,17672,91291
6303,17672,91290
6304,17672,91289
6305,17672,91198
6306,17672,91288
6307,17672,91287
6308,17611,91998
6309,17714,91999
6310,17728,90944
6311,17729,90944
6312,17730,90944
6313,17731,90944
6314,17732,90944
6315,17733,90944
6316,17734,90944
6317,17735,90944
6318,17728,90848
6319,17729,90848
6320,17730,90848
6321,17731,90848
6322,17732,90848
6323,17733,90848
6324,17734,90848
6325,17735,90848
6326,17728,90909
6327,17729,90909
6328,17730,90909
6329,17731,90909
6330,17732,90909
6331,17733,90909
6332,17734,90909
6333,17735,90909
6334,17728,90936
6335,17729,90936
6336,17730,90936
6337,17731,90936
6338,17732,90936
6339,17733,90936
6340,17734,90936
6341,17735,90936
6342,17728,90938
6343,17729,90938
6344,17730,90938
6345,17731,90938
6346,17732,90938
6347,17733,90938
6348,17734,90938
6349,17735,90938
6350,17728,90940
6351,17729,90940
6352,17730,90940
6353,17731,90940
6354,17732,90940
6355,17733,90940
6356,17734,90940
6357,17735,90940
6358,17728,90948
6359,17729,90948
6360,17730,90948
6361,17731,90948
6362,17732,90948
6363,17733,90948
6364,17734,90948
6365,17735,90948
6366,17728,90950
6367,17729,90950
6368,17730,90950
6369,17731,90950
6370,17732,90950
6371,17733,90950
6372,17734,90950
6373,17735,90950
6374,17728,90954
6375,17729,90954
6376,17730,90954
6377,17731,90954
6378,17732,90954
6379,17733,90954
6380,17734,90954
6381,17735,90954
6382,17728,90956
6383,17729,90956
6384,17730,90956
6385,17731,90956
6386,17732,90956
6387,17733,90956
6388,17734,90956
6389,17735,90956
6390,17829,92317
6391,17830,92317
6392,17831,92317
6393,17832,92321
6394,17833,92321
6395,17834,92323
6398,18138,94378
6405,18550,95389
6406,18551,95509
6407,18552,95511
6408,18553,95512
6415,18623,134484
6421,18834,135721
6423,18555,95415
6429,18867,135746
6430,18868,135747
6431,18869,135748
6432,18870,135749
6433,18871,135750
6434,18872,135751
6435,18873,135752
6437,18874,135756
6438,18875,135758
6439,18876,135760
6440,18877,135762
6441,18878,135763
6442,18879,135764
6443,18880,135766
6444,18881,135768
6445,18882,135769
6446,18883,135770
6447,18884,135771
6448,18885,135772
6449,18886,135774
6450,18888,135776
6451,18931,135833
6452,19724,135951
6453,19724,136187
6454,19724,136189
6455,19724,136190
6456,19724,136031
6457,19724,136191
6458,19724,136192
6459,19724,136193
6460,19724,136194
6461,19724,136109
6462,19724,136195
6463,19724,136011
6464,19724,136091
6465,19724,136169
6466,19735,135991
6467,19736,135991
6468,19738,136071
6469,19739,136071
6470,19740,136071
6471,19754,135971
6473,19758,136129
6474,19763,136149
6475,19724,135939
6476,19724,136261
6477,19724,136262
6478,19724,136039
6479,19724,136284
6480,19724,136285
6481,19724,136097
6482,19724,136290
6483,19724,135999
6485,19724,136019
6486,19724,136157
6487,19787,135979
6488,19800,136079
6489,19801,136079
6490,19802,136079
6491,19803,136137
6492,19804,136137
6493,19724,135941
6494,19724,136489
6497,19810,136021
6498,19811,136021
6499,19724,136492
6500,19724,136099
6501,19724,136493
6502,19820,135901
6503,19820,135921
6504,19724,136001
6505,19724,136081
6506,19724,136159
6510,19841,135981
6511,19842,135981
6512,19843,135981
6513,19851,136061
6514,19852,136061
6515,19853,136061
6516,19854,136061
6517,19855,136139
6518,19856,136139
6519,19724,135943
6520,19724,136496
6521,19724,136497
6522,19724,136498
6523,19724,136499
6524,19724,136500
6525,19724,136501
6526,19724,136502
6527,19724,136503
6528,19724,136504
6529,19724,136505
6530,19724,136506
6531,19724,136507
6532,19724,136509
6533,19724,136510
6535,19724,136513
6536,19724,136023
6537,19724,136514
6538,19724,136515
6539,19724,136516
6541,19724,136518
6543,19724,136520
6544,19724,136521
6545,19724,136522
6546,19724,136523
6547,19724,136524
6549,19820,135903
6550,19820,135923
6551,19724,136101
6552,19889,135983
6553,19890,135983
6554,19891,135983
6563,19900,136063
6564,19901,136063
6565,19903,136141
6566,19724,136003
6567,19724,136083
6568,19724,136161
6569,19724,135873
6570,19724,136648
6571,19724,136649
6572,19724,135881
6573,19724,136650
6574,19724,136651
6575,19724,135889
6576,19820,135869
6577,19820,135871
6578,19929,135877
6579,19930,135877
6580,19933,135885
6581,19935,135893
6582,19724,135879
6583,19724,135887
6584,19724,135895
6585,19724,135937
6586,19724,136858
6587,19724,136859
6588,19724,136860
6589,19724,136861
6590,19724,136017
6591,19724,136862
6592,19724,136863
6593,19724,136095
6594,19724,136864
6595,19724,136865
6596,19724,136866
6597,19724,136867
6598,19724,136868
6599,19724,136869
6600,19945,135977
6601,19820,135897
6602,19820,135917
6603,19957,136057
6604,19958,136135
6605,19724,135997
6606,19724,136077
6607,19724,136155
6608,18551,136951
6609,19724,135945
6610,19724,136952
6611,19724,136953
6612,19724,136954
6613,19724,136955
6614,19724,136956
6615,19724,136025
6616,19724,136957
6617,19724,136958
6618,19724,136959
6619,19724,136103
6620,19724,136960
6621,19724,136961
6622,19724,136962
6623,20000,135985
6624,20002,136065
6625,20004,136143
6626,19724,136005
6627,19724,136085
6628,19724,136163
6630,19724,135947
6631,19724,137026
6632,19724,137027
6633,19724,137028
6634,19724,136027
6635,19724,137029
6636,19724,137031
6637,19724,137032
6638,19724,136105
6639,19724,137033
6640,19724,137034
6641,19724,137035
6642,19724,137036
6643,19820,135907
6644,19820,135927
6645,20052,135987
6646,20053,136067
6647,20061,136145
6648,19724,136007
6649,19724,136087
6650,19724,136165
6651,19724,135949
6652,19724,137087
6653,19724,137088
6654,19724,137089
6655,19724,137090
6656,19724,137091
6657,19724,137092
6658,19724,137093
6659,19724,137094
6660,19724,137095
6661,19724,136029
6662,19724,137096
6663,19724,137097
6664,19724,136107
6665,19724,137098
6666,19724,137099
6667,19724,137100
6668,19724,137101
6669,19724,137102
6670,19724,137103
6671,19724,137104
6672,19724,137105
6673,19724,137106
6674,20091,135989
6675,20092,135989
6676,20093,136069
6677,20094,136147
6678,19724,136009
6679,19724,136089
6680,19724,136167
6681,19724,135955
6682,19724,137152
6683,19724,137153
6684,19724,137154
6685,19724,137155
6686,19724,137156
6687,19724,136035
6688,19724,137157
6689,19724,137158
6690,19724,137159
6691,19724,136113
6692,19724,137160
6693,19724,137161
6694,19724,137162
6695,19724,137163
6696,19724,137164
6697,19724,137165
6698,20111,135995
6699,20112,136075
6700,20113,136153
6701,19724,136015
6702,19724,136175
6703,19724,136173
6710,2099,135875
6712,19758,136133
6716,20161,137367
6718,20166,137454
6719,20167,137472
6721,20169,137456
6723,20171,137458
6725,20173,137460
6727,20175,137462
6729,20177,137464
6731,20179,137466
6742,20196,137600
6743,20197,137602
6744,20198,137606
6745,20199,137604
6746,20198,137608
6747,20200,137590
6748,20201,137592
6749,20202,137594
6750,20203,137596
6752,20204,137598
6753,20198,137693
6754,20235,136121
6755,20158,137935
6756,20165,137939
6757,20294,137962
6758,20295,137963
6762,20170,137943
6763,20172,137945
6764,20174,137947
6766,20178,137951
6767,20191,137953
6768,20192,137955
6769,20193,137957
6770,20194,137959
6771,20195,137961
6772,19724,138038
6781,20426,95389
6782,19724,138061
6783,20468,138238
6784,20482,138245
6787,20505,138386
6788,20505,138245
6789,20482,138386
6790,20482,138388
6791,20505,138388
6792,20506,138386
6793,20506,138388
6794,20507,138388
6795,19724,138441
6796,19724,138442
6797,19724,138447
6798,19724,138448
6799,19724,138460
6800,19724,138461
6801,19724,138507
6802,20593,138579
6804,20593,138581
6807,20593,138583
6811,20593,138585
6812,20597,138581
6813,20598,138581
6814,20597,138583
6815,20598,138583
6816,20599,138583
6817,20600,138583
6818,20598,138585
6819,20597,138585
6820,20600,138585
6821,20599,138585
6822,20601,138585
6823,20602,138585
6824,19724,138615
6825,19724,138616
6826,19724,138617
6827,19724,138618
6828,20619,135837
6829,20620,135837
6830,20622,135885
6831,20627,137614
6832,19820,135909
6833,19820,135929
6834,19820,135905
6835,19820,135925
6836,20628,135883
6837,20633,135758
6838,20635,135838
6839,20636,135838
6841,20637,135891
6842,20641,135893
6843,20642,135839
6844,20644,135766
6845,20663,136117
6846,20664,136117
6847,20665,136117
6848,19820,135919
6849,19820,135899
6850,20667,135959
6851,20672,136059
6852,20678,135963
6853,20679,136119
6854,20682,135965
6855,20684,136143
6856,20685,136065
6857,20686,136045
6858,20687,136045
6859,20688,135987
6860,20689,136067
6861,20690,136147
6862,20693,136125
6863,20694,136125
6864,20698,136047
6865,20700,136049
6866,20701,136049
6867,20702,136049
6868,20703,136127
6869,20704,136127
6870,20706,136055
6871,19820,135915
6872,19820,135935
6873,20707,135975
6875,20708,135975
6876,20709,136051
6877,19820,135911
6878,19820,135931
6879,20713,135837
6880,20714,135837
6881,20715,135837
6882,19724,139709
6885,20168,137941
6886,20296,137964
6887,20297,137965
6888,20733,137612
6889,19724,140439
6890,20767,135967
6891,20916,136043
6892,20176,137949
6893,21338,142295
6895,21340,142295
6898,21343,142295
6901,21346,142295
6904,21531,136041
6905,21532,135969
6906,21533,135969
6907,21538,136145
6924,21592,142596
6925,21593,142600
6926,21594,142604
6927,21595,142608
6928,21711,140748
6929,21715,142818
6931,21717,142819
6932,21722,142819
6933,21723,142819
6934,21724,142819
6935,21725,142820
6936,21726,142361
6955,21800,142863
6956,21761,142861
6959,2101,142570
6964,21842,142573
6965,21843,143006
6966,21844,143007
6967,21845,143008
6968,21846,142574
6969,20161,143412
6970,20161,143414
6971,20161,143416
6972,20161,143418
6973,20161,143420
6974,20161,143422
6975,20161,143424
6976,20161,143426
6977,20161,143428
6978,20161,143430
6979,20161,143432
6980,20161,143434
6981,20161,143436
6982,20161,143438
6984,20161,143442
6985,20161,143444
6986,20161,143446
6987,20161,143448
6988,20161,143450
6989,20161,143452
6990,20161,143454
6991,20161,143456
6992,20161,143458
6993,21946,143364
6994,21947,143366
6995,21948,143368
6996,21949,143370
6997,21950,143372
6998,21951,143374
6999,21952,143376
7000,21953,143378
7001,21954,143380
7002,21954,143382
7003,21954,143384
7004,21954,143386
7005,21955,143388
7006,21955,143390
7007,21955,143392
7008,21955,143394
7009,21958,143396
7010,21958,143398
7011,21958,143400
7012,21958,143402
7013,21959,143404
7014,21959,143406
7015,21959,143408
7016,21959,143410
7017,21984,143497
7018,21986,143503
7019,21987,143505
7032,21993,143483
7033,21994,143483
7034,21995,143483
7048,22002,143258
7049,22003,143259
7050,22005,143485
7051,22005,143486
7052,22005,143488
7053,22005,143487
7054,22005,143489
7055,22005,143490
7056,22005,143491
7060,21974,142765
7068,22005,143242
7069,22005,143262
7070,22005,143263
7071,22005,143264
7072,22005,143265
7073,22005,143266
7074,22005,143267
7075,22005,143268
7084,21763,142859
7085,21798,142859
7087,21764,142859
7088,21801,142857
7089,21799,142861
7090,21762,142859
7091,22153,136123
7101,22190,143240
7102,22189,143240
7103,22188,143240
7104,22187,143240
7105,22186,143240
7106,22185,143240
7107,22184,143240
7108,22190,143943
7109,22189,143943
7110,22188,143943
7111,22187,143943
7112,22186,143943
7113,22185,143943
7114,22184,143943
7115,22190,143944
7116,22189,143944
7117,22188,143944
7118,22187,143944
7119,22186,143944
7120,22185,143944
7121,22184,143944
7146,22183,143905
7147,22182,143905
7148,22181,143905
7149,22180,143905
7150,22179,143905
7151,22178,143905
7152,22177,143905
7153,22183,143947
7154,22182,143947
7155,22181,143947
7156,22180,143947
7157,22179,143947
7158,22178,143947
7159,22177,143947
7160,22183,143948
7161,22182,143948
7162,22181,143948
7163,22180,143948
7164,22179,143948
7165,22178,143948
7166,22177,143948
7167,22194,143901
7170,22197,143238
7172,22206,142594
7173,22207,142590
7174,22208,142588
7175,22209,142586
7180,22248,144024
7181,22249,144025
7186,22254,144034
7187,22255,144035
7188,22256,144036
7191,22240,143236
7201,22192,144118
7204,22266,143236
7205,22265,143236
7213,21805,144170
7217,21802,144175
7218,22385,144175
7219,21804,144176
7220,22386,144176
7221,21803,144177
7222,22387,144174
7223,22388,144174
7224,21804,142872
7225,22386,142872
7226,22387,144169
7227,22388,144169
7228,21803,142873
7229,21802,142571
7230,22385,142571
7231,21805,142874
7246,22458,144275
7247,22459,144275
7248,22460,144275
7249,22461,144275
7250,22464,144275
7251,22465,144275
7252,22469,144275
7253,22458,144295
7254,22459,144295
7255,22460,144295
7256,22461,144295
7257,22464,144295
7258,22465,144295
7259,22469,144295
7260,22458,144296
7261,22459,144296
7262,22460,144296
7263,22461,144296
7264,22464,144296
7265,22465,144296
7266,22469,144296
7268,20161,143440
7269,22500,144259
7270,22501,144260
7271,22503,144261
7272,22502,144262
7273,22469,144257
7274,22470,144257
7275,22471,144257
7276,22472,144257
7277,22474,144257
7278,22475,144257
7279,22477,144257
7280,22504,144257
7281,22469,144299
7282,22470,144299
7283,22471,144299
7284,22472,144299
7285,22474,144299
7286,22475,144299
7287,22477,144299
7288,22504,144299
7289,22469,144300
7290,22470,144300
7291,22471,144300
7292,22472,144300
7293,22474,144300
7294,22475,144300
7295,22477,144300
7296,22504,144300
7297,22458,144253
7298,22459,144253
7299,22460,144253
7300,22461,144253
7301,22462,144255
7303,22186,144277
7304,22186,144314
7305,21993,144259
7306,21993,144260
7307,21993,144261
7308,21993,144262
7309,22263,143942
7310,22268,143942
7311,22267,143942
7312,22264,143941
7313,22269,143941
7314,22270,143941
7315,22480,144273
7316,22473,144274
7317,22482,144271
7318,22483,144271
7319,22536,144271
7320,22537,144271
7321,22538,144271
7322,22539,144271
7323,22540,144271
7324,22541,144271
7325,22542,144543
7326,22543,144268
7327,22544,144268
7328,22552,143359
7329,22552,143470
7333,22572,144259
7337,22574,144239
7338,22575,144239
7341,22572,144260
7342,22572,144261
7343,22572,144262
7344,22580,144268
7345,22581,143462
7347,22463,144246
7348,22597,144246
7349,22598,144246
7350,22599,144246
7351,22600,144246
7352,22601,144246
7353,22602,144246
7354,22603,144246
7355,22466,144249
7356,22607,143945
7357,22608,143945
7358,22609,143945
7359,22610,143945
7360,22611,143945
7362,22613,144266
7363,22465,144253
7364,22179,144664
7365,21997,143895
7366,22573,143895
7367,22577,143895
7368,22645,142578
7369,22646,142580
7370,22647,144722
7371,22672,144246
7380,22703,145180
7381,22704,145180
7382,22705,145180
7383,22706,145180
7386,22197,145280
7387,22731,145284
7388,22612,144264
7394,22387,144189
7395,22388,144189
7396,22794,144636
7397,22795,144907
7398,22796,144909
7400,22798,145220
7401,22799,145220
7402,22800,145220
7405,22803,145330
7406,22804,145332
7407,22805,145334
7408,22806,145429
7409,22807,145439
7410,22808,145440
7411,22809,145474
7412,22810,145475
7413,22811,145476
7414,22812,145484
7415,22812,145562
7416,22813,145612
7418,22835,144264
7419,22889,146131
7420,22890,146131
7421,22891,146135
7422,22892,146102
7423,22893,146104
7424,22894,146106
7425,22895,146108
7426,22896,146114
7427,22897,146116
7428,22898,146110
7429,22899,146112
7430,22901,146120
7431,22901,146123
7432,22902,146125
7433,22903,146126
7434,22904,146127
7435,22914,143236
7436,22915,143236
7437,22914,143943
7438,22914,144118
7439,22914,144275
7440,22914,144242
7441,22914,144298
7442,22914,144239
7443,22914,144246
7444,22914,144249
7445,22914,144277
7446,22914,144301
7447,22915,144301
7448,22915,144255
7449,22914,144255
7450,22915,144257
7451,22915,144259
7452,22915,144264
7453,22915,144266
7454,22915,144268
7455,22915,144271
7456,22915,144273
7457,22915,143905
7458,22914,143905
7459,22915,143901
7460,22914,143901
7461,22001,144010
7462,22007,142630
7465,21992,144019
7466,22292,143217
7469,22931,146302
7471,22945,146129
7475,22946,144599
7476,22947,144599
7477,22948,144599
7478,22949,144603
7479,22950,144603
7480,22951,144603
7481,22952,144605
7482,22953,144605
7483,22954,144605
7484,22955,144607
7485,22956,144607
7486,22957,144607
7487,22958,144609
7488,22959,144609
7489,22960,144609
7490,22961,144611
7491,22962,144611
7492,22963,144611
7493,22968,146275
7494,22969,146275
7495,22970,146277
7496,22971,146277
7497,22972,146279
7500,22975,146283
7501,22976,146283
7504,22980,146383
7505,22797,144613
7506,22991,144911
7507,22992,144913
7508,23018,146383
7509,23019,146383
7510,22566,146796
7511,23081,146841
7512,23083,146448
7513,23084,146448
7514,23085,146448
7521,23092,146875
7522,23093,146941
7523,23095,146964
7525,22968,146967
7526,22969,146967
7527,23096,146966
7528,23097,146969
7529,22970,146970
7530,22971,146970
7531,22972,146971
7534,23101,146973
7537,23106,146977
7542,23112,146983
7544,23114,146984
7545,23115,146984
7546,23118,147000
7547,23119,147001
7548,23120,147002
7549,22980,147015
7550,23019,147015
7551,23125,147015
7554,22980,147021
7555,23019,147021
7556,23126,147021
7573,23129,147054
7575,23132,147066
7576,23133,147066
7577,23134,147066
7578,23135,147066
7579,23136,147066
7580,23137,147066
7581,23138,147066
7585,23148,147090
7589,23152,147095
7590,23153,147095
7592,23176,147161
7593,23177,147163
7594,23178,147165
7595,23179,147171
7596,23180,147172
7597,23181,147179
7598,23182,147180
7599,23183,147181
7600,23184,147182
7606,23192,147209
7607,23193,147210
7608,23194,147211
7609,23195,147212
7610,23196,147213
7611,23197,147214
7612,23198,147215
7613,23199,147216
7614,23206,147168
7615,23207,147168
7616,23208,147168
7617,23209,147168
7618,23210,147170
7619,23211,147170
7620,23212,147170
7621,23213,147170
7622,23214,147169
7623,23215,147169
7624,23216,147169
7625,23217,147169
7626,23218,147169
7627,23219,147169
7628,23220,147169
7629,23221,147169
7630,23222,147173
7631,23223,147173
7632,23224,147177
7634,23226,147178
7635,23227,147178
7636,23225,147177
7637,23228,147183
7638,23229,147183
7639,23230,147184
7640,23187,147174
7641,23231,147185
7642,23231,147189
7643,23232,147186
7644,23235,147228
7645,23237,147231
7646,23238,147231
7647,23239,147231
7649,23240,147233
7650,23241,147237
7652,23251,147240
7653,23252,147244
7654,23253,147244
7655,22801,145289
7656,22802,145289
7657,23255,147245
7658,23256,147245
7661,23261,147248
7663,23260,147248
7669,23309,147394
7670,23310,147394
7671,23308,147394
7672,23311,147247
7673,23259,147396
7674,23312,147418
7676,23314,147469
7677,23315,147473
7678,23318,147474
7679,23319,147478
7680,23320,147478
7681,23321,147478
7682,23324,147484
7683,23325,147484
7684,23326,147484
7685,23327,147484
7686,23328,147484
7687,23329,147486
7688,23330,147486
7689,23331,147486
7690,23332,147486
7691,23333,147486
7699,23348,147529
7700,23349,147532
7701,23350,147533
7702,23365,147538
7703,23366,147538
7704,23367,147538
7705,23368,147539
7706,23369,147539
7707,23370,147540
7708,23371,147540
7709,23375,146118
7710,23379,147071
7711,23380,147071
7712,23381,147071
7714,23388,147556
7715,23389,147555
7716,23390,147555
7717,23391,147558
7718,23392,147558
7719,23393,147560
7720,23394,147560
7723,23397,147564
7724,23398,147564
7730,23402,147568
7731,23403,147568
7735,23404,147569
7737,22566,144584
7738,23110,146982
7739,23108,146979
7740,23109,146979
7741,23105,146977
7742,23102,146974
7743,23339,147508
7744,23313,147418
7745,23274,147388
7746,23275,147388
7747,23276,147388
7748,23405,147570
7749,23406,147572
7751,23410,147574
7753,23413,147598
7754,23414,147487
7755,23417,147487
7756,23416,147487
7757,23415,147487
7758,23422,147488
7759,23421,147488
7760,23420,147488
7761,23419,147488
7762,23418,147488
7763,23428,147489
7764,23427,147489
7765,23426,147489
7766,23425,147489
7767,23424,147489
7768,23423,147489
7769,23429,147629
7770,23434,147650
7771,23433,147650
7772,23432,147650
7774,23445,147708
7775,23444,147708
7776,23443,147708
7777,23089,146448
7778,23090,146448
7779,23091,146448
7780,23086,146448
7781,23087,146448
7782,23088,146448
7783,23448,146450
7787,23459,147202
7788,23460,147202
7789,23189,147202
7790,23189,147203
7791,23459,147203
7792,23175,147203
7793,23188,147203
7794,23248,147238
7795,23107,146978
7796,23335,147490
7797,23336,147492
7798,23337,147493
7799,23338,147494
7800,23334,147491
7801,23411,147589
7802,23406,147573
7803,22931,147748
7804,22931,147750
7805,22931,147752
7806,22931,147754
7807,22931,147756
7808,22931,147758
7809,22247,143245
7810,22422,143245
7811,22423,143245
7812,22424,143245
7813,22425,143245
7814,22426,143245
7815,22253,144020
7816,22427,144020
7817,22428,144020
7818,22429,144020
7819,22430,144020
7820,22431,144020
7821,23385,147553
7823,23082,147187
7824,23082,147200
7825,23082,147201
7826,23082,147202
7827,23082,147203
7828,23586,147851
7829,23587,147851
7830,23588,147851
7831,23589,147851
7832,23590,147851
7833,23591,147851
7834,23586,148452
7835,23587,148452
7836,23588,148452
7837,23589,148452
7838,23590,148452
7839,23591,148452
7843,23621,148476
7850,23399,147566
7851,23400,147566
7852,23635,148510
7853,23636,148510
7854,23637,148510
7855,23638,148510
7856,23366,146281
7857,23365,146281
7858,22973,146281
7859,23371,146285
7860,23370,146285
7861,22969,144724
7862,22968,144724
7863,22970,144724
7864,22971,144724
7865,22972,144724
7866,23367,144724
7867,23366,144724
7868,23365,144724
7869,23369,144724
7870,23368,144724
7871,23371,144724
7872,23370,144724
7873,23319,144724
7874,23320,144724
7875,23321,144724
7876,23324,144724
7877,23325,144724
7878,23326,144724
7879,23327,144724
7880,23328,144724
7881,23329,144724
7882,23330,144724
7883,23331,144724
7884,23332,144724
7885,23333,144724
7886,22980,144724
7887,23019,144724
7888,23125,144724
7889,23126,144724
7890,23018,144724
7891,22946,144724
7892,22947,144724
7893,22948,144724
7894,22949,144724
7895,22951,144724
7896,22950,144724
7897,22954,144724
7898,22953,144724
7899,22952,144724
7900,22956,144724
7901,22955,144724
7902,22957,144724
7903,22958,144724
7904,22960,144724
7905,22959,144724
7906,22961,144724
7907,22963,144724
7908,22962,144724
7909,23206,144724
7910,23207,144724
7911,23208,144724
7912,23209,144724
7913,23214,144724
7914,23215,144724
7915,23216,144724
7916,23217,144724
7917,23218,144724
7918,23219,144724
7919,23220,144724
7920,23221,144724
7921,23210,144724
7922,23211,144724
7923,23212,144724
7924,23213,144724
7928,23099,146972
7929,23098,146972
7930,23401,146972
7931,23586,148691
7932,23587,148691
7933,23588,148691
7934,23589,148691
7935,23590,148691
7936,23591,148691
7937,23151,147094
7938,23150,147093
7939,23149,147090
7940,23139,147072
7941,23140,147072
7942,23262,147248
7943,23113,146983
7944,23663,148747
7945,22700,144921
7946,23395,147562
7947,23396,147562
7948,23586,149022
7949,23587,149022
7950,23588,149022
7951,23589,149022
7952,23590,149022
7953,23591,149022
7954,23784,149451
7955,23785,149451
7956,23786,149451
7957,23787,149452
7961,23795,149475
7962,23448,146448
7964,23836,149628
7965,23837,149630
7966,23838,149632
7967,23860,149742
7969,23864,149744
7970,23866,149864
7972,23868,149920
7973,23867,149918
7974,23919,150203
7976,23929,150254
7977,23930,150254
7978,24094,150743
7979,24095,150743
7980,24096,150743
7981,24097,150743
7982,24098,150743
7983,24099,150743
7984,24100,150743
7985,24101,150743
8000,24158,150743
8001,24162,150752
8007,24185,150203
8008,24186,150283
8011,24253,148918
8017,24345,151172
8020,24352,151167
8021,24354,151743
8039,23830,151965
8040,24362,151999
8059,24365,151708
8070,24367,152010
8071,24385,152010
8072,24375,152061
8079,24389,152069
8080,24391,152060
8081,24389,152073
8082,24389,152075
8083,24400,152058
8084,24401,152058
8085,24402,152058
8086,24375,152078
8088,24405,152081
8089,24406,152083
8091,24428,148275
8092,24429,148275
8093,24430,148275
8094,24344,152138
8100,24439,148367
8101,24440,148367
8102,24441,148367
8104,24443,148367
8105,24444,148367
8106,24449,149510
8107,24450,149510
8108,24447,149510
8109,24448,149510
8111,23459,147201
8112,23460,147201
8113,23459,147200
8114,24254,149459
8115,24255,149463
8116,24257,149504
8117,24256,149467
8118,24477,148277
8119,24478,148277
8120,24479,148277
8121,24481,148275
8122,24482,148275
8123,24484,148510
8128,24499,149671
8129,24500,149671
8131,24501,153047
8133,24505,149456
8134,24506,149456
8135,24503,149457
8136,24504,149457
8145,24514,152136
8146,24521,147683
8147,24521,153087
8149,24514,153094
8152,24498,147891
8153,24497,153042
8154,24496,153044
8157,24514,153137
8160,24535,153134
8161,24094,153159
8162,24095,153159
8163,24096,153159
8164,24097,153159
8165,24098,153159
8166,24099,153159
8167,24100,153159
8168,24101,153159
8169,24158,153159
8179,24369,153167
8180,24370,153167
8181,24371,153167
8182,24372,153167
8183,24373,153167
8184,24374,153167
8186,24539,147200
8187,24540,147200
8188,24541,147200
8189,24542,147200
8190,24543,147200
8191,24544,147200
8192,24541,147201
8193,24544,147201
8194,24539,147201
8195,24539,147203
8196,24544,147203
8197,24541,147203
8198,24541,147202
8199,24544,147202
8200,24539,147202
8201,24548,153089
8202,24549,153092
8203,24514,153175
8206,24551,149461
8207,24551,149465
8208,24553,149428
8209,24554,149438
8211,24594,153370
8212,24595,153370
8213,24596,153372
8214,24597,153374
8216,24599,153336
8217,24600,153338
8218,23127,147034
8219,24622,153477
8220,24623,153471
8221,24624,153471
8222,24625,153469
8223,24626,153469
8224,24627,153473
8225,24628,153473
8226,24629,153475
8227,24375,151712
8228,24344,151177
8233,24600,153614
8236,24648,153605
8237,24667,153655
8242,24722,153706
8244,24728,153663
8245,24729,153663
8249,24739,153657
8250,24733,153661
8252,24762,153806
8267,24781,153857
8269,24797,153867
8271,24799,153869
8272,24800,153869
8273,24801,153869
8285,24819,154180
8287,24828,154137
8288,24829,154187
8289,24830,154191
8290,24831,154193
8292,24845,154412
8294,24730,153667
8297,24819,154440
8300,24715,153649
8302,24869,153167
8303,24871,154472
8304,24876,153671
8305,24877,153671
8321,24443,154494
8322,24444,154494
8323,24901,154494
8324,24902,154494
8326,24443,154496
8327,24444,154496
8328,24903,154496
8329,24904,154496
8330,23442,147704
8331,24887,154482
8332,24886,154480
8333,24889,154486
8334,24888,154484
8335,24890,154488
8336,24909,154499
8337,24910,154499
8338,24911,154501
8339,24912,154501
8340,24914,154501
8341,24913,154501
8342,24915,154503
8343,24916,154503
8344,24917,154503
8345,24918,150034
8346,24919,153038
8347,24920,153040
8348,24442,148365
8349,24502,148365
8350,24882,154474
8351,24883,154476
8352,24884,154478
8353,23619,148471
8354,23620,148471
8355,24486,148477
8356,23792,149471
8357,23793,149473
8359,24678,153707
8360,24922,154468
8361,24953,154540
8362,24179,153817
8363,24959,154556
8364,24965,154542
8365,24966,154542
8366,24967,154542
8367,24968,154544
8368,24969,154544
8369,24970,154544
8370,24971,154544
8371,24972,154545
8373,24974,154644
8378,24993,154696
8379,24992,154696
8381,25003,154684
8382,25004,154686
8383,25005,154694
8384,25006,154708
8385,25040,154868
8386,23648,148615
8387,24509,153080
8389,24507,153078
8392,24921,152990
8393,25073,154494
8394,25074,154496
8395,24510,153080
8396,24508,153078
8397,25071,152990
8398,24435,149514
8399,24434,149514
8400,24530,149512
8401,24436,149512
8402,24438,149512
8403,24437,149512
8413,25002,154697
8414,24993,155940
8415,24992,155940
8416,24993,155942
8417,24992,155942
8419,25137,155947
8420,25138,155878
8422,25155,155886
8423,25156,155890
8424,25157,155914
8425,25158,155896
8426,25159,155894
8427,25165,155964
8429,25166,155966
8430,25167,155900
8431,25171,155902
8432,25172,155978
8442,24094,155984
8443,24095,155984
8444,24096,155984
8445,24097,155984
8446,24098,155984
8447,24099,155984
8448,24100,155984
8449,24101,155984
8450,25173,155984
8451,25174,155984
8452,25175,155984
8453,25176,155984
8454,25177,155984
8455,25178,155984
8456,25179,155984
8457,25180,155984
8458,24158,155984
8459,25183,155984
8460,25184,155988
8461,25184,155989
8462,25184,155990
8463,25184,155991
8464,25185,155984
8465,25187,155908
8466,25188,155909
8467,24094,156027
8468,24095,156027
8469,24096,156027
8470,24097,156027
8471,24098,156027
8472,24099,156027
8473,24100,156027
8474,24101,156027
8475,24158,156027
8476,24094,156032
8477,24095,156032
8478,24096,156032
8479,24097,156032
8480,24098,156032
8481,24099,156032
8482,24100,156032
8483,24101,156032
8484,24158,156032
8485,25203,156100
8486,25281,156131
8487,25284,154110
8488,25285,154429
8529,25288,154463
8530,25289,154463
8532,24821,154113
8533,25295,154113
8534,25296,153993
8535,25297,153993
8537,25299,153995
8538,25300,153995
8539,25301,154191
8540,25302,154203
8541,25303,154203
8542,25304,154412
8543,25305,154490
8544,25306,154490
8545,25334,153847
8546,25335,153847
8547,24094,156548
8548,24095,156548
8549,24096,156548
8550,24097,156548
8551,24098,156548
8552,24099,156548
8553,24100,156548
8554,24101,156548
8555,24158,156548
8556,25383,154161
8558,25289,154420
8559,25288,154420
8560,25289,154460
8561,25288,154460
8562,25289,154421
8563,25288,154421
8564,25289,154462
8565,25288,154462
8566,25289,154464
8567,25288,154464
8568,24752,153616
8569,25385,153987
8570,25387,153987
8571,25388,153987
8572,25389,153987
8573,25390,153987
8574,25391,153987
8576,24638,153600
8577,24641,153600
8581,25468,156191
8584,25478,156805
8594,25477,156817
8604,24094,156830
8605,24095,156830
8606,24096,156830
8607,24097,156830
8608,24098,156830
8609,24099,156830
8610,24100,156830
8611,24101,156830
8612,24158,156830
8613,25486,154117
8614,25487,154117
8615,25488,154100
8616,25489,154100
8617,25490,154100
8618,25546,156750
8619,25547,156684
8621,25579,156670
8622,25580,156693
8623,25581,156695
8625,24819,154427
8626,25585,156603
8628,25597,157047
8631,25596,157042
8632,25598,157047
8642,25621,156651
8643,25622,156627
8644,25623,156629
8645,25624,156655
8646,25625,157067
8647,25626,157073
8648,25627,157073
8649,25628,157078
8650,25629,156611
8651,25631,156599
8652,25630,156599
8653,25632,156599
8654,25633,156601
8655,25636,156631
8657,25640,156633
8660,25646,156559
8661,25647,156561
8662,25648,156563
8663,25649,156639
8665,25651,157100
8666,25652,156641
8667,25653,154187
8668,25654,156572
8669,25655,157102
8670,25656,157104
8671,25657,156657
8672,25658,156643
8673,25669,157118
8674,25669,157119
8675,25669,157120
8676,25671,156574
8677,25671,157124
8678,25671,157126
8679,25672,156647
8680,25674,156659
8689,25698,157150
8690,25691,157168
8691,25690,157168
8692,25697,157168
8693,25696,157168
8694,25695,157168
8695,25694,157168
8696,25693,157168
8697,25692,157168
8698,25691,157170
8699,25690,157170
8700,25697,157170
8701,25696,157170
8702,25695,157170
8703,25694,157170
8704,25693,157170
8705,25692,157170
8707,24779,153849
8709,25701,157174
8710,25702,157180
8714,25704,157182
8715,25703,157182
8717,25700,157176
8718,25708,156825
8721,25710,157191
8722,25715,156853
8723,25718,156851
8733,25721,157199
8734,25722,156959
8735,25723,156991
8737,25725,156905
8738,25734,157198
8739,25733,157198
8740,25732,157198
8741,25731,157198
8742,25730,157198
8743,25729,157198
8744,25728,157198
8745,25727,157198
8746,25726,157198
8747,25735,157032
8748,25736,155974
8749,25737,155976
8750,25740,155996
8753,25736,157215
8754,25744,156002
8755,25745,156004
8758,25754,157224
8759,25755,156014
8760,25756,156016
8762,25757,156016
8763,25758,156016
8764,25759,156016
8765,25760,156010
8766,25764,156191
8767,25765,156675
8771,25794,157087
8773,25796,156827
8774,25797,156827
8775,25798,156827
8777,25747,156837
8779,25801,156843
8781,25807,153645
8782,24599,157270
8783,25821,156699
8784,25822,156697
8785,25829,156701
8786,25830,156035
8787,25831,156036
8788,25832,156022
8789,25846,154547
8790,25847,154549
8791,25848,154551
8792,25851,156565
8795,25911,153873
8796,24798,153873
8797,25917,156929
8798,25918,156937
8804,25985,156923
8805,25986,156927
8806,25987,156927
8807,25988,156935
8811,25995,152132
8813,25995,153186
8814,24511,157500
8815,24511,157502
8816,24511,157504
8817,26004,157506
8818,26012,157556
8819,25995,157557
8820,24528,157561
8821,24549,157561
8822,24528,157563
8823,24549,157563
8824,24512,152131
8825,26047,156947
8826,26048,157589
8827,26049,157590
8828,26050,156949
8829,26051,156949
8830,26062,156939
8831,26063,156939
8832,26064,156939
8833,26065,156939
8834,26066,156939
8835,26067,156939
8836,26060,157595
8837,26061,157595
8838,26068,157596
8839,26069,156943
8840,26070,156943
8841,26071,156945
8842,26072,156945
8844,24511,152134
8845,26100,154187
8846,26101,157624
8847,26102,157624
8848,26103,157625
8849,26104,157626
8850,26105,157626
8851,26106,157575
8852,26107,157577
8853,26108,157577
8855,26109,157578
8856,26110,157606
8857,26111,157606
8858,26112,157606
8859,26113,157606
8860,26114,157606
8861,26115,157585
8862,26116,157585
8863,26117,157602
8864,26118,157603
8866,26142,155936
8868,25135,155876
8869,24973,154637
8873,26157,156933
8874,25990,156933
8875,26158,156933
8876,24817,153860
8877,24598,153334
8878,24511,157795
8879,26173,154187
8880,24599,161510
8881,26237,154187
8884,24179,154425
8886,26383,161887
8887,24345,161915
8888,24345,161917
8889,24345,161919
8890,24344,162003
8891,26423,151174
8892,26441,157761
8893,26440,157761
8894,26442,157761
8895,26443,153862
8896,26444,153862
8897,26445,153862
8898,26446,153862
8899,26448,162015
8900,26449,162015
8901,26450,162015
8902,23860,162200
8903,23860,162202
8904,23860,162204
8905,23860,162206
8906,23860,162208
8907,23860,162210
8908,23861,149740
8909,25995,162414
8912,25468,162915
8913,25764,162915
8914,25468,162917
8915,25764,162917
8916,25765,162919
8917,25765,162921
8920,26613,156599
8921,26614,154187
8922,25639,156553
8932,23867,162975
8938,23920,150203
8939,24184,150203
8940,24183,150203
8942,26622,155972
8943,26632,163100
8944,26633,163117
8945,24975,154615
8947,24976,154646
8948,24977,154658
8949,26641,154648
8950,26642,154660
8952,26646,156572
8953,25658,163235
8954,25658,163237
8955,25658,163239
8956,25658,163241
8957,25650,156570
8958,24528,163274
8959,24549,163274
8960,25699,157172
8961,25705,157184
8962,26664,154187
8963,25742,156023
8965,26687,163329
8966,26688,163331
8967,26689,163333
8968,26690,163335
8971,25793,156800
8972,26641,156810
8974,26700,156813
8975,26705,163387
8976,25995,163392
8977,26706,163391
8978,24534,153128
8979,26707,153132
8980,25154,155880
8982,25724,156742
8983,26735,163432
8984,26736,163436
8985,26737,163436
8986,26744,163506
8987,26745,163510
8988,26746,163512
8989,26148,157771
8991,25774,157246
8992,24647,153603
8993,26789,156839
8994,25384,154277
8995,26792,163858
8997,25918,163891
8998,26146,157769
8999,26686,163327
9000,26096,157614
9001,25984,156931
9004,26643,163187
9005,24812,153997
9006,26691,163339
9007,26692,163341
9009,26928,166316
9010,26931,166320
9013,26954,157625
9015,26956,157622
9016,26957,157606
9017,26958,157606
9018,26959,157606
9019,26961,157606
9020,26962,157606
9038,26972,163423
9044,26977,152058
9045,26973,163423
9046,26974,163423
9047,26975,163423
9048,26976,163423
9049,26978,151839
9050,26963,151837
9051,26964,151998
9052,26965,151998
9053,26966,151998
9054,26967,151998
9055,26968,151998
9056,26969,151998
9057,26970,151998
9058,26971,151998
9059,24363,151998
9060,24364,151998
9061,26979,151741
9071,27076,166851
9073,25706,157186
9074,27119,156712
9076,27120,162005
9077,27126,162944
9078,27127,157610
9084,27146,163504
9085,27147,163504
9086,27148,157569
9087,27149,157587
9088,27150,157592
9089,27151,157594
9090,27152,157594
9091,27153,163420
9092,27155,162946
9093,27156,157773
9100,27161,166925
9104,27186,166949
9105,27162,166917
9106,27077,166846
9107,27060,166828
9111,27268,150287
9112,24374,152006
9113,27268,163032
9116,27269,151719
9117,27268,152071
9118,27271,163119
9120,26383,167881
9122,27120,167908
9123,27311,155892
9124,27312,155892
9125,27313,156690
9126,25645,156555
9128,25803,157261
9129,24177,149922
9130,24178,150201
9131,24179,150750
9132,27380,156855
9133,27381,153177
9134,25467,156677
9135,25548,156686
9136,25581,163547
9137,27382,154712
9138,25641,156637
9139,25709,156815
9140,25795,156823
9141,25794,156819
9142,25799,156834
9143,26592,156404
9144,26603,156404
9145,27383,156595
9146,27418,154431
9147,23860,168079
9148,23919,168081
9149,24185,168081
9150,23920,168081
9151,24184,168081
9152,24183,168081
9153,25657,168089
9154,26707,168091
9155,27313,168096
9156,25135,168099
9157,26641,168105
9158,25800,168108
9159,25631,168110
9160,25630,168110
9161,25632,168110
9162,26613,168110
9163,25596,168113
9164,27442,154446
9166,27443,154456
9167,27444,156847
9170,25691,156710
9171,25690,156710
9172,25692,156710
9173,25693,156710
9174,25694,156710
9175,25695,156710
9176,25696,156710
9177,25697,156710
9178,25941,156710
9179,25942,156710
9180,25943,156710
9181,25944,156710
9182,25800,156841
9183,25156,168128
9185,27489,154466
9186,27488,155943
9187,27490,156568
9188,27492,154888
9190,27494,154905
9192,27493,154903
9193,27495,154997
9196,27581,155892
9224,27847,153132
