ID,DyeColorCategoryID,HouseDecorID,OrderIndex,Channel
28,2,374,0,0
29,3,374,1,1
38,2,378,0,0
39,3,378,1,1
45,1,379,1,1
54,2,388,0,0
60,2,389,0,0
61,3,389,1,1
66,2,390,0,0
67,3,390,1,1
72,2,494,0,0
73,3,494,1,1
74,1,494,2,2
75,2,495,0,0
76,3,495,1,1
77,1,495,2,2
78,2,496,0,0
79,3,496,1,1
80,1,496,2,2
81,2,497,0,0
82,3,497,1,1
84,1,498,0,2
85,2,373,0,0
86,3,373,1,1
93,2,81,0,0
94,3,81,1,1
95,1,81,2,2
241,1,508,0,0
242,1,508,1,1
243,1,508,2,2
303,2,744,0,0
304,3,744,1,1
305,1,744,2,2
421,1,1044,2,2
442,2,1083,0,0
443,3,1083,1,1
519,2,1123,0,0
520,1,1123,2,2
521,2,1244,0,0
563,2,1122,0,0
564,3,1122,1,1
568,2,1280,0,0
569,3,1280,1,1
570,3,383,1,1
572,2,1457,0,0
573,3,1457,1,1
625,2,1436,0,0
626,3,1436,1,1
627,1,1698,0,2
628,2,1451,0,0
629,1,1451,1,2
632,2,1453,0,0
633,1,1453,1,2
636,2,1454,0,0
637,3,1454,1,1
638,1,1454,2,2
639,2,1455,0,0
640,3,1455,1,1
641,1,1455,2,2
642,3,1456,0,1
643,1,1456,1,2
644,1,1702,0,2
659,2,1723,0,0
660,3,1723,1,1
661,1,1723,2,2
663,2,1736,0,0
664,3,1736,1,1
665,1,1736,2,2
669,2,1739,0,0
670,3,1739,1,1
671,1,1739,2,2
672,2,1742,0,0
673,3,1742,1,1
674,1,1742,2,2
675,2,1744,0,0
676,3,1744,1,1
677,1,1744,2,2
681,1,1701,0,2
685,3,726,0,1
704,2,1878,0,0
705,3,1878,1,1
706,1,1878,2,2
719,3,377,0,1
733,2,1977,0,0
734,3,1977,1,1
735,1,1977,2,2
736,2,1978,0,0
737,3,1978,1,1
739,2,1862,0,0
740,2,1438,0,0
741,3,1438,1,1
742,2,1991,0,0
745,2,1992,0,0
746,3,1992,1,1
747,1,1992,2,2
748,2,1993,0,0
749,3,1993,1,1
750,1,1993,2,2
751,2,1994,0,0
752,3,1994,1,1
753,1,1994,2,2
754,2,1997,0,0
755,3,1997,1,1
757,2,1999,0,0
758,3,1999,1,1
759,1,1999,2,2
781,3,80,0,1
782,1,80,1,2
867,2,2342,0,0
868,3,2342,1,1
869,1,2342,2,2
870,2,1745,0,0
871,3,1745,1,1
872,1,1745,2,2
873,2,1995,0,0
874,3,1995,1,1
875,1,1995,2,2
877,2,1452,0,0
879,1,1452,1,2
884,3,1862,1,1
885,1,1862,2,2
886,2,2089,0,0
887,3,2089,1,1
889,3,1996,1,1
890,1,1996,2,2
891,2,2385,0,0
892,3,2385,1,1
893,1,2385,2,2
911,1,2454,0,2
918,2,2496,0,0
919,3,2496,1,1
920,1,2496,2,2
1089,2,1738,0,0
1090,3,1738,1,1
1091,1,1738,2,2
1100,2,990,0,0
1101,3,990,1,1
1120,2,988,0,0
1121,3,988,1,1
1134,2,5563,0,0
1135,3,5563,1,1
1136,1,5563,2,2
1229,2,387,0,0
1230,3,387,1,1
1239,3,1329,0,1
1240,1,1329,1,2
1268,3,1245,0,1
1269,1,1245,1,2
1273,3,1246,0,1
1274,1,1246,1,2
1286,2,7836,0,0
1287,3,7836,1,1
1288,1,7836,2,2
1290,1,2548,0,0
1291,1,2548,1,1
1292,1,2548,2,2
1293,1,2592,0,0
1294,1,2592,1,1
1295,1,2592,2,2
1307,2,1155,0,0
1308,3,1155,1,1
1309,1,1155,2,2
1328,2,2442,0,0
1330,1,2442,1,2
1341,2,2092,0,0
1343,1,2092,1,2
1344,2,1879,0,0
1345,3,1879,1,1
1346,1,1879,2,2
1347,2,2441,0,0
1348,3,2441,1,1
1349,1,2441,2,2
1350,2,2384,0,0
1351,3,2384,1,1
1355,1,1699,0,2
1359,2,8769,0,0
1360,3,8769,1,1
1361,1,8769,2,2
1362,2,8770,0,0
1363,3,8770,1,1
1364,1,8770,2,2
1434,3,8917,1,1
1435,1,8917,2,2
1436,2,8918,0,0
1437,3,8918,1,1
1438,1,8918,2,2
1443,2,8978,0,0
1444,3,8978,1,1
1445,1,8978,2,2
1446,2,4386,0,0
1447,3,4386,1,1
1448,1,4386,2,2
1449,3,7689,0,1
1450,1,7689,1,2
1451,2,8974,0,0
1452,3,8974,1,1
1453,2,2578,0,0
1454,3,2578,1,1
1455,1,2578,2,2
1456,2,8985,0,0
1457,3,8985,1,1
1458,1,8985,2,2
1459,2,2579,0,0
1460,3,2579,1,1
1462,2,8986,0,0
1463,3,8986,1,1
1465,2,5851,0,0
1466,3,5851,1,1
1467,2,2540,0,0
1468,3,2540,1,1
1469,2,2541,0,0
1470,3,2541,1,1
1471,3,7688,0,1
1472,1,7688,1,2
1473,2,9056,0,0
1474,3,9056,1,1
1475,2,4422,0,0
1476,3,4422,1,1
1477,1,4422,2,2
1478,2,5687,0,0
1479,3,5687,1,1
1488,2,9061,0,0
1489,3,9061,1,1
1490,2,9062,0,0
1491,3,9062,1,1
1492,2,9063,0,0
1493,3,9063,1,1
1494,2,8771,0,0
1495,3,8771,1,1
1496,1,8771,2,2
1497,3,5855,0,1
1498,1,5855,1,2
1499,2,5688,0,0
1500,3,5688,1,1
1503,1,7583,0,2
1506,1,7585,0,2
1507,2,9064,0,0
1508,3,9064,1,1
1509,1,9064,2,2
1510,2,9143,0,0
1511,1,9143,1,2
1512,2,987,0,0
1513,3,987,1,1
1514,1,987,2,2
1518,2,1700,0,0
1519,3,1700,1,1
1520,2,9176,0,0
1521,3,9176,1,1
1522,2,9177,0,0
1523,3,9177,1,1
1525,2,9254,0,0
1526,3,9254,1,1
1527,1,9254,2,2
1528,2,9255,0,0
1529,3,9255,1,1
1530,1,9255,2,2
1531,2,992,0,0
1532,3,992,1,1
1533,2,9265,0,0
1534,3,9265,1,1
1535,2,9270,0,0
1538,1,9271,2,2
1541,2,9273,0,0
1542,3,9273,1,1
1545,2,9274,0,0
1546,3,9274,1,1
1587,2,2534,0,0
1588,3,2534,1,1
1589,1,2534,2,2
1590,2,10324,0,0
1591,3,10324,1,1
1592,1,10324,2,2
1593,2,10367,0,0
1594,3,10367,1,1
1595,1,10367,2,2
1596,2,10791,0,0
1597,3,10791,1,1
1598,1,10791,2,2
1602,2,10892,0,0
1603,3,10892,1,1
1604,1,10892,2,2
1605,2,11139,0,0
1606,1,11139,1,2
1614,2,11437,0,0
1615,3,11437,1,1
1616,1,11437,2,2
1617,2,1486,0,0
1618,3,1486,1,1
1619,1,1486,2,2
1622,2,1350,0,0
1623,3,1350,1,1
1624,1,1350,2,2
1625,2,4562,0,0
1626,3,4562,1,1
1630,3,2474,0,1
1631,1,2474,1,2
1632,3,2590,0,1
1633,1,2590,1,2
1634,3,2254,0,1
1635,1,2254,1,2
1637,3,2458,1,1
1638,1,2458,2,2
1639,2,989,0,0
1640,3,989,1,1
1641,1,989,2,2
1642,1,11461,0,2
1643,1,11479,0,2
1644,2,11480,0,0
1645,3,11480,1,1
1646,1,11481,0,2
1647,1,11482,0,2
1664,3,11719,0,1
1665,1,11719,1,2
1666,2,11720,0,0
1667,3,11720,1,1
1668,2,11721,0,0
1669,3,11721,1,1
1670,3,1487,0,1
1671,1,1487,1,2
1672,2,3826,0,0
1673,3,3826,1,1
1684,3,1153,0,1
1685,1,1153,1,2
1686,2,1162,0,0
1687,3,1162,1,1
1688,1,1162,2,2
1689,2,1163,0,0
1690,3,1163,1,1
1691,2,1165,0,0
1692,3,1165,1,1
1693,1,1165,2,2
1694,3,1488,0,1
1695,2,3827,0,0
1696,3,3827,1,1
1697,1,3827,2,2
1704,1,7827,0,2
1705,1,7828,0,2
1706,3,9472,0,1
1707,2,9474,0,0
1708,3,9474,1,1
1709,1,9474,2,2
1713,2,9058,0,0
1714,3,9058,1,1
1715,2,8976,0,0
1716,3,8976,1,1
1717,2,8977,0,0
1718,3,8977,1,1
1719,2,9057,0,0
1720,3,9057,1,1
1721,2,9059,0,0
1722,3,9059,1,1
1723,2,9060,0,0
1724,3,9060,1,1
1725,2,994,0,0
1726,3,994,1,1
1727,1,994,2,2
1759,2,9471,0,0
1760,3,9471,1,1
1761,1,9471,2,2
1762,2,12199,0,0
1763,3,12199,1,1
1764,1,12199,2,2
1778,2,986,0,0
1779,3,986,1,1
1780,1,986,2,2
1814,2,12215,0,0
1815,3,12215,1,1
1816,2,9630,0,0
1817,3,9630,1,1
1855,2,15547,0,0
1856,3,15547,1,1
1857,1,15547,2,2
1858,2,15548,0,0
1859,3,15548,1,1
1860,1,15548,2,2
1861,2,15549,0,0
1862,3,15549,1,1
1863,1,15549,2,2
1864,2,15550,0,0
1865,3,15550,1,1
1866,1,15550,2,2
1867,2,15551,0,0
1944,2,15598,0,0
1945,3,15598,1,1
1946,1,15598,2,2
1947,2,15599,0,0
1948,3,15599,1,1
1949,1,15599,2,2
1970,2,12214,0,0
1971,3,12214,1,1
1972,1,12214,2,2
1980,2,16100,0,0
1981,3,16100,1,1
1982,2,16101,0,0
1983,3,16101,1,1
1997,1,1700,2,2
2067,2,17358,0,0
2068,3,17358,1,1
2070,2,17359,0,0
2071,3,17359,1,1
2072,1,17359,2,2
2130,2,991,0,0
2131,3,991,1,1
2132,3,17740,0,1
2133,1,17740,1,2
2134,2,16098,0,0
2135,3,16098,1,1
2136,2,16099,0,0
2137,3,16099,1,1
2138,2,17750,0,0
2139,3,17750,1,1
2140,2,17752,0,0
2141,3,17752,1,1
2142,2,17787,0,0
2143,3,17787,1,1
2144,1,17787,2,2
2154,2,17887,0,0
2155,3,17887,1,1
2176,2,18795,0,0
2177,3,18795,1,1
2178,2,18796,0,0
2179,3,18796,1,1
2180,3,18797,1,1
2181,1,18797,2,2
2300,2,15289,0,0
2301,3,15289,1,1
2302,1,15289,2,2
2303,3,15601,1,1
2352,3,12244,0,1
2353,1,12245,0,2
2354,1,12246,0,2
2404,2,12265,0,0
2405,3,12265,1,1
2406,1,12265,2,2
2416,3,984,0,1
2417,1,984,1,2
2439,3,2443,1,1
2440,1,15229,0,2
2441,3,15552,0,1
2442,2,9473,0,0
2443,3,9473,1,1
2444,1,9473,2,2
2469,2,20679,0,0
2470,3,20679,1,1
2525,2,21106,0,0
2526,3,21106,1,1
2527,1,21106,2,2
2547,2,21060,0,0
2548,3,21060,1,1
2549,2,21061,0,0
2550,3,21061,1,1
2559,2,2458,0,0
2580,3,15668,1,1
2581,1,15668,2,2
2614,2,21945,0,0
2615,3,21945,1,1
2616,3,16102,0,1
2617,1,16102,1,2
2618,3,21946,0,1
2619,1,21946,1,2
2620,3,21947,0,1
2621,1,21947,1,2
2646,2,22389,0,0
2647,3,22389,1,1
2648,1,22389,2,2
2649,2,22397,0,0
2650,3,22397,1,1
2651,1,22397,2,2
2652,2,22398,0,0
2653,3,22398,1,1
2654,1,22398,2,2
2876,2,22895,0,0
2877,1,22895,1,2
2899,2,23175,0,0
2900,1,23175,1,2
3051,2,23554,0,0
3052,2,23557,0,0
3053,2,23558,0,0
3054,2,23560,0,0
3055,2,23708,0,0
3056,2,23709,0,0
3057,2,23710,0,0
3076,2,23559,0,0
3077,2,23707,0,0
3078,2,22144,0,0
3079,1,22144,2,2
3080,2,23868,0,0
3081,1,23868,2,2
3082,2,23869,0,0
3083,3,23869,1,1
3084,2,23870,0,0
3085,1,23870,1,2
3115,2,15669,0,0
3116,3,15669,1,1
3117,1,15669,2,2
3118,2,24630,0,0
3193,1,24631,0,0
3194,3,24631,1,1
3195,2,24631,2,2
3204,2,17751,0,0
3205,3,17751,1,1
3206,3,17888,1,1
3207,1,17888,2,2
3217,1,21950,0,2
3219,2,25765,0,0
3220,3,25765,1,1
3221,1,25765,2,2
3222,2,25895,0,0
3223,2,25896,0,0
3224,3,25896,1,1
3228,2,25967,0,0
3229,3,25967,1,1
3230,1,25967,2,2
3231,2,25968,0,0
3232,3,25968,1,1
3233,1,25968,2,2
3234,2,25969,0,0
3235,3,25969,1,1
3236,1,25969,2,2
3237,2,25970,0,0
3238,3,25970,1,1
3239,1,25970,2,2
3240,2,25971,0,0
3241,3,25971,1,1
3242,1,25971,2,2
3243,2,25972,0,0
3244,3,25972,1,1
3245,1,25972,2,2
3246,2,25973,0,0
3247,3,25973,1,1
3248,1,25973,2,2
3249,2,25974,0,0
3250,3,25974,1,1
3251,1,25974,2,2
3252,2,25975,0,0
3253,1,25975,2,2
3254,2,25976,0,0
3255,3,25976,1,1
3256,1,25976,2,2
3257,2,25977,0,0
3258,1,25977,2,2
3259,2,25978,0,0
3260,3,25978,1,1
3261,1,25978,2,2
3262,2,25979,0,0
3263,3,25979,1,1
3264,1,25979,2,2
3265,2,25980,0,0
3266,3,25980,1,1
3267,1,25980,2,2
3268,2,25981,0,0
3269,3,25981,1,1
3270,1,25981,2,2
3271,2,25982,0,0
3272,3,25982,1,1
3273,1,25982,2,2
3274,2,25983,0,0
3275,3,25983,1,1
3276,1,25983,2,2
3277,2,25984,0,0
3278,3,25984,1,1
3279,1,25984,2,2
3280,2,25985,0,0
3281,3,25985,1,1
3282,1,25985,2,2
3283,2,25986,0,0
3284,3,25986,1,1
3285,1,25986,2,2
3286,2,25987,0,0
3287,1,25987,2,2
3288,2,25988,0,0
3289,1,25988,2,2
3290,2,25989,0,0
3291,1,25989,2,2
3292,2,25990,0,0
3293,3,25990,1,1
3294,1,25990,2,2
3295,2,25991,0,0
3296,3,25991,1,1
3297,1,25991,2,2
3298,2,25992,0,0
3299,3,25992,1,1
3300,1,25992,2,2
3301,2,25993,0,0
3302,3,25993,1,1
3303,1,25993,2,2
3304,2,25994,0,0
3305,3,25994,1,1
3306,1,25994,2,2
3307,2,25995,0,0
3308,1,25995,2,2
3309,2,25996,0,0
3310,3,25996,1,1
3311,1,25996,2,2
3312,2,25997,0,0
3313,3,25997,1,1
3314,1,25997,2,2
3315,2,25998,0,0
3316,3,25998,1,1
3317,1,25998,2,2
3318,2,25999,0,0
3319,1,25999,2,2
3320,2,26000,0,0
3321,1,26000,2,2
3322,2,26001,0,0
3323,3,26001,1,1
3324,1,26001,2,2
3325,2,26002,0,0
3326,3,26002,1,1
3327,1,26002,2,2
3328,2,26003,0,0
3329,3,26003,1,1
3330,1,26003,2,2
3331,2,26004,0,0
3332,3,26004,1,1
3333,1,26004,2,2
3334,2,26005,0,0
3335,1,26005,2,2
3336,2,26008,0,0
3337,1,26008,2,2
3338,3,17753,1,1
3339,1,17753,2,2
3370,2,26703,0,0
3371,3,26703,1,1
3372,1,26703,2,2
3373,2,26704,0,0
3374,3,26704,1,1
3375,1,26704,2,2
3376,2,26705,0,0
3377,3,26705,1,1
3378,1,26705,2,2
3379,1,26706,0,2
3380,1,26707,0,2
3381,2,26708,0,0
3382,3,26708,1,1
3383,1,26708,2,2
3387,2,26875,0,0
3388,3,26875,1,1
3389,2,26876,0,0
3390,3,26876,1,1
3391,1,26876,2,2
3392,2,26877,0,0
3393,3,26877,1,1
3394,1,26877,2,2
3395,1,26878,2,2
3396,1,26879,2,2
3397,2,26940,0,0
3398,3,26940,1,1
3399,1,26940,2,2
3400,2,27045,0,0
3401,3,27045,1,1
3402,1,27045,2,2
3403,2,27046,0,0
3404,1,27046,1,2
3405,1,27167,0,2
3426,2,23553,0,0
3427,2,23555,0,0
3428,2,23556,0,0
3452,2,27973,0,0
3453,3,27973,1,1
3454,1,27973,2,2
3538,1,1864,2,2
3539,1,1865,2,2
3540,1,1866,2,2
3541,1,1867,2,2
3542,2,15261,0,0
3543,3,15261,1,1
3544,1,15261,2,2
3545,2,15262,0,0
3546,3,15262,1,1
3547,1,15262,2,2
3548,1,15263,2,2
3549,1,17873,2,2
3550,1,17874,2,2
3551,1,17918,2,2
3552,1,17919,2,2
3553,1,19159,2,2
3554,1,19215,2,2
3555,1,19216,2,2
3556,1,19217,2,2
