ID,HouseDecorID,DecorSubcategoryID
29,80,21
45,81,21
58,495,2
61,494,1
65,377,18
66,483,6
67,484,6
68,478,6
69,378,3
70,389,8
71,379,13
72,488,9
73,487,9
74,479,9
75,480,9
77,498,14
81,383,16
82,496,5
85,387,5
87,497,5
88,373,6
89,390,6
91,374,6
92,399,6
93,521,25
94,520,26
95,518,1
97,519,1
132,582,26
134,584,26
136,586,26
142,592,26
163,527,4
164,529,4
165,530,4
166,528,4
167,533,4
168,534,4
169,535,4
170,536,4
171,526,4
172,525,4
173,524,4
174,523,4
175,522,4
177,562,25
201,676,2
202,677,14
204,678,14
207,679,5
208,674,1
210,673,6
221,726,18
222,715,6
223,714,1
224,716,6
226,717,14
227,718,14
228,759,13
229,764,13
230,760,11
231,761,11
232,755,13
233,765,13
234,751,13
235,749,13
237,773,27
238,771,26
239,769,12
240,767,11
241,756,11
242,768,11
243,766,11
244,757,12
245,758,12
246,754,12
247,753,12
248,752,12
264,750,11
265,762,11
266,763,11
267,829,1
268,828,1
269,826,1
270,825,2
272,866,5
273,948,16
274,949,16
276,930,6
277,925,6
278,929,2
281,931,6
282,926,6
283,928,18
285,388,12
286,840,12
288,838,6
290,927,27
291,863,1
293,492,9
302,941,17
304,942,17
305,936,17
306,1044,14
307,940,17
308,934,19
309,939,19
310,865,14
311,944,14
312,862,5
313,932,5
314,935,5
315,937,9
316,938,9
319,943,6
320,933,6
321,854,6
322,922,6
323,923,10
324,924,10
325,860,2
326,859,1
327,855,13
328,857,13
335,1119,14
336,1122,1
337,1123,6
338,1168,14
339,1180,14
340,1181,14
341,1190,6
342,1195,6
345,1176,5
346,1198,5
348,1275,1
349,1268,6
350,1273,14
351,1269,6
352,1120,9
353,1260,1
354,1259,1
355,1118,9
356,1231,11
358,1235,6
359,1241,11
360,1242,10
361,1243,10
362,1244,6
363,1251,15
364,1257,5
365,1270,6
367,1279,11
368,1280,6
369,1281,14
370,1282,14
373,1291,9
374,1292,9
375,1294,12
376,1295,11
378,1297,11
379,1307,6
380,1308,6
381,1318,6
382,1319,21
383,1320,18
384,1325,6
385,1326,6
386,1354,13
389,1083,6
390,1083,3
391,1121,11
392,1274,11
393,1276,11
394,1277,7
400,1258,5
401,1267,5
402,1410,6
403,1415,2
404,1417,13
407,1435,21
412,1436,1
413,1437,18
414,1438,3
415,1439,9
417,1440,21
420,1443,5
421,1445,14
422,1451,12
423,1452,12
424,1453,12
425,1454,12
426,1455,12
427,1456,12
428,1457,1
441,485,9
442,486,9
444,675,15
445,720,15
451,837,6
452,839,6
453,839,11
454,861,6
455,864,1
456,1171,6
460,1169,5
462,1175,6
465,1183,12
466,1185,11
468,1187,5
472,1189,19
476,1191,10
477,1192,1
478,1193,1
479,1194,10
480,1196,11
482,1434,6
483,1197,6
484,1199,17
485,1200,17
486,1201,5
487,1205,2
488,1216,16
489,1217,5
490,1218,9
491,1219,6
494,1261,16
495,1262,10
496,1263,10
497,1264,6
498,1265,6
499,1266,9
500,1271,9
501,1272,16
502,1283,12
503,1284,12
504,1287,16
505,1288,18
506,1293,11
507,1309,13
508,1310,12
509,1311,12
510,1312,10
511,1313,10
512,1314,13
513,1315,6
514,1317,13
515,1321,2
516,1322,6
517,1323,17
518,1324,12
519,1351,10
520,1352,1
521,1353,5
522,1355,12
524,1406,5
525,1407,5
526,1408,5
527,1409,6
529,1411,6
530,1412,15
531,1413,1
533,1444,1
534,1446,1
535,1447,1
536,1448,1
537,1449,1
538,1450,1
540,1458,9
545,1459,18
546,1460,18
547,1461,18
548,1462,18
549,1463,18
550,1464,1
551,1465,1
552,1466,1
553,1481,34
554,1418,6
555,1416,11
556,1416,6
557,1414,1
558,489,34
559,490,34
560,491,34
638,1692,6
639,1693,6
640,1695,13
641,1694,5
644,1697,13
645,1698,1
647,1700,8
648,1701,1
649,1702,1
650,1703,15
652,1723,1
653,1724,16
656,1736,5
657,1737,6
658,1738,1
659,1739,6
666,1844,4
667,1776,4
668,1775,4
669,1774,4
670,1773,4
671,1772,4
672,1771,4
673,1770,4
675,675,7
690,1938,4
691,1943,4
692,1944,4
693,1948,4
694,1950,4
695,1952,4
696,1953,4
697,1954,4
698,1955,4
699,1956,4
700,1957,4
701,1958,4
702,1959,4
703,1960,4
704,1961,4
705,1962,4
706,1963,4
707,1964,4
708,1965,4
709,1966,4
739,1674,12
742,1742,5
743,1745,7
744,1862,9
745,1864,14
746,1865,14
747,1866,14
748,1867,14
749,1993,6
750,1993,5
751,1994,6
752,1999,6
753,2095,6
754,1744,2
757,1795,29
760,1834,1
761,1878,5
762,1888,6
763,1977,1
764,1978,6
765,1987,5
766,1988,1
767,1989,9
768,1991,1
769,1992,5
771,1996,19
772,1997,5
773,2089,5
774,2091,18
775,1747,8
777,1793,15
778,1794,29
779,1796,10
780,1802,9
781,1826,11
782,1830,5
783,1831,6
784,1832,1
786,1861,19
787,1882,10
788,1883,10
789,1884,1
790,1885,5
791,1886,6
792,1887,6
794,1998,11
795,2000,17
796,1741,11
797,1746,8
798,1748,8
799,1749,8
800,1750,8
801,1827,9
802,1828,17
803,1829,9
804,1833,10
805,1835,12
806,1863,9
807,1880,21
809,1881,2
810,1893,29
811,1900,8
812,1990,9
813,2001,17
814,2018,1
817,2087,1
818,1879,5
819,1979,14
820,2088,6
821,2090,1
822,2092,1
823,2093,6
824,2094,14
847,1919,1
848,1920,1
849,1178,9
851,1170,34
852,827,34
919,1161,12
921,1179,11
922,2226,15
923,2228,6
924,2229,6
925,2237,6
926,2238,1
927,2239,18
928,2240,5
929,2241,5
930,2242,5
931,2243,5
932,2246,18
935,2328,13
936,2331,18
937,2333,10
938,2334,10
939,2342,1
940,2384,6
941,2427,10
942,2428,10
943,2429,6
944,2430,6
945,2431,6
946,2432,6
947,2433,1
948,2437,6
949,2446,5
950,2447,6
951,2448,6
952,2452,12
953,2453,2
954,2454,19
955,2465,2
956,2466,5
957,2467,5
958,2468,13
959,2469,13
960,2470,13
961,2471,13
962,2472,13
963,2495,2
964,2496,1
965,2505,25
966,2506,1
967,2511,11
968,2512,11
969,2513,11
970,2514,11
971,2515,12
972,2516,12
973,2517,12
974,2518,12
975,2519,12
976,2520,12
977,2521,12
978,2522,12
979,2523,12
980,2524,12
981,2525,12
982,2526,11
983,2527,12
984,2528,12
985,2529,11
986,2530,11
987,2531,11
988,2532,11
989,2533,11
990,2534,1
991,2538,1
992,2539,1
993,2546,6
994,2547,6
995,2548,1
996,2549,6
997,2550,6
998,2578,5
999,2579,5
1000,2591,13
1001,2592,1
1002,2593,13
1003,2594,13
1004,2595,13
1005,2596,13
1006,3832,5
1007,3833,6
1008,3839,6
1009,3840,6
1010,3840,13
1127,858,10
1129,2231,9
1131,2245,9
1135,2327,18
1136,2329,10
1138,2332,12
1142,2340,18
1143,2341,15
1144,2343,15
1145,2385,10
1146,2434,7
1147,2435,7
1148,2436,9
1149,2438,9
1150,2439,5
1151,2440,5
1152,2441,6
1153,2442,7
1156,2444,5
1157,2445,5
1159,3834,11
1167,1252,9
1168,1482,11
1169,1484,11
1170,1984,18
1171,2227,5
1178,2322,11
1180,2323,34
1181,2324,9
1183,2326,9
1185,2330,10
1187,2332,11
1190,2537,34
1192,2542,16
1193,2545,17
1194,3836,11
1195,3836,15
1198,3838,11
1200,3868,10
1201,3869,10
1202,3870,11
1203,3871,11
1205,3873,22
1206,3873,13
1208,3875,1
1209,3876,9
1212,3878,14
1216,3892,21
1219,3904,2
1227,4450,22
1266,1446,11
1268,1447,11
1270,1448,11
1272,1450,11
1274,1449,11
1355,493,34
1382,1317,22
1389,1465,11
1395,1444,11
1397,1464,11
1399,1466,11
1401,1919,11
1403,1920,11
1426,855,22
1579,2544,17
1582,3835,34
1583,3891,9
1584,3901,11
1585,3981,9
1586,3982,2
1587,3983,6
1588,3984,1
1589,3985,5
1590,3993,6
1591,3994,9
1592,3995,9
1593,4022,19
1594,4023,10
1617,4036,10
1618,4165,10
1619,4166,10
1620,4811,10
1621,4812,10
1623,4445,9
1624,4843,9
1625,4024,17
1626,4025,1
1627,4026,14
1628,4033,14
1629,4034,14
1630,4027,5
1631,4028,5
1632,4029,5
1633,4030,5
1634,4031,5
1635,4032,5
1636,4035,6
1637,4037,10
1638,4039,6
1639,4040,8
1640,4041,9
1641,4038,16
1642,4042,12
1647,4048,34
1648,4157,13
1649,4158,34
1650,4159,5
1651,4160,5
1653,4162,6
1654,4163,6
1655,4164,6
1657,4167,11
1658,4168,10
1660,4169,15
1661,4170,2
1662,4172,18
1663,4173,11
1664,4174,11
1665,4175,11
1666,4176,11
1667,4177,14
1668,4178,34
1669,4180,12
1670,4181,9
1671,4386,5
1672,4401,6
1673,4402,5
1674,4403,1
1675,4404,1
1676,4405,5
1731,1894,9
1735,4422,34
1736,4423,11
1737,4443,13
1738,4444,11
1741,4446,29
1744,4447,29
1745,4447,10
1746,4448,9
1749,4449,6
1750,4451,25
1751,4452,25
1754,4454,25
1755,4455,27
1756,4456,27
1757,4457,27
1758,4458,28
1759,4460,25
1760,4461,27
1761,4462,27
1762,4463,26
1763,4464,26
1765,4466,27
1766,4467,27
1768,4469,27
1769,4470,26
1772,4472,27
1773,4473,28
1774,4474,28
1775,4475,25
1776,4476,27
1777,4459,25
1792,4478,7
1795,4479,1
1796,4480,1
1797,4481,13
1798,4482,6
1799,4483,9
1800,4485,5
1801,4486,5
1802,4487,9
1803,4488,10
1804,4489,2
1805,4490,34
1806,4560,1
1807,4561,1
1808,4813,34
1809,4815,6
1810,4816,6
1812,4818,5
1813,4819,6
1814,4822,28
1815,4823,28
1816,4845,28
1817,4839,12
1818,4841,12
1819,4844,1
1820,5111,6
1822,5114,34
1823,5115,19
1824,5116,16
1826,5118,34
1828,5119,5
1829,5120,11
1830,5126,9
1831,5127,6
1832,5128,14
1834,5292,9
1836,5525,9
1838,5526,9
1839,5527,12
1841,5529,5
1842,5530,12
1844,5532,12
1845,5533,13
1846,5534,12
1848,5556,11
1849,5557,6
1850,5558,14
1851,5559,12
1852,5560,5
1853,5575,11
1855,5562,6
1875,5342,17
1876,5112,6
1896,4048,15
1899,7686,9
1906,725,11
1908,7688,12
1909,7689,12
1914,7690,5
1915,7692,12
1916,7695,12
1917,7696,12
1918,7698,34
1919,7699,11
1921,7700,11
1923,1246,14
1924,5128,9
1935,3874,9
1938,770,34
1950,2385,29
1955,4455,26
1959,4446,10
1987,3835,11
1991,4468,52
2001,7815,6
2002,7816,11
2003,7817,12
2004,7818,5
2005,7819,10
2006,7820,11
2007,4458,27
2009,7821,12
2010,7822,10
2011,7824,11
2012,7825,15
2014,7826,11
2016,7827,11
2018,7828,11
2021,7829,18
2023,7830,6
2025,1893,15
2028,3867,3
2030,7836,5
2034,7837,10
2035,7838,11
2036,7839,11
2037,7840,14
2038,7841,11
2040,7842,17
2041,1801,19
2043,1173,19
2047,7608,19
2055,1792,16
2057,1889,16
2058,1836,16
2059,2338,16
2061,1236,16
2062,7687,16
2063,1725,16
2066,2325,16
2067,3831,16
2076,3869,16
2077,772,52
2078,7575,16
2079,7873,9
2080,7874,11
2081,7875,11
2084,2086,16
2087,1232,16
2088,5126,11
2093,946,16
2096,7623,16
2097,945,16
2098,5896,16
2112,1740,21
2117,7896,15
2118,1155,6
2121,4178,15
2128,3867,9
2130,8176,9
2131,8178,11
2132,7572,12
2133,7574,11
2134,5878,11
2136,4161,17
2143,3892,10
2148,2536,34
2153,1704,21
2157,5533,6
2161,8185,9
2162,8186,5
2163,8187,5
2164,8188,9
2165,8189,6
2166,8190,11
2167,8191,15
2169,8193,12
2172,1272,6
2174,5888,9
2176,721,11
2177,722,11
2178,723,11
2180,3872,18
2182,8194,9
2187,8195,6
2188,5117,11
2191,8196,12
2192,4453,27
2194,4465,26
2196,4471,26
2197,4473,27
2207,7620,1
2208,8235,1
2209,7577,6
2210,5562,11
2211,8236,13
2212,8237,14
2213,8238,9
2214,8240,12
2216,8241,17
2233,8769,6
2234,8771,1
2237,8785,16
2238,8786,9
2239,8787,18
2262,8810,15
2271,2244,9
2294,8844,7
2300,7621,34
2317,724,11
2327,7571,10
2331,7609,11
2332,2438,6
2335,1283,11
2336,1284,11
2338,5898,11
2340,8872,13
2341,8873,13
2342,8874,13
2344,2473,13
2345,2473,7
2346,8875,13
2347,8876,13
2348,8877,13
2349,8878,13
2350,8879,13
2358,1440,7
2362,81,7
2364,1435,7
2365,3995,11
2366,5118,7
2372,8889,7
2373,8889,29
2374,8890,7
2375,8890,29
2377,80,7
2379,1704,7
2381,1740,7
2383,1880,7
2389,1434,12
2390,1995,6
2409,1791,9
2416,2541,16
2417,8910,18
2420,8911,17
2421,2586,7
2422,2586,29
2423,8913,5
2424,8913,29
2426,8914,18
2427,8914,29
2429,8915,18
2430,8915,29
2431,8916,7
2432,8916,29
2433,8917,18
2434,8918,16
2437,484,2
2439,854,2
2451,3879,34
2452,3882,34
2453,3889,34
2461,5136,17
2465,947,17
2473,2086,25
2474,2230,16
2475,2339,16
2476,2540,16
2479,3883,18
2480,5528,16
2481,5689,16
2482,7606,10
2484,3884,11
2485,3885,11
2486,3886,11
2487,3887,11
2488,7579,12
2489,8974,29
2490,8975,29
2491,8978,34
2492,8242,16
2493,8192,19
2494,5688,34
2495,8982,1
2496,5851,1
2497,5687,34
2498,7582,34
2499,7583,34
2500,7584,34
2501,7585,34
2502,3893,11
2503,3894,11
2504,3895,11
2505,3896,11
2506,3897,11
2507,3898,11
2508,3900,11
2509,3902,11
2510,3903,11
2511,3905,11
2512,8983,6
2513,8984,6
2515,8985,5
2516,8986,5
2520,1225,9
2521,5649,7
2522,5649,29
2525,5794,19
2526,5794,29
2527,8993,9
2529,8993,29
2532,5797,19
2533,5797,29
2534,9035,1
2535,9038,6
2536,9039,5
2537,9040,5
2538,9041,18
2539,9042,6
2540,9043,6
2541,9044,10
2542,9045,19
2543,9046,7
2544,9047,10
2545,9049,12
2546,9050,6
2547,9051,6
2548,9052,2
2549,9053,1
2550,9054,18
2551,9055,9
2555,9061,9
2556,9061,10
2557,5855,11
2558,9064,1
2559,9065,15
2563,9139,9
2564,9140,6
2565,9141,12
2566,9142,17
2567,9143,12
2568,9144,3
2571,987,6
2572,9165,6
2573,9166,10
2574,9167,14
2575,9169,1
2576,9170,7
2577,9176,16
2578,9177,7
2579,9178,1
2580,9179,1
2581,9180,6
2582,9181,2
2583,9182,19
2584,9184,5
2585,9185,16
2586,9186,18
2587,9187,17
2588,9188,10
2589,9236,6
2590,9237,9
2591,9241,6
2592,9240,9
2593,9242,6
2594,9243,6
2595,9244,15
2596,9245,12
2597,9246,6
2598,9247,6
2599,9254,2
2600,9255,6
2601,4484,6
2602,992,6
2604,9256,18
2605,9256,29
2607,9257,18
2608,9257,29
2609,9258,7
2611,9258,29
2612,9261,9
2613,9262,1
2614,9263,1
2615,9264,3
2616,9265,11
2617,9266,21
2618,9267,19
2619,9268,34
2620,9269,16
2621,9270,2
2622,9271,11
2623,9272,11
2624,9273,7
2625,9275,15
2626,9277,13
2627,9278,13
2628,9279,13
2629,9280,13
2630,9281,11
2632,9285,12
2633,9286,12
2634,9287,12
2635,9287,18
2636,9290,5
2637,9291,2
2640,9419,6
2642,9420,15
2643,9421,13
2644,9422,15
2645,9424,6
2646,9425,9
2647,9426,34
2648,9428,16
2649,9429,16
2650,9430,16
2651,9431,11
2652,9432,6
2653,9433,5
2654,9434,34
2655,9435,13
2656,9437,13
2657,9438,9
2658,9439,11
2659,9442,12
2661,9443,17
2662,9444,12
2674,9474,7
2675,9475,12
2676,9476,9
2677,9483,12
2678,9490,12
2680,9624,11
2682,9625,7
2683,9625,29
2684,9626,7
2685,9626,29
2705,10324,2
2707,10325,5
2708,10325,29
2710,10326,29
2711,10326,10
2712,10327,3
2714,10327,29
2715,10334,15
2716,10336,15
2717,10335,15
2718,10337,15
2719,10338,15
2720,10341,34
2721,10349,19
2722,10353,15
2723,10354,34
2724,10355,34
2725,10356,1
2726,10366,12
2728,10367,5
2729,10381,15
2730,10538,12
2731,10540,15
2732,10778,8
2734,10778,29
2737,10852,18
2738,10853,17
2739,10854,6
2740,10855,25
2741,10856,25
2742,10857,11
2743,10860,19
2744,10861,15
2745,10862,15
2746,10863,15
2747,10864,15
2748,10864,19
2749,10865,15
2750,10865,19
2751,4814,19
2752,10887,10
2753,10888,15
2754,10889,19
2755,10890,18
2757,10891,18
2759,10892,10
2760,10895,6
2761,10896,6
2762,10944,1
2763,10946,1
2764,4469,25
2765,10950,2
2766,10952,3
2767,10961,21
2768,10962,12
2769,10962,17
2770,10964,34
2771,10967,3
2772,11127,6
2773,11128,13
2775,11130,2
2776,11131,16
2777,11137,13
2779,11138,11
2780,11139,1
2781,11140,15
2782,11141,15
2783,11161,2
2784,11162,16
2785,11163,18
2787,11165,7
2788,11276,9
2789,11278,19
2790,11279,19
2791,11285,15
2792,11287,15
2793,11296,16
2794,11305,5
2795,11301,6
2796,11315,15
2798,11319,18
2799,11322,12
2800,1220,1
2801,1221,1
2802,11329,15
2803,11330,10
2804,11331,10
2805,11332,10
2806,11370,11
2807,11376,11
2811,11386,19
2812,11388,12
2813,11432,19
2814,11434,19
2815,11435,16
2816,11437,9
2817,984,1
2818,1329,1
2819,1486,5
2820,988,5
2821,1245,14
2822,1350,5
2823,1356,5
2826,5563,11
2827,2474,11
2830,2590,11
2831,2254,11
2832,2254,12
2833,1487,11
2834,1487,12
2835,2458,11
2836,2458,12
2837,989,6
2838,3827,29
2839,11451,21
2840,11454,16
2841,11455,15
2842,11455,12
2843,11377,15
2844,11468,10
2845,11480,8
2846,11483,14
2847,11484,16
2848,11486,34
2849,11487,15
2850,11489,16
2851,11490,15
2852,11491,12
2853,11493,34
2854,11494,11
2855,11495,6
2856,11496,17
2857,11497,16
2858,11498,6
2860,11499,17
2861,11501,9
2864,11502,18
2865,11503,1
2866,11504,7
2867,11505,10
2868,11506,7
2869,11707,12
2872,5854,7
2874,11718,9
2875,11719,1
2876,11720,6
2877,11721,5
2878,11722,34
2879,11438,5
2880,11723,11
2882,11725,12
2883,1227,1
2885,7701,10
2886,11708,14
2887,11751,11
2888,11752,11
2889,11753,11
2890,11754,12
2891,11755,14
2892,2457,1
2893,2457,29
2894,2607,16
2895,2607,29
2896,2606,21
2897,2606,29
2898,856,15
2899,1828,18
2902,3877,6
2905,3880,11
2909,1354,5
2917,3981,1
2931,1177,16
2933,11771,6
2935,11772,6
2939,3890,11
2947,11773,18
2948,11774,18
2949,11775,18
2950,11776,18
2951,11777,18
2952,11778,1
2961,481,34
2962,482,34
2968,2098,6
2973,947,18
2986,1223,6
2987,1901,19
2988,3922,11
2989,1136,11
2990,1136,12
2991,2583,7
2992,2583,29
2993,2597,7
2994,2597,29
2995,2598,7
2996,2598,29
2997,2599,7
2998,2599,29
2999,2600,7
3000,2600,29
3001,2601,7
3002,2601,29
3003,2584,7
3004,2584,29
3005,2585,7
3006,2585,29
3007,2602,7
3008,2602,29
3009,2603,7
3010,2603,29
3011,2604,7
3012,2604,29
3013,2605,7
3014,2605,29
3015,2587,7
3016,2587,29
3017,2457,7
3019,2588,29
3020,2589,7
3021,2589,29
3022,1726,34
3024,2295,7
3025,2296,7
3026,2297,7
3027,2232,13
3028,2233,13
3029,2234,7
3030,2235,7
3031,2298,7
3032,2218,7
3033,2219,13
3034,2220,7
3035,2221,7
3036,2222,7
3037,2223,7
3038,2224,13
3039,2225,13
3040,1727,7
3041,1727,6
3042,990,6
3043,11780,6
3044,1489,5
3045,1906,18
3046,1907,19
3047,1908,16
3048,2459,13
3049,2460,13
3050,2503,18
3052,5794,7
3053,8914,7
3054,8915,7
3055,5650,7
3056,5650,29
3057,5651,6
3058,5651,29
3059,9257,7
3061,11782,19
3062,11783,28
3063,11783,29
3064,11783,26
3065,11784,12
3066,11784,26
3067,11785,25
3068,11786,15
3069,11787,15
3070,11788,25
3071,11789,25
3072,11790,25
3073,11791,25
3074,11792,25
3075,11793,12
3076,3899,11
3077,11794,26
3078,11795,19
3079,11795,26
3080,11796,19
3081,11796,26
3084,3883,21
3088,11803,13
3089,5877,6
3090,5895,34
3093,5881,5
3094,5882,6
3095,3906,11
3096,3907,11
3097,11812,19
3099,11814,15
3100,11815,16
3102,11820,12
3103,11822,34
3104,11823,19
3105,11824,12
3106,11825,12
3107,11826,18
3108,4457,25
3109,4829,34
3110,4829,7
3111,4831,34
3112,4831,7
3114,3826,3
3116,4462,25
3118,5531,11
3119,5889,12
3120,4407,29
3121,4423,12
3123,7622,15
3124,7624,9
3125,5891,11
3126,5891,12
3127,5893,11
3128,5893,12
3129,5897,12
3133,5561,34
3134,4477,11
3135,4406,29
3136,4408,29
3138,7658,15
3139,11869,10
3140,11870,16
3141,11871,13
3142,11872,13
3143,4833,34
3144,4833,7
3145,4833,16
3146,4833,21
3147,1153,1
3148,1163,6
3149,1165,1
3150,11873,6
3151,11878,12
3152,11879,34
3153,11880,34
3154,11881,34
3155,11882,34
3156,11884,34
3157,11885,34
3158,11886,5
3159,11888,17
3161,11890,12
3162,11891,1
3163,11892,34
3166,11438,5
3167,11894,12
3168,11896,18
3170,11897,6
3171,11898,15
3172,11899,5
3174,11900,11
3175,11901,6
3177,11433,11
3178,11902,11
3179,11903,1
3184,5894,19
3185,11905,6
3186,11906,9
3187,11907,6
3188,11908,15
3189,11909,11
3190,7576,11
3191,5527,6
3193,5555,5
3194,5879,5
3197,11914,6
3198,11915,9
3199,11916,10
3200,11918,16
3201,11919,6
3203,11921,6
3205,11923,5
3206,11924,6
3207,11925,6
3209,4158,15
3210,11928,34
3211,4167,26
3212,11930,1
3213,11931,19
3214,11932,34
3215,11933,9
3216,11934,9
3217,1488,8
3218,5292,11
3219,9471,5
3222,11935,10
3223,11937,15
3224,11938,15
3225,11939,15
3226,5132,5
3227,11940,15
3228,5797,7
3229,9256,7
3230,11941,12
3231,11942,10
3232,11944,11
3233,11946,11
3234,11947,11
3235,11948,9
3236,11950,16
3237,11951,10
3238,11952,9
3239,11953,9
3241,11797,34
3243,11927,6
3244,11928,6
3245,12140,11
3246,12141,11
3247,12142,11
3249,12143,11
3250,12144,15
3251,12145,15
3252,12146,15
3253,12147,15
3254,12148,15
3255,12149,15
3256,12150,15
3257,12151,15
3258,12152,15
3259,12153,15
3260,12154,19
3261,12155,15
3262,12156,15
3263,12157,15
3264,12158,15
3265,12159,15
3266,12160,15
3267,12161,11
3268,12162,34
3269,12163,34
3270,12165,11
3271,2104,4
3272,2105,4
3273,2106,4
3274,2107,4
3275,2108,4
3276,2117,4
3277,12166,15
3278,12167,15
3279,12168,15
3280,12169,6
3281,12170,6
3282,12171,1
3283,12172,8
3284,12173,9
3285,12174,2
3286,12195,9
3287,12196,9
3288,12197,9
3289,12198,9
3290,12199,7
3291,12201,11
3292,12200,11
3293,12202,11
3294,12203,11
3295,12204,5
3296,12208,15
3297,2099,4
3298,2100,4
3299,2101,4
3300,2102,4
3301,2103,4
3302,2109,4
3303,2110,4
3304,2113,4
3305,2114,4
3306,2115,4
3307,2116,4
3308,2118,4
3309,12209,11
3310,12210,8
3311,12211,9
3312,12212,9
3313,12213,6
3314,12214,1
3315,12215,6
3316,9630,6
3317,12216,15
3318,12217,9
3319,12218,9
3320,12219,12
3321,994,6
3322,11488,12
3323,12220,9
3324,12221,15
3325,12221,16
3326,12221,21
3327,12222,15
3328,12223,29
3329,12224,15
3330,12224,16
3331,12224,21
3332,12225,7
3333,12244,15
3334,12245,53
3335,12248,15
3336,12249,15
3337,12260,15
3338,12263,15
3339,12264,10
3340,12265,10
3341,9152,12
3342,9149,12
3343,9150,12
3344,9151,12
3345,12284,15
3346,12285,14
3347,12286,15
3348,12287,15
3349,12419,15
3350,12300,15
3354,14353,9
3355,14359,34
3356,14360,6
3357,14379,15
3358,14380,9
3359,14381,15
3360,986,1
3361,14432,14
3362,991,1
3363,12189,25
3364,12190,25
3365,14330,6
3366,14461,9
3367,14467,9
3368,4562,6
3369,9057,10
3370,14553,18
3371,14554,14
3372,14555,14
3373,14556,14
3374,14558,16
3375,14579,14
3376,14583,11
3377,14584,11
3378,14586,12
3379,14587,12
3380,14591,11
3381,14592,11
3382,14593,11
3383,14595,15
3384,14596,5
3385,14597,5
3386,14599,15
3387,14601,15
3388,14602,13
3389,14615,5
3390,14617,1
3391,14618,2
3392,14619,11
3393,14620,6
3394,14621,6
3395,14623,11
3396,14624,12
3397,14625,14
3398,14626,12
3399,14627,34
3400,14628,14
3401,14629,16
3402,14630,16
3403,14634,19
3404,14635,15
3405,14636,15
3406,14637,6
3407,14638,15
3408,14639,11
3409,14640,11
3410,14641,11
3411,14644,10
3412,1188,5
3413,14676,16
3414,14678,11
3415,14679,11
3416,14680,11
3417,14730,19
3418,14731,1
3419,14793,16
3420,14795,13
3421,14797,9
3422,14798,9
3423,14800,15
3424,14801,15
3425,14802,15
3426,14806,15
3427,14807,1
3428,14808,12
3429,14809,11
3430,14814,6
3431,14816,16
3432,14819,9
3433,14820,6
3434,14821,15
3435,14822,18
3436,14823,11
3437,14824,2
3438,14825,21
3439,14826,21
3440,14828,16
3441,14829,6
3442,14831,16
3443,14832,6
3444,14833,6
3447,14835,16
3448,14965,17
3449,14968,19
3450,14969,15
3451,14970,6
3452,14813,28
3453,14812,28
3454,14978,15
3455,11280,11
3456,14985,12
3457,14995,29
3458,9056,16
3459,15013,12
3460,15059,5
3461,15060,5
3462,15061,6
3463,15062,6
3464,15066,15
3465,15067,10
3466,15068,15
3467,15069,5
3469,15070,11
3470,15071,6
3472,15140,25
3473,15141,25
3474,15142,11
3475,15143,11
3476,15144,11
3477,15145,11
3478,15146,11
3479,15147,11
3480,15148,11
3481,15149,11
3482,15150,11
3483,15151,11
3484,15152,11
3485,15153,11
3486,15154,15
3487,15156,6
3488,15157,6
3489,15158,6
3490,15160,6
3491,15161,6
3492,15229,13
3494,15255,6
3495,15256,15
3496,15259,10
3497,15260,6
3510,15284,15
3511,15285,15
3512,15286,7
3513,15287,19
3514,15287,17
3515,15288,5
3516,15289,7
3517,15289,10
3518,15290,14
3519,15291,19
3520,15291,17
3521,15292,8
3539,15339,1
3540,15371,14
3541,15372,14
3542,15373,16
3543,15374,15
3544,15374,19
3545,15375,16
3546,15376,14
3547,15377,14
3548,15378,14
3549,15379,14
3550,15380,16
3551,15381,16
3552,15382,16
3553,15383,16
3554,15384,16
3562,15399,6
3563,15400,6
3564,15401,6
3565,15412,6
3566,15413,6
3568,15453,14
3569,15454,14
3571,15455,6
3572,15460,6
3573,15466,15
3574,15477,34
3575,15478,11
3576,15479,11
3577,15481,29
3578,15482,29
3579,15487,2
3580,15488,11
3581,15490,12
3582,15491,12
3583,15492,34
3584,15494,12
3585,15498,29
3586,15499,16
3588,15500,21
3589,15501,28
3590,15502,29
3591,15503,34
3592,15503,29
3593,15504,29
3595,15547,10
3596,15548,10
3598,15549,10
3599,15550,13
3600,15550,6
3601,15551,13
3602,15552,13
3605,15553,29
3606,15554,11
3608,15555,12
3629,15567,5
3630,15568,18
3632,15569,21
3633,15570,5
3634,15571,11
3635,15572,15
3636,15573,34
3637,15574,16
3638,15575,34
3639,15576,34
3640,15578,34
3641,15579,6
3642,15581,6
3643,15582,11
3644,15583,11
3645,15584,19
3646,15585,19
3647,15586,15
3648,15597,34
3649,15598,7
3650,15599,7
3651,15600,1
3652,15601,19
3653,12194,14
3654,12193,14
3655,15605,7
3656,12453,15
3664,15654,34
3665,15668,14
3666,15669,11
3667,15740,1
3668,15741,22
3669,15742,1
3670,15743,12
3671,15744,12
3672,15745,12
3673,15746,16
3675,15747,21
3676,15751,29
3677,15752,29
3678,15753,29
3679,15754,27
3680,15755,34
3681,15756,34
3682,15757,6
3683,15758,6
3684,15759,34
3685,15761,11
3686,15762,34
3687,15763,5
3688,15764,34
3689,15768,34
3690,15769,6
3691,15770,34
3692,15771,34
3693,15595,34
3694,14814,13
3695,14644,25
3697,11920,11
3698,11922,25
3699,11918,29
3701,11902,5
3702,11889,16
3703,11883,7
3704,11373,11
3705,11372,11
3707,11371,5
3711,15851,1
3712,7835,34
3713,7835,10
3714,15890,6
3715,15891,6
3716,15893,6
3717,15894,6
3718,15895,9
3719,11904,34
3730,3837,16
3733,2543,34
3735,2535,12
3736,11440,11
3737,11913,11
3738,5898,26
3739,11384,13
3740,16012,3
3741,16014,12
3742,16027,11
3743,16028,11
3744,16029,11
3745,16030,11
3746,16031,11
3747,16032,11
3748,16033,11
3749,16034,11
3750,16035,11
3751,16036,11
3752,16037,11
3753,16038,11
3754,16039,8
3756,11482,14
3757,11481,14
3758,11479,14
3759,11461,14
3764,16083,16
3765,16084,12
3767,16085,12
3769,16087,17
3770,16088,12
3771,16089,15
3772,16091,1
3773,16092,18
3774,16093,16
3775,16096,34
3776,16097,15
3777,11164,16
3784,16219,11
3785,16220,11
3786,16221,11
3790,16227,5
3792,16232,6
3793,16234,15
3794,16235,5
3795,16237,15
3796,16316,16
3798,12247,14
3800,16754,14
3801,16755,10
3802,16811,11
3803,16812,11
3804,16813,11
3805,16814,11
3806,16815,11
3807,16816,11
3808,16817,11
3809,16818,11
3810,16819,11
3811,16820,11
3812,16821,11
3813,16822,11
3814,16962,29
3815,16964,11
3816,16965,11
3817,16966,11
3818,16967,11
3819,16968,11
3820,16969,11
3821,16970,11
3822,16971,11
3823,16972,11
3824,16973,11
3825,16974,14
3826,16975,11
3827,16976,14
3828,16977,14
3829,16978,14
3830,12253,15
3831,12254,15
3832,12256,15
3833,12257,15
3834,12258,15
3835,12259,15
3836,12261,15
3837,12262,15
3838,12250,15
3839,12252,15
3840,12251,15
3841,12255,15
3843,16090,15
3845,14815,34
3846,12248,6
3847,11895,6
3848,11307,11
3849,5113,10
3850,11283,9
3851,11282,9
3852,11281,9
3854,17295,6
3855,17296,6
3861,17358,5
3866,11943,6
3868,11945,11
3869,11945,14
3871,1698,11
3873,1701,11
3875,1702,11
3876,2590,1
3878,8190,6
3879,7625,16
3880,2337,16
3883,3892,7
3884,1699,1
3885,1699,11
3889,14358,16
3890,8976,10
3891,8977,10
3892,9063,10
3893,9058,10
3894,16082,11
3895,11929,9
3896,8811,9
3897,2443,9
3898,17476,15
3901,17515,2
3902,17518,11
3903,17519,11
3907,17626,5
3908,17627,5
3909,17628,11
3910,17629,11
3911,17630,11
3912,17740,1
3913,17748,5
3914,17749,5
3915,17750,1
3916,17751,6
3917,17752,6
3918,17753,1
3919,17786,13
3920,17787,9
3921,17792,27
3922,17793,11
3923,17793,29
3924,17794,14
3925,17795,19
3926,17796,11
3927,17798,15
3928,17798,10
3929,17799,15
3930,17799,10
3931,17800,15
3932,17800,10
3938,17862,18
3939,17863,27
3940,17863,25
3942,17864,28
3944,17865,27
3945,17865,28
3947,17866,27
3948,17866,28
3950,17867,27
3951,17867,28
3953,17868,27
3954,17868,28
3956,17869,27
3958,17870,27
3960,17871,27
3961,17871,28
3963,17872,28
3965,17873,14
3966,17874,14
3967,17879,18
3968,17880,18
3969,17888,14
3970,17887,6
3971,17919,14
3972,18396,11
3973,18397,11
3974,18398,11
3977,18482,14
3978,18484,16
3979,18485,34
3980,18486,15
3981,18486,10
3982,18614,13
3983,18615,18
3984,18617,5
3985,18618,21
3986,18620,19
3987,18792,10
3988,18793,10
3989,18794,9
3990,18795,11
3991,18795,16
3992,18796,11
3993,18796,19
3994,18797,1
3995,18801,15
3996,18802,15
3997,18825,15
3998,18826,1
4003,18880,11
4004,18880,12
4005,18881,2
4007,18897,11
4008,18898,6
4009,18899,11
4010,18899,18
4011,18899,19
4012,18900,15
4013,18900,10
4014,18901,15
4017,9473,5
4019,18959,25
4020,18959,10
4021,18960,21
4022,18960,19
4023,19011,14
4027,9494,12
4028,9491,12
4032,14834,11
4034,15553,11
4037,1442,11
4038,9628,12
4039,9486,12
4040,9487,12
4041,9629,12
4042,9488,12
4043,9489,12
4044,14582,15
4045,14589,15
4046,14588,15
4048,9479,12
4049,9480,12
4050,9481,12
4051,9482,12
4052,9485,12
4053,9484,12
4054,9492,12
4055,9493,12
4056,9495,12
4057,9496,12
4058,9497,12
4059,11284,34
4060,9477,13
4061,9478,13
4063,2112,4
4064,11372,14
4065,2455,6
4066,2456,6
4067,5884,12
4068,985,1
4069,993,6
4070,3888,15
4071,1139,1
4072,1902,18
4073,1927,18
4074,1929,18
4075,3917,25
4076,3919,26
4077,4171,6
4078,2019,11
4079,1903,18
4080,1905,7
4081,1926,18
4082,126,11
4083,129,11
4084,1928,18
4085,4426,13
4086,8180,13
4087,8181,13
4088,7697,13
4089,3909,28
4090,3909,29
4091,3909,26
4092,3920,19
4093,3920,26
4094,7573,14
4095,7578,13
4096,7610,11
4097,7823,11
4098,8177,10
4099,8239,10
4100,11779,14
4101,5880,11
4102,5892,11
4103,8907,6
4104,8987,13
4105,8991,13
4106,8990,13
4107,8992,13
4108,9037,10
4110,9059,10
4111,9183,1
4112,14352,12
4113,14382,26
4114,9276,13
4115,11770,13
4116,9048,13
4117,10965,11
4118,11316,13
4119,11926,14
4120,11910,6
4121,9036,10
4122,9440,14
4123,12207,6
4124,11492,12
4125,11802,13
4126,9238,10
4127,11133,6
4128,11453,11
4129,11457,11
4130,14204,12
4131,14810,28
4132,14837,13
4133,14975,11
4134,15065,6
4135,14633,1
4136,14811,28
4137,14836,13
4138,14632,1
4139,14972,14
4140,14977,13
4141,15456,13
4142,15461,13
4143,15462,13
4144,14383,28
4145,14796,13
4146,15073,11
4147,15463,13
4148,15480,14
4149,15483,11
4150,15484,1
4151,15486,13
4152,15489,6
4153,15063,6
4154,14603,13
4155,15072,11
4156,15505,11
4157,2111,4
4158,5883,12
4159,5885,12
4160,5886,12
4161,15760,34
4162,5887,12
4163,8989,13
4165,9060,10
4166,15495,12
4167,9239,10
4168,9427,13
4169,9436,13
4170,10947,4
4171,10966,4
4172,11160,1
4173,11275,11
4174,11380,34
4175,11383,34
4176,11917,1
4177,12205,6
4178,12206,6
4179,11801,13
4180,11805,13
4181,11821,13
4182,11874,7
4183,11887,6
4184,14361,11
4185,16013,14
4186,16015,6
4187,8988,13
4188,2510,13
4189,3910,12
4190,3910,26
4191,3911,25
4192,3913,15
4193,3914,25
4194,3915,25
4196,17517,4
4197,3908,19
4198,3916,25
4199,3918,25
4200,3921,19
4201,3921,26
4202,4427,13
4203,3912,15
4204,14600,11
4205,8182,13
4207,14350,12
4208,14351,12
4209,14594,11
4210,14622,11
4211,14677,11
4212,18616,11
4213,15064,6
4214,15074,11
4215,16229,13
4216,16315,13
4217,14971,14
4218,14979,6
4219,11373,14
4224,19203,14
4225,19204,14
4226,19205,14
4227,19206,14
4228,19218,17
4229,19219,17
4231,19229,11
4232,19231,11
4233,19234,11
4234,9168,5
4242,9252,11
4243,7780,7
4244,7780,15
4246,7781,7
4247,7781,15
4248,7782,7
4249,7782,15
4250,9273,15
4251,10537,7
4252,10537,15
4253,15605,15
4254,9062,10
4256,4424,34
4259,15258,15
4261,15258,9
4263,14819,15
4265,11940,9
4268,17294,34
4269,15163,15
4270,15163,9
4272,5564,34
4274,5133,34
4275,4430,9
4276,4430,15
4277,16691,34
4279,5796,34
4280,8124,9
4281,8124,15
4282,1229,17
4284,1226,18
4285,10543,18
4286,17611,18
4287,17610,18
4288,17609,18
4289,9251,11
4290,7832,11
4291,7833,11
4292,7834,11
4293,2301,11
4294,14583,51
4297,19472,15
4298,19472,10
4299,19473,15
4300,19473,10
4301,19474,15
4302,19474,10
4303,19475,15
4304,19475,10
4324,19760,1
4325,19761,29
4326,19762,11
4327,19762,12
4328,19762,6
4329,19763,19
4331,12246,53
4336,10273,15
4338,9423,13
4340,16228,9
4342,2588,15
4343,16232,11
4344,11382,15
4350,14830,6
4353,17359,5
4355,14970,15
4359,15669,26
4360,9246,9
4361,4429,5
4363,7830,29
4364,19848,14
4365,1080,11
4366,1080,19
4367,1137,29
4368,1142,6
4369,1148,5
4370,1157,1
4371,1159,11
4372,1160,11
4373,1247,13
4374,1328,15
4375,1896,11
4376,4425,9
4377,4428,11
4379,10791,9
4380,14433,14
4381,17918,14
4386,10858,9
4388,14838,11
4389,14839,11
4390,15402,12
4391,15403,12
4392,15404,12
4393,15405,12
4394,15406,12
4395,15407,12
4396,15409,12
4397,15410,12
4398,15411,12
4399,15457,12
4400,15458,12
4401,15459,12
4402,15497,11
4413,17450,11
4426,17467,11
4434,7668,11
4435,7691,11
4436,7693,11
4437,7694,5
4438,8179,11
4439,9248,26
4440,9249,26
4441,9250,11
4442,9253,11
4443,9441,11
4444,10339,11
4445,10340,11
4446,10342,11
4447,10346,11
4448,10348,11
4449,10350,11
4450,10351,11
4451,10352,11
4452,11323,11
4453,11324,11
4454,11326,13
4455,11327,11
4456,11328,11
4457,11333,11
4458,11334,13
4459,11470,11
4460,11936,11
4461,14557,11
4462,14559,11
4463,14580,11
4464,14581,11
4465,14585,11
4466,14590,11
4468,14616,11
4469,14642,11
4470,14643,11
4471,14799,11
4472,14817,15
4473,14827,11
4474,14827,12
4475,14967,16
4476,15402,11
4477,15403,11
4478,15404,11
4479,15405,11
4480,15406,11
4481,15407,11
4482,15408,11
4483,15409,11
4484,15410,11
4485,15411,11
4486,15457,11
4487,15458,11
4488,15459,11
4489,15467,11
4490,15493,11
4491,15497,12
4492,15596,11
4493,16094,11
4494,16230,16
4495,16233,11
4496,16236,11
4498,18483,11
4499,19197,11
4500,19198,11
4501,19252,11
4502,20162,15
4503,20162,10
4504,20163,15
4505,20163,10
4506,20164,5
4507,20165,12
4508,20165,19
4509,20165,17
4511,20167,18
4512,20168,18
4513,20169,17
4514,20171,1
4515,20172,18
4516,20172,21
4517,20326,7
4518,20328,14
4519,20327,14
4520,20329,14
4521,20330,14
4522,20331,12
4523,20331,19
4524,20331,17
4525,20332,19
4527,20633,25
4528,20634,25
4529,20635,25
4530,20636,26
4531,20637,26
4532,20638,26
4533,20639,25
4534,20640,25
4535,20641,25
4536,20642,28
4537,20643,28
4538,20644,28
4539,20645,26
4540,20646,26
4541,20647,25
4542,20648,13
4543,20649,13
4544,20650,26
4545,20651,26
4546,20652,26
4547,20653,26
4548,20654,26
4549,20655,26
4550,20656,26
4551,20657,26
4552,20658,28
4553,20659,28
4554,20660,28
4555,20661,28
4556,20662,28
4557,20663,28
4558,20664,28
4559,20665,26
4560,20666,26
4561,20667,26
4562,20668,26
4563,20669,26
4564,20670,26
4565,20671,26
4566,20672,25
4567,20673,25
4568,20674,26
4569,20675,26
4570,20676,26
4571,20677,26
4572,20678,26
4578,20692,26
4579,20693,26
4580,20695,26
4581,20694,26
4582,20696,26
4583,20697,26
4584,20698,26
4585,20699,26
4586,20700,26
4587,20701,25
4588,20702,25
4589,20703,25
4590,20704,25
4591,20705,25
4592,20706,27
4593,20707,27
4594,20708,27
4595,20709,27
4596,20710,27
4597,20711,25
4598,20712,25
4599,20713,25
4600,20714,25
4601,20715,29
4602,20716,29
4603,20717,29
4604,20718,29
4605,20719,25
4606,20720,25
4607,20721,25
4608,20722,25
4609,20723,25
4610,20724,25
4611,20725,25
4612,20726,27
4613,20727,27
4614,20728,27
4615,20729,27
4616,20731,27
4617,20731,26
4618,20732,27
4619,20732,26
4620,20733,27
4621,20734,27
4622,20735,27
4623,20735,26
4624,20736,27
4625,20737,27
4626,20738,27
4627,20739,26
4628,20740,26
4629,20741,25
4630,20742,25
4631,20743,25
4632,20744,25
4633,20745,25
4634,20746,25
4635,20747,25
4636,20748,29
4637,20749,29
4638,20750,25
4639,20751,29
4640,20752,29
4641,20753,29
4642,20754,29
4643,20755,29
4644,20756,29
4645,20757,29
4646,20758,29
4647,20759,29
4648,20760,27
4649,20761,27
4650,20762,27
4651,20763,25
4652,20764,25
4653,20765,25
4654,20766,25
4655,20767,28
4656,20768,28
4657,20769,28
4658,20770,29
4659,20771,27
4660,20772,27
4661,20773,26
4662,20774,26
4663,20775,26
4664,20776,26
4665,20777,29
4704,20878,25
4705,20879,25
4706,20880,25
4707,20881,25
4708,20882,26
4709,20883,26
4710,20884,26
4711,20885,26
4712,20886,26
4713,20887,26
4714,20888,26
4715,20889,26
4716,20890,26
4717,20891,26
4718,20892,27
4719,20892,26
4720,20893,25
4721,20894,25
4722,20895,27
4723,20895,26
4724,20896,28
4725,20896,26
4726,20897,26
4727,20898,26
4728,20899,26
4729,20900,15
4730,20901,29
4731,20902,29
4732,20903,29
4733,20904,28
4734,20905,29
4735,20906,29
4736,20907,29
4737,20908,25
4738,20909,25
4739,20910,25
4740,20911,26
4741,20912,26
4742,20913,26
4743,20914,26
4744,20915,26
4745,20916,26
4746,20917,25
4747,20918,25
4748,20919,28
4749,20920,27
4750,20920,26
4751,20921,28
4752,20922,28
4753,20922,26
4754,20923,28
4755,20924,28
4760,21061,13
4761,21060,13
4763,21080,13
4764,21081,26
4765,21082,26
4766,21083,26
4767,21084,26
4768,21085,13
4769,21086,13
4770,21086,26
4771,21087,13
4772,21087,26
4773,21088,13
4774,21089,26
4775,21090,26
4776,21091,26
4777,21092,13
4778,21093,25
4779,21094,25
4780,21095,26
4781,21096,26
4782,21097,26
4783,21098,25
4784,21099,25
4785,21100,25
4786,21101,13
4787,21102,15
4788,21102,10
4790,21106,6
4792,1162,5
4793,17886,5
4794,8912,14
4795,18800,2
4804,21324,15
4805,21325,15
4814,21598,34
4815,21599,8
4816,21600,18
4817,21601,34
4818,21602,1
4830,21615,15
4831,21616,15
4832,21617,15
4901,21831,15
4902,21831,10
4903,21832,15
4904,21832,10
4905,21833,10
4906,21834,15
4907,21834,10
4908,21835,15
4909,21835,10
4920,21857,11
4921,21861,15
4922,21861,10
4923,21877,19
4924,21878,19
4926,21889,19
4927,21890,19
4928,21891,19
4929,21892,19
4988,21933,14
4989,21945,15
4991,21946,11
4992,21948,1
4993,21949,19
4994,21950,14
4996,21951,10
4997,21952,16
4998,21953,15
4999,21954,15
5000,21955,15
5001,21956,15
5002,21957,15
5004,22006,29
5005,22007,15
5006,22008,13
5007,22009,15
5008,22010,15
5009,22011,34
5019,22143,5
5020,22144,25
5024,22182,11
5026,22183,19
5027,11893,22
5028,11439,22
5029,14598,22
5030,11724,22
5033,22388,11
5034,22389,34
5035,22390,34
5046,16098,6
5047,16099,5
5048,16100,26
5049,16101,18
5050,16102,11
5051,22775,19
5052,21947,7
5058,22895,1
5059,21603,14
5061,12300,13
5063,22918,14
5064,22919,11
5065,22920,10
5066,22921,10
5067,22922,10
5069,17797,29
5070,17796,29
5071,17747,13
5072,21079,13
5078,18794,29
5133,14631,7
5134,14631,16
5135,22181,5
5136,7825,29
5137,9443,29
5138,9065,29
5139,12171,29
5141,17794,13
5142,17749,29
5143,16039,29
5144,12173,29
5145,10356,29
5146,16975,29
5147,17748,29
5148,9444,29
5149,11375,11
5150,11375,5
5151,7691,5
5152,15155,13
5153,9472,13
5155,10963,13
5156,10542,12
5157,11431,34
5158,11325,13
5159,11381,19
5160,10913,12
5161,7607,15
5162,11912,15
5163,20632,9
5164,11374,15
5165,8772,15
5166,11387,11
5167,12164,11
5168,10344,12
5169,11911,15
5170,2299,11
5171,8770,10
5172,3881,11
5173,10347,15
5174,9274,5
5175,10345,11
5176,8768,10
5177,11379,15
5180,11378,11
5181,1147,29
5182,1147,34
5183,11456,12
5184,11456,11
5185,11500,10
5186,11500,34
5187,10343,15
5188,11274,10
5189,11274,34
5190,16086,29
5191,16086,15
5192,5853,6
5193,11385,29
5194,11436,11
5195,15293,10
5196,15293,29
5198,23175,1
5199,23176,4
5200,23177,4
5201,23178,6
5202,23179,6
5203,23180,5
5204,23181,1
5205,23182,14
5206,23183,14
5207,23184,14
5208,23186,4
5243,9248,12
5251,15896,9
5252,3827,10
5253,5890,5
5254,15570,11
5262,23549,13
5263,23549,7
5264,23550,13
5265,23551,13
5267,23553,4
5269,23554,4
5271,23555,4
5273,23556,4
5274,23557,4
5275,23558,4
5276,23559,4
5277,23560,4
5280,23653,34
5281,23704,34
5282,23706,11
5283,23707,4
5284,23708,4
5285,23709,4
5286,23710,4
5293,16100,11
5303,23868,18
5304,23869,34
5305,23870,34
5306,23871,34
5307,23872,34
5308,23873,15
5309,23874,15
5310,23874,6
5311,23875,15
5312,23875,6
5313,23876,15
5314,23876,6
5315,23877,16
5316,23878,16
5317,23879,16
5318,23880,16
5319,23881,16
5320,23882,15
5341,22927,9
5345,24193,12
5346,24194,12
5348,24196,11
5349,24196,8
5351,22924,13
5352,22925,9
5353,22926,9
5354,23188,9
5355,18798,7
5357,10859,9
5364,1201,13
5365,16082,13
5367,14360,13
5368,9473,13
5372,15501,14
5380,24630,15
5381,24631,34
5382,24644,4
5383,24644,10
5384,24645,4
5385,24645,10
5386,24646,4
5387,24646,10
5389,23883,29
5391,1172,1
5392,16231,10
5393,22398,13
5394,22397,5
5397,24753,9
5398,24755,34
5401,24765,25
5403,24889,25
5404,1694,13
5406,2219,52
5410,2232,11
5412,2233,11
5414,24888,51
5419,25123,13
5420,25124,13
5421,25125,13
5422,25126,13
5423,25127,13
5424,25128,17
5430,18618,13
5431,17870,28
5432,17869,28
5433,17864,27
5435,9177,29
5436,1736,6
5437,2341,21
5438,4450,21
5439,11372,21
5440,11373,21
5441,11948,21
5443,25272,11
5444,25273,11
5445,25274,11
5450,25279,11
5451,25280,16
5452,25281,11
5453,25282,11
5454,25283,11
5455,25284,6
5456,25285,6
5457,25286,6
5458,25287,11
5459,25288,6
5460,25289,16
5461,25290,11
5462,25291,11
5463,25292,11
5464,25293,15
5465,25293,10
5466,25294,21
5467,25295,21
5468,25296,21
5469,25297,9
5470,25298,6
5471,25299,11
5472,25300,11
5473,25301,15
5474,25302,15
5475,25303,15
5476,25304,15
5477,25305,15
5478,25306,15
5479,25307,34
5482,25308,11
5483,25308,12
5484,25309,15
5485,25310,15
5494,25336,14
5495,25337,34
5496,25338,11
5505,21945,29
5508,5129,12
5509,18619,29
5510,10893,34
5511,11129,15
5512,11949,6
5513,12192,15
5514,19217,29
5515,12456,15
5516,12459,15
5517,12458,15
5518,12457,15
5519,19216,29
5520,19215,29
5521,19159,29
5522,15264,10
5523,15263,29
5524,15262,34
5525,15261,34
5531,14818,10
5532,14348,29
5533,14347,29
5534,14346,29
5535,7871,34
5536,12454,15
5537,7872,34
5538,12455,15
5539,1135,15
5553,25546,51
5554,25564,11
5555,25565,11
5557,25566,11
5559,25597,15
5560,1427,7
5562,25664,11
5563,25665,5
5564,25665,10
5565,25666,15
5567,25672,10
5568,25673,10
5569,25674,12
5570,25675,6
5571,18618,22
5572,18614,22
5580,25812,15
5581,25812,10
5582,25813,10
5584,23185,13
5587,25895,11
5588,25896,14
5594,25936,11
5595,25967,1
5596,25968,1
5597,25969,1
5598,25970,5
5599,25971,1
5600,25972,1
5601,25973,1
5602,25974,1
5603,25975,1
5604,25976,5
5605,25977,1
5606,25978,5
5607,25979,1
5608,25980,1
5609,25981,1
5610,25982,1
5611,25983,5
5612,25984,1
5613,25985,1
5614,25986,5
5615,25987,1
5616,25988,1
5617,25989,1
5618,25990,5
5619,25991,1
5620,25992,1
5621,25993,1
5622,25994,1
5623,25995,1
5624,25996,1
5625,25997,5
5626,25998,5
5627,25999,1
5628,26000,1
5629,26001,5
5630,26002,5
5631,26003,1
5632,26004,1
5633,26005,1
5634,26008,1
5638,26056,15
5641,26149,15
5642,26193,11
5643,26193,14
5644,26194,11
5645,26194,14
5646,26195,11
5647,26195,14
5648,26196,11
5649,26197,11
5650,26197,52
5653,26199,16
5654,26200,11
5655,26201,12
5656,26202,11
5657,26202,12
5658,26203,16
5659,26204,6
5660,26205,16
5662,26208,6
5664,26250,11
5675,26363,11
5676,26364,6
5677,26365,16
5678,26366,6
5679,26367,11
5680,26368,13
5681,26369,11
5682,26369,14
5683,26371,21
5684,26372,18
5685,26373,6
5686,26374,11
5687,26375,25
5688,26376,27
5689,26377,25
5690,26378,15
5691,26379,12
5692,26380,11
5694,26381,11
5695,26382,11
5697,26383,11
5698,26384,12
5699,26385,19
5700,26386,13
5701,26387,16
5702,26388,6
5703,26389,6
5704,26390,11
5705,26390,14
5706,26391,11
5707,26391,14
5708,26392,11
5709,26392,14
5710,15265,7
5711,26477,13
5712,26478,21
5713,26479,11
5714,26480,11
5715,26481,6
5716,26481,11
5717,26482,6
5718,26482,11
5719,26483,6
5720,26484,11
5721,26485,11
5722,26486,11
5723,26486,14
5724,26487,27
5725,26488,11
5726,26489,11
5727,26490,11
5728,26491,13
5729,26492,13
5730,26493,11
5731,26493,14
5732,26494,13
5733,26495,11
5734,26495,14
5735,26496,11
5736,26497,11
5741,26564,6
5742,26610,7
5743,26611,7
5744,26612,15
5745,26617,16
5746,26618,16
5747,26619,1
5748,26621,16
5749,26651,18
5751,26703,1
5752,26704,7
5753,26705,29
5754,26707,52
5758,26785,21
5759,26786,21
5760,26787,16
5761,26788,9
5762,26789,6
5766,26871,10
5767,26872,12
5768,26875,11
5769,26875,18
5771,26877,8
5772,26878,16
5773,26879,13
5778,26935,15
5779,26936,10
5780,26937,10
5781,26938,6
5782,26939,10
5783,26940,7
5796,27040,10
5797,27041,12
5798,27042,15
5799,27042,10
5800,27043,15
5801,27043,10
5802,27044,17
5803,27045,15
5804,27046,5
5806,27075,21
5809,27167,15
5810,27167,21
5811,27168,21
5812,25101,53
5813,25102,53
5814,25103,53
5815,25105,53
5816,25106,53
5817,25121,53
5818,25122,53
5823,27247,22
5824,27248,12
5825,27249,11
5826,27249,22
5827,27250,22
5828,27251,14
5829,27251,22
5830,27252,11
5831,27252,34
5832,27253,10
5898,15290,53
5902,27973,8
5951,26876,5
5952,26706,29
5953,26614,15
5954,25336,28
6218,23549,53
6228,16808,10
6239,22916,9
6240,22916,9
6241,22917,10
6242,26198,9
6243,25337,34
6244,15283,10
6245,15283,34
6246,15283,34
6247,15283,10
6248,15506,34
6249,15506,34
6250,5648,6
6251,5648,6
6252,23548,15
6253,20679,6
6254,20679,6
6255,20679,51
6256,21653,29
6257,21725,29
6258,21725,29
6259,21720,29
6260,1730,5
6261,26370,10
6262,26370,6
6263,17516,10
6264,17516,29
6265,1154,34
6266,21873,6
6267,21873,11
6268,21873,11
6269,21873,13
6270,21886,6
6271,21886,13
6272,21886,13
6273,21886,6
6274,5130,12
6297,29117,22
6319,26708,9
6320,25765,12
6327,1428,11
6336,25137,10
6337,25137,15
6338,25138,15
