ID,SpellID,Field_12_0_0_64741_001,BroadcastTextID,Severity,Field_12_0_0_64741_004,Flags,IconFileDataID,DungeonEncounterID
1,426734,0,295195,1,0,0,0,0
2,1217327,0,0,1,0,0,0,3107
3,1217232,0,295052,2,0,161,0,0
4,1233865,0,0,0,0,256,0,3181
5,1233819,0,292784,1,0,0,0,3181
6,1233602,0,0,1,0,0,0,3181
7,1234564,0,0,1,0,0,0,3181
8,1235622,0,0,1,1,0,0,3181
9,1237035,0,0,0,0,0,0,3181
10,1237837,0,0,1,0,0,0,3181
11,1237614,0,0,1,0,0,0,3181
12,1246918,0,294428,2,0,512,0,3181
13,1239080,0,0,1,0,0,0,3181
14,1232467,0,0,1,0,0,0,3181
15,1238843,0,299675,2,0,1,0,3181
16,1251554,0,0,0,0,0,0,3213
17,1252054,0,0,0,0,0,0,3213
18,1251996,0,0,0,0,0,0,3213
19,1251204,0,0,2,0,0,0,3213
20,1250708,0,0,2,0,0,0,3213
21,468429,0,278888,2,0,1,0,3059
22,474528,0,0,1,0,0,0,3059
23,472556,0,0,1,0,0,0,3059
24,472662,0,0,0,0,128,0,3059
25,472888,0,0,0,0,128,0,3057
26,474105,0,0,1,0,32,0,3057
27,472736,0,0,1,0,0,0,3057
28,472745,0,0,1,0,0,0,3057
29,472795,0,0,2,0,1,0,3057
30,473898,0,0,1,0,0,0,3103
31,1214637,0,0,1,0,0,0,0
32,474197,0,283487,2,0,0,0,3103
33,1249014,0,0,2,0,0,0,3332
34,1264439,0,299996,2,0,0,0,3332
35,1247937,0,0,0,0,128,0,3332
36,1252703,0,299945,1,0,0,0,3332
37,1218203,0,299970,1,0,0,0,3105
38,474408,0,0,0,0,0,0,3105
39,1297017,0,0,0,0,0,0,3285
40,1262901,0,0,1,0,0,0,3285
41,1300259,0,299977,2,0,0,0,3285
42,1225011,0,299978,2,0,1,0,3285
46,1222371,0,299982,1,0,0,0,3286
47,1222642,0,0,1,0,128,0,3286
48,1245404,0,294306,1,0,0,0,3306
49,1251021,0,0,2,0,0,0,3306
50,1246621,0,0,0,0,256,0,3306
51,1272726,0,0,0,0,4,0,3306
52,1253284,0,0,1,1,0,0,0
53,1245452,0,302524,1,0,1,0,3306
54,1222721,0,0,2,0,64,0,3286
55,1226120,0,0,1,0,64,0,3286
56,1282770,0,0,1,0,0,0,3287
57,1227264,0,0,1,0,0,0,3287
58,1263982,0,300024,2,0,0,0,3287
59,1241836,0,0,1,0,128,0,3177
60,1244293,0,0,1,0,128,0,3177
61,1243853,0,300027,2,0,1,0,3177
62,1254199,0,0,1,0,0,0,3177
63,1244346,0,0,1,0,0,0,3177
64,1233787,0,0,0,0,0,0,3181
65,1243753,0,0,0,0,0,0,3181
66,1243743,0,309002,1,0,0,0,3181
67,1235548,0,0,0,0,8,0,3208
68,1235623,0,0,1,0,0,0,3208
69,1235783,0,0,1,0,0,0,3208
70,1235656,0,300770,2,0,256,0,3208
71,1248451,0,301059,2,0,0,0,3180
72,1251886,0,0,0,0,0,0,3180
73,1249130,0,0,1,0,0,0,3180
74,1248674,0,0,1,0,512,0,3180
75,1276831,0,0,2,0,256,0,3180
76,1246162,0,301058,2,0,0,0,3180
77,1255738,0,0,0,0,256,0,3180
78,1251857,0,0,0,0,128,0,3180
79,1246485,0,0,1,0,8,0,3180
80,1248644,0,0,2,0,0,0,3180
81,1248449,0,301060,2,0,0,0,3180
82,1246736,0,0,0,0,128,0,3180
83,1246765,0,0,0,0,0,0,3180
84,1246749,0,0,0,0,256,0,3180
85,1276368,0,0,2,0,1,0,3180
86,1234233,0,300620,2,0,0,0,3207
87,1253268,0,0,1,0,0,0,3207
88,1235118,0,0,0,0,256,0,3207
89,1255385,0,0,0,0,256,0,3209
90,1242860,0,0,1,0,0,0,3209
91,1243011,0,301224,2,0,0,0,3209
92,1243569,0,0,1,0,0,0,3209
93,1224903,0,0,1,0,0,0,3072
94,1248689,0,0,0,0,136,0,3072
95,1225787,0,0,1,0,0,0,3072
96,1225193,0,293823,2,0,0,0,3072
97,1253705,0,0,1,0,0,0,3073
98,1224129,0,0,2,0,0,0,3073
99,1224088,0,0,1,0,0,0,3073
100,1223961,0,0,0,0,256,0,3073
101,1262623,0,0,1,0,0,0,3178
102,1244917,0,0,1,0,512,0,3178
103,1245391,0,0,1,0,0,0,3178
104,1244221,0,0,1,0,8,0,3178
105,1249748,0,0,2,0,1,0,3178
106,1257512,0,306858,2,0,0,0,3328
107,1251767,0,0,2,0,0,0,3328
108,1251183,0,0,2,0,0,0,3328
109,1253848,0,0,2,0,0,0,3333
110,1257567,0,301850,2,0,0,0,3333
111,1253950,0,0,0,0,128,0,3333
112,1255531,0,0,0,0,0,0,3333
113,1257320,0,302244,1,0,0,0,0
114,1257825,0,302242,1,0,0,0,0
115,1258136,0,302246,0,0,0,0,0
116,1258639,0,302247,1,0,0,0,0
117,1249017,0,0,0,1,0,0,3306
118,1249207,0,0,0,1,0,0,3306
119,1257085,0,0,1,0,8,0,3306
120,1264095,0,0,1,0,0,0,3101
122,1253811,0,304006,2,0,0,0,3101
123,1214357,0,0,1,0,0,0,3102
124,474765,0,0,1,0,0,0,3102
125,1218347,0,286567,1,0,5,0,3102
126,1245771,0,0,1,0,0,0,3306
127,474478,0,0,0,0,0,0,3102
128,1241282,0,0,0,0,0,0,3182
130,1242981,0,0,0,0,0,0,3182
131,1260010,0,0,1,0,0,0,3181
132,1260026,0,0,1,0,0,0,3181
133,1260046,0,0,1,0,0,0,3177
134,1260763,0,0,0,0,128,0,3182
135,1261016,0,0,2,0,512,0,3181
136,1261339,0,0,1,0,0,0,3181
137,1246461,0,0,0,0,128,0,3181
138,1244344,0,0,0,0,256,0,3182
139,1243453,0,0,2,0,0,0,3179
140,1260823,0,0,0,0,256,0,3179
141,1254081,0,0,0,0,0,0,3179
142,1253911,0,0,0,0,128,0,3179
143,1250686,0,0,0,0,0,0,3179
144,1261546,0,0,0,0,128,0,1999
145,1261847,0,0,1,0,264,0,1999
146,1261299,0,0,1,0,0,0,1999
147,1262029,0,303057,2,0,1,0,1999
148,1246175,0,299625,1,0,0,0,3179
149,1262289,0,0,2,0,0,0,3306
150,1266480,0,0,0,0,0,0,3212
151,1243900,0,0,0,0,0,0,3212
152,1260731,0,0,1,0,0,0,3212
153,1260643,0,0,1,0,0,0,3212
154,1246666,0,0,0,0,0,0,3212
155,1249479,0,0,2,0,0,0,3212
156,1251023,0,0,0,0,0,0,3214
157,1252676,0,0,1,0,0,0,3214
158,1253788,0,0,2,0,0,0,3214
160,1262959,0,0,0,0,0,0,0
161,1242260,0,0,1,0,1,0,3182
163,1262846,0,303512,1,0,0,0,3209
164,1262582,0,0,0,0,128,0,2000
165,1263406,0,303554,2,0,0,0,2000
166,1262745,0,0,1,0,0,0,2000
167,1276648,0,0,1,0,0,0,2000
168,1263756,0,0,0,0,0,0,2000
169,1239582,0,0,2,0,1,0,3181
170,1260088,0,302462,2,0,1,0,3306
171,1222758,0,303599,2,0,1,0,3287
172,1264048,0,307713,0,0,0,0,3328
173,1234753,0,0,0,0,128,0,3199
174,1234850,0,0,0,0,0,0,3199
175,1235640,0,0,0,0,4,0,3199
176,1261276,0,0,0,0,4,0,3199
177,1235564,0,299751,2,0,0,0,3199
178,1236746,0,299808,1,0,0,0,3200
179,1236709,0,0,1,0,256,0,3200
180,1237090,0,0,2,0,0,0,3200
181,1239824,0,0,1,0,256,0,3201
182,1240098,0,0,1,0,0,0,3201
183,1240210,0,0,1,0,0,0,3201
184,1241058,0,0,1,0,4,0,3201
185,1239885,0,0,1,0,0,0,3201
186,1239882,0,0,1,0,0,0,3201
187,1239883,0,0,1,0,0,0,3201
188,1241067,0,0,2,0,0,0,3201
189,1246372,0,0,1,0,0,0,3202
190,1247685,0,0,0,0,132,0,3202
191,1246607,0,0,2,0,0,0,3202
192,1246858,0,0,1,0,0,0,3202
193,1222795,0,0,0,0,192,0,3102
194,1262776,0,0,2,0,0,0,3176
195,1251361,0,0,2,0,0,0,3176
196,1249251,0,0,0,0,0,0,3176
197,1249265,0,0,1,0,128,0,3176
198,1260712,0,0,1,0,0,0,3176
199,1258880,0,0,1,0,0,0,3176
200,1251583,0,0,2,0,0,0,3176
201,1255702,0,0,0,1,0,0,3176
202,474240,0,0,1,0,0,0,3101
203,1264363,0,303771,2,0,0,0,2001
204,1264027,0,0,1,0,512,0,2001
205,1264336,0,0,1,0,0,0,2001
206,1264287,0,0,0,0,128,0,2001
207,1224478,0,304064,1,0,1,0,3105
208,1262616,0,0,0,1,0,0,3306
209,1266786,0,0,1,0,0,0,3176
210,467620,0,0,0,0,128,0,3058
211,1253026,0,299803,2,0,0,0,3058
212,472081,0,0,1,0,0,0,3058
213,1253272,0,299803,2,0,0,0,3058
214,1253270,0,0,1,0,0,0,3058
215,472043,0,299156,2,0,0,0,3058
216,470963,0,0,1,0,0,0,3058
217,1268905,0,0,2,0,0,0,3306
218,1242515,0,0,2,0,0,0,3182
219,1280458,0,0,1,0,128,0,3178
220,1245645,0,0,0,0,128,0,3178
221,1265131,0,0,0,0,128,0,3178
222,1218103,0,0,0,0,128,0,3122
223,1268916,0,0,1,0,0,0,2065
224,1263282,0,0,1,0,0,0,2065
225,1263399,0,307502,1,0,0,0,2065
226,1263440,0,0,1,0,0,0,2065
227,1219263,0,0,1,0,0,0,3129
228,1219450,0,0,0,0,0,0,3129
229,1219532,0,0,2,0,0,0,3129
230,1234733,0,292537,1,0,0,0,3129
231,1220489,0,0,2,0,0,0,3129
232,1220553,0,0,2,0,0,0,3129
233,1220555,0,0,2,0,0,0,3129
234,247175,0,0,1,0,0,0,2066
235,1263509,0,0,1,0,0,0,2066
236,248831,0,307505,1,0,0,0,2066
237,245738,0,0,1,0,0,0,2066
238,1263304,0,0,2,0,0,0,2065
239,466064,0,0,0,0,0,0,3056
241,466556,0,0,1,0,0,0,3056
242,467040,0,299981,2,0,0,0,3056
243,1263523,0,0,2,0,0,0,2066
244,244750,0,0,1,0,0,0,2067
245,1263542,0,0,1,0,0,0,2067
246,1263538,0,0,1,0,0,0,2067
247,1263528,0,0,2,0,0,0,2067
248,1265419,0,0,1,0,0,0,2068
249,1265421,0,0,1,0,0,0,2068
250,1265426,0,0,1,0,0,0,2068
251,1264151,0,307506,1,0,0,0,2068
252,1265689,0,0,1,0,0,0,2068
253,1266003,0,0,2,0,0,0,2068
254,1266001,0,0,2,0,0,0,2068
255,1244412,0,0,2,0,0,0,3183
256,1253915,0,0,1,0,0,0,3183
257,1251386,0,0,2,0,0,0,3183
258,1249796,0,0,0,0,256,0,3183
259,1261871,0,0,2,0,0,0,3183
260,1266622,0,0,1,0,0,0,3183
261,1266897,0,0,1,0,0,0,3183
262,1266388,0,0,0,0,0,0,3183
263,1250898,0,0,2,0,0,0,3183
264,1226395,0,0,2,0,0,0,3131
265,1226315,0,0,1,0,0,0,3131
266,1226867,0,0,0,0,0,0,3131
267,1227226,0,0,1,0,128,0,3131
268,1250388,0,0,0,0,128,0,3131
269,1237272,0,293337,1,0,512,0,3131
270,1247672,0,294773,2,0,0,0,3131
271,1227782,0,0,1,0,0,0,3131
272,1246709,0,0,2,2,0,0,3182
273,1242792,0,0,2,0,1,0,3182
274,387691,0,308255,1,0,0,0,2562
275,386173,0,0,1,0,0,0,2562
276,385958,0,0,1,0,0,0,2562
277,388537,0,0,2,0,0,0,2562
278,376997,0,0,1,0,0,0,2564
279,377004,0,223315,1,0,0,0,2564
280,377034,0,0,1,0,0,0,2564
281,474345,0,0,2,0,0,0,3071
282,388544,0,0,1,0,0,0,2563
283,388567,0,0,1,0,0,0,2563
284,388796,0,0,1,0,0,0,2563
285,388923,0,230954,2,0,0,0,2563
286,474496,0,0,0,0,0,0,3071
287,1214032,0,0,0,0,0,0,3071
288,1214081,0,0,1,0,0,0,3071
290,1215893,0,0,0,0,0,0,3074
292,1215067,0,0,2,0,0,0,3074
293,373325,0,0,1,0,0,0,2565
294,1282251,0,0,1,0,128,0,2565
295,374341,0,0,1,0,0,0,2565
296,388820,0,308257,2,0,0,0,2565
297,1262497,0,0,0,0,0,0,3286
298,1252733,0,0,1,0,0,0,1698
299,153757,0,0,1,0,260,0,1698
300,1258148,0,0,1,0,0,0,1698
301,156793,0,299681,2,0,0,0,1698
302,154115,0,0,1,0,128,0,1699
303,154162,0,301764,1,0,0,0,1699
304,154135,0,0,2,0,0,0,1699
305,1253510,0,0,1,0,0,0,1700
306,1253519,0,0,1,0,128,0,1700
307,1245396,0,306005,1,0,0,0,3306
308,1253527,0,81855,2,0,0,0,1700
309,1253538,0,0,1,0,0,0,1701
310,1253998,0,0,1,0,512,0,1701
311,154396,0,0,1,0,0,0,1701
312,1253840,0,0,2,0,0,0,1701
313,1271684,0,0,2,0,0,0,3332
314,1241306,0,0,0,0,0,0,3122
315,1227809,0,0,2,0,0,0,3122
316,1241833,0,0,0,0,128,0,3122
317,1242259,0,0,1,0,256,0,3122
318,1240891,0,0,1,0,0,0,3122
319,1227355,0,0,1,0,0,0,3122
320,1245743,0,0,0,0,0,0,3122
321,1228381,0,0,2,0,0,0,3122
322,1228502,0,0,0,0,128,0,3132
323,1231015,0,0,1,0,256,0,3132
324,1228215,0,0,1,0,0,0,3132
325,1228161,0,0,1,0,0,0,3132
326,1227631,0,0,2,0,0,0,3132
327,1231720,0,0,1,0,0,0,3132
328,1254321,0,0,1,0,0,0,3132
329,1243874,0,0,0,0,256,0,3132
330,1232221,0,0,1,0,0,0,3132
331,463900,0,0,1,1,0,0,3010
332,466178,0,0,0,1,0,0,3010
333,1213994,0,0,1,1,0,0,3010
334,473994,0,0,1,1,0,0,3010
335,472231,0,0,1,1,0,0,3010
336,1214083,0,0,1,1,0,0,3010
337,1214190,0,0,0,1,0,0,3010
338,465833,0,0,2,1,0,0,3010
339,1213688,0,0,1,1,0,0,3010
340,1232590,0,0,2,0,0,0,3132
341,419351,0,0,1,0,0,0,3331
342,413622,0,0,1,0,0,0,3331
343,418200,0,0,1,0,0,0,3331
344,407891,0,0,1,0,0,0,3331
345,1223859,0,0,1,0,0,0,3130
346,1242088,0,0,1,0,0,0,3130
347,1227276,0,0,2,0,0,0,3130
348,1241100,0,0,1,0,128,0,3130
349,1225616,0,0,1,0,0,0,3130
350,1225582,0,285752,2,0,0,0,3130
351,1272966,0,0,1,0,0,0,0
352,1273378,0,0,1,0,0,0,0
353,1280127,0,0,1,0,0,0,3306
354,1273408,0,0,1,0,0,0,0
355,1273410,0,0,1,0,0,0,0
356,1273446,0,0,1,0,0,0,0
357,1273452,0,0,1,0,0,0,0
358,1272380,0,0,0,0,0,0,3180
359,1272423,0,0,0,0,0,0,3180
360,1272425,0,0,0,0,0,0,3180
361,1270949,0,0,1,0,0,0,3176
362,1273158,0,0,2,0,0,0,3183
363,1276202,0,0,1,0,0,0,3183
364,1267049,0,0,0,0,128,0,3183
365,1276635,0,0,0,0,8,0,3180
366,1268562,0,0,0,0,128,0,3379
367,1257717,0,0,2,0,0,0,3379
368,1257608,0,0,1,0,0,0,3379
369,1258668,0,324160,2,0,0,0,3379
370,1260837,0,0,0,0,256,0,3379
371,1273013,0,0,1,0,0,0,3379
372,1276710,0,0,2,0,0,0,3379
373,1276639,0,0,0,0,256,0,3180
374,1272310,0,0,0,0,0,0,3180
375,1276948,0,0,1,0,0,0,2000
376,1277358,0,0,1,0,0,0,2067
377,1277470,0,0,1,0,0,0,3178
378,1277471,0,0,1,0,0,0,3178
379,1277472,0,0,1,0,8,0,3178
380,1277473,0,0,1,0,512,0,3178
381,1248847,0,0,2,0,0,0,3178
383,1251175,0,0,0,0,0,0,0
384,1241992,0,0,2,0,1,0,3182
385,1242091,0,0,2,0,1,0,3182
386,1279371,0,0,2,0,0,0,3133
387,1231871,0,0,1,0,128,0,0
388,1227367,0,0,1,0,0,0,0
389,1220394,0,287397,2,0,0,0,0
390,1256358,0,0,0,0,8,0,3372
391,1256355,0,0,0,0,128,0,3372
392,1256351,0,0,0,0,0,0,3372
393,1280086,0,0,0,0,0,0,3430
394,1280087,0,0,0,0,0,0,3430
395,1280088,0,0,0,0,0,0,3430
397,377182,0,222963,2,0,0,0,2564
398,1229038,0,295084,2,0,0,0,3135
399,1230087,0,0,1,0,128,0,3135
400,1230979,0,0,1,0,0,0,3135
401,1243690,0,0,1,0,256,0,3135
402,1243577,0,0,1,0,0,0,3135
403,1238765,0,291426,2,0,0,0,3135
404,1237319,0,290877,2,0,0,0,3135
405,1237690,0,295740,2,0,0,0,3135
406,1234242,0,0,1,0,0,0,3135
407,1239262,0,0,1,0,512,0,3135
408,1237694,0,0,1,0,0,0,3135
409,1249423,0,0,1,0,0,0,3135
410,1237695,0,0,1,0,0,0,3135
411,1249454,0,0,1,0,0,0,3135
412,1232973,0,0,1,0,0,0,3135
413,1234052,0,289617,1,0,0,0,3135
414,1234263,0,0,1,0,128,0,3135
415,1250055,0,0,0,0,256,0,3135
416,1233539,0,295085,2,0,0,0,3135
417,1262972,0,307875,2,0,1,0,3182
418,1262983,0,307876,2,0,1,0,3182
419,1280015,0,0,1,0,256,0,3176
420,1280106,0,0,0,0,0,0,3074
421,1280946,0,309072,2,0,0,0,3463
422,1280958,0,0,1,0,0,0,3463
423,1280960,0,309083,0,0,0,0,3463
424,1221637,0,282508,2,0,0,0,3159
425,1221622,0,282507,2,0,0,0,3159
426,1221787,0,0,1,0,256,0,3159
427,1221781,0,0,1,0,128,0,3159
428,1222088,0,0,1,0,0,0,3159
429,1251775,0,0,1,0,0,0,3213
431,1282001,0,0,2,0,0,0,3306
432,1222232,0,0,2,0,0,0,3122
433,1282047,0,0,2,0,0,0,3183
434,1282249,0,0,1,0,0,0,3183
435,1282412,0,0,1,0,0,0,3183
436,1281194,0,0,2,0,0,0,3183
437,1282441,0,0,1,0,0,0,3183
439,1224731,0,0,2,0,0,0,3134
440,1224822,0,0,0,0,256,0,3134
441,1224776,0,0,2,0,0,0,3134
442,1225010,0,0,1,0,0,0,3134
443,1225016,0,0,1,0,0,0,3134
444,1224906,0,0,2,0,0,0,3134
445,1227529,0,0,0,0,0,0,3134
446,1238975,0,0,1,0,0,0,3134
447,1227891,0,0,1,0,0,0,3134
448,1228113,0,0,1,0,0,0,3134
449,1234536,0,0,1,0,128,0,3134
450,1230659,0,0,2,0,0,0,3134
451,1228065,0,0,2,0,0,0,3134
452,1232327,0,0,0,0,0,0,3134
453,1228293,0,0,2,0,0,0,3134
454,1226648,0,0,2,0,0,0,3134
455,1226347,0,0,2,0,0,0,3134
456,1225634,0,0,2,0,0,0,3134
458,1282856,0,302524,1,1,1,0,3306
459,1258174,0,302052,0,0,0,0,0
460,1217436,0,0,1,0,0,0,3107
461,1217232,0,286848,2,0,0,0,3107
462,473351,0,0,0,0,128,0,3020
463,473220,0,0,1,0,0,0,3020
464,1214780,0,309522,2,1,0,0,3020
465,1247376,0,300227,2,0,512,0,0
466,1238873,0,0,1,0,0,0,3132
468,460156,0,309523,1,0,0,0,3020
469,459799,0,0,0,0,128,0,3019
470,459779,0,0,2,0,0,0,3019
471,460867,0,0,1,0,0,0,3019
472,1217653,0,0,0,0,0,0,3019
473,473690,0,0,1,0,8,0,3019
474,1239352,0,291737,2,0,0,0,0
476,1283004,0,304416,1,0,0,0,0
477,322913,0,0,2,0,0,0,2401
478,322936,0,0,1,0,128,0,2401
479,322974,0,0,1,0,0,0,2401
480,322982,0,0,1,0,8,0,2401
481,1283063,0,300633,2,0,0,0,0
482,1241162,0,0,2,0,0,0,3182
483,1241163,0,0,2,0,0,0,3182
484,1219482,0,0,0,0,132,0,3108
485,1219536,0,0,1,0,0,0,3108
486,1220384,0,0,1,0,0,0,3108
487,1219700,0,0,2,0,0,0,3108
488,326389,0,0,1,0,0,0,2380
489,319733,0,0,1,0,0,0,2380
490,328206,0,0,1,0,0,0,2380
491,1227137,0,0,1,0,0,0,3108
492,1283069,0,0,1,0,0,0,3176
493,1283107,0,289408,2,0,0,0,0
494,1241292,0,0,2,0,0,0,3182
495,1241339,0,0,2,0,0,0,3182
496,319941,0,0,1,0,0,0,2380
497,1241313,0,293220,1,2,0,7636524,3182
498,1236289,0,290444,1,0,0,0,0
499,1237107,0,0,1,0,0,0,0
500,1241267,0,0,2,0,0,0,3182
501,1249240,0,0,2,0,0,0,0
502,323538,0,0,1,0,128,0,2403
503,323743,0,0,1,0,0,0,2403
504,1236512,0,0,1,0,0,0,2403
505,329340,0,0,1,0,0,0,2403
506,323650,0,0,1,0,0,0,2403
507,470039,0,0,2,0,0,0,3053
508,469478,0,0,0,0,128,0,3053
509,473112,0,0,2,0,0,0,3053
510,473070,0,0,1,0,0,0,3053
511,323142,0,0,1,0,0,0,2381
512,323230,0,0,1,0,0,0,2381
513,1225787,0,0,1,0,0,0,3072
514,1236962,0,0,1,0,0,0,2381
515,465456,0,0,2,0,0,0,3054
516,341245,0,0,2,0,0,0,2381
517,468276,0,0,1,0,0,0,3054
518,468812,0,0,1,0,0,0,3054
519,466197,0,0,0,0,128,0,3054
520,468846,0,0,2,0,0,0,3054
521,1245219,0,0,2,0,0,0,0
522,1245582,0,0,2,0,0,0,0
523,1245032,0,0,2,0,0,0,0
524,1244461,0,0,2,0,0,0,0
525,424414,0,0,1,0,132,0,2847
526,424419,0,0,1,0,0,0,2847
527,447429,0,0,1,0,0,0,2847
528,422969,0,0,1,0,0,0,2835
529,446645,0,0,1,0,0,0,2835
530,446655,0,0,1,0,0,0,2835
531,423062,0,0,1,0,0,0,2835
532,446359,0,0,1,0,0,0,2835
533,423536,0,0,1,0,128,0,2848
534,444608,0,0,1,0,256,0,2848
535,428169,0,0,1,0,0,0,2848
536,451604,0,0,1,0,8,0,2848
537,444546,0,0,2,0,8,0,2848
538,1253986,0,0,1,0,0,0,3059
539,438471,0,0,1,0,128,0,2926
540,438476,0,0,1,0,0,0,2926
541,438473,0,0,1,0,0,0,2926
542,433425,0,0,1,0,128,0,2906
543,433677,0,0,1,0,0,0,2906
544,1224793,0,292739,2,0,0,0,3109
545,433740,0,0,1,0,256,0,2906
546,1225162,0,0,1,0,0,0,3109
547,1225218,0,0,1,0,0,0,3109
548,1236703,0,287461,2,0,0,0,3109
549,1283246,0,0,1,0,0,0,2906
550,433766,0,257818,1,0,0,0,2906
551,435193,0,0,1,0,128,0,2906
552,432117,0,0,2,0,1,0,2901
553,432130,0,0,1,0,0,0,2901
554,461487,0,0,1,0,0,0,2901
555,1245844,0,0,0,0,0,0,3306
556,1283335,0,0,0,0,128,0,3058
557,1254112,0,0,0,0,0,0,3177
558,1222098,0,0,0,0,0,0,3285
559,474157,0,0,1,0,0,0,3103
560,1264453,0,0,1,0,0,0,2001
561,1282138,0,0,2,0,0,0,2001
562,1236348,0,0,1,0,0,0,2425
563,348350,0,0,2,0,1,0,2425
564,346006,0,0,1,0,0,0,2425
565,346204,0,0,1,0,0,0,2425
566,345990,0,211148,2,0,0,0,2425
567,349658,0,0,1,0,0,0,2441
568,349797,0,0,1,0,0,0,2441
569,349987,0,0,1,0,0,0,2441
570,349934,0,0,1,0,0,0,2441
571,349954,0,0,1,0,0,0,2441
572,350086,0,0,2,0,1,0,2441
573,350101,0,0,1,0,0,0,2441
574,346742,0,0,1,0,256,0,2424
575,346962,0,207242,1,0,0,0,2424
576,346286,0,0,1,0,0,0,2424
577,346947,0,207243,2,0,0,0,2424
578,359028,0,0,1,0,128,0,2440
579,350919,0,0,1,0,0,0,2440
580,350922,0,0,1,0,0,0,0
581,356479,0,0,1,0,0,0,0
582,1245580,0,0,2,0,1,0,2437
583,1248209,0,0,1,0,0,0,2437
584,1245752,0,207455,2,0,1,0,2437
585,1245669,0,212350,2,0,1,0,2437
586,346964,0,0,1,0,0,0,2426
587,347094,0,0,1,0,0,0,2426
588,346116,0,0,1,0,128,0,2426
589,347094,0,0,1,0,0,0,2426
590,346766,0,0,2,0,0,0,2426
591,350134,0,0,1,0,0,0,2419
592,347371,0,0,1,0,0,0,2419
593,1240102,0,0,1,0,0,0,2419
594,352345,0,0,1,0,0,0,2419
595,350796,0,0,1,0,0,0,2442
596,351124,0,0,1,0,0,0,2442
597,353632,0,0,2,0,0,0,2442
598,351064,0,0,1,0,0,0,2442
599,351057,0,0,1,0,0,0,2442
600,351096,0,0,1,0,0,0,2442
601,351646,0,0,1,0,0,0,2442
602,1237272,0,0,1,0,512,0,3131
603,1283787,0,309397,1,0,0,0,1700
608,1257299,0,0,2,0,0,0,0
609,1259187,0,0,1,0,0,0,0
610,1230304,0,300327,1,0,0,0,3101
613,1248184,0,280475,0,0,0,0,3101
615,1218465,0,284336,2,0,0,0,3102
616,1218466,0,280014,2,0,0,0,3102
617,445996,0,0,1,0,0,0,2837
618,453140,0,0,1,0,0,0,2837
619,426734,0,0,1,0,264,0,2837
620,425264,0,0,1,0,384,0,2837
621,453212,0,0,2,0,0,0,2837
622,426787,0,0,1,0,256,0,2838
623,426860,0,0,2,0,1,0,2838
624,427001,0,0,1,0,128,0,2838
625,452127,0,0,1,0,512,0,2838
626,448888,0,0,1,0,256,0,2839
627,434407,0,0,2,0,0,0,2839
628,448213,0,0,1,0,0,0,2839
629,434089,0,0,1,0,0,0,2839
630,434655,0,0,1,0,0,0,2839
631,451026,0,0,1,0,0,0,2837
632,1284525,0,0,2,0,0,0,3183
633,64238,0,0,2,0,0,0,3179
635,1223847,0,293482,1,0,0,0,3073
636,1284931,0,0,2,0,0,0,3183
637,1284251,0,310261,1,0,0,0,3445
638,1284434,0,0,1,0,0,0,3445
639,1284458,0,0,1,0,128,0,3445
640,1284487,0,0,1,0,128,0,3445
641,1284483,0,0,1,0,8,0,3445
642,1284485,0,0,1,0,0,0,3445
643,1284588,0,310264,2,0,1,0,3445
644,1284980,0,0,2,0,0,0,3183
649,1279420,0,0,1,0,0,0,3183
650,1249609,0,0,2,0,0,0,3183
652,1285425,0,0,1,0,0,0,3420
653,1305959,0,0,2,0,0,0,3420
654,1282937,0,0,1,0,128,0,0
655,1280104,0,0,1,0,0,0,0
658,1278156,0,310496,1,0,0,0,0
664,1277025,0,0,1,0,0,0,3420
665,1285732,0,0,2,0,0,0,3420
667,1285911,0,0,1,0,0,0,3429
668,26662,0,4428,2,4,1,0,3445
669,1287227,0,311543,1,0,0,0,3429
673,1288232,0,0,1,0,0,0,3445
675,1287426,0,0,1,0,0,0,3470
676,1285681,0,0,2,0,0,0,3470
677,1282487,0,0,1,0,384,0,3429
678,1283485,0,312784,1,0,256,0,3429
679,1282281,0,0,0,0,0,0,3429
680,1283832,0,0,0,0,0,0,3429
681,1287200,0,0,1,0,0,0,3429
682,1286918,0,312785,2,0,769,0,3429
683,1286308,0,0,0,0,0,0,3429
684,1310882,0,0,0,0,0,0,3429
685,1289900,0,0,1,0,512,0,3429
686,1286573,0,0,1,0,0,0,3429
687,1286441,0,0,1,0,512,0,3429
688,1256336,0,0,1,0,0,0,3213
689,1288049,0,0,2,0,0,0,2124
690,1311804,0,0,1,0,0,0,2124
691,1311805,0,0,1,0,0,0,2124
692,1289059,0,0,1,0,0,0,2124
693,1293497,0,0,0,0,0,0,3470
694,1289923,0,0,2,0,0,0,3470
695,1295397,0,313752,2,0,0,0,3470
696,1290679,0,0,1,0,0,0,3470
697,1309525,0,0,0,0,0,0,2126
698,1291618,0,0,1,0,0,0,2126
699,1298367,0,0,2,0,128,0,3492
700,1286860,0,0,2,0,512,0,3492
701,264172,0,313888,2,0,0,0,2125
702,1290029,0,0,2,0,0,0,2125
703,1289109,0,0,1,0,0,0,2125
704,1289205,0,0,1,0,0,0,2125
705,1290797,0,0,1,0,128,0,2125
706,1293048,0,0,1,0,256,0,2125
709,1259786,0,0,1,0,0,0,0
710,1292036,0,0,1,0,128,0,3470
711,1289192,0,0,1,0,128,0,3421
712,1290001,0,0,1,0,0,0,3470
713,1289754,0,0,1,0,0,0,2124
718,1289059,0,0,1,0,0,0,2124
719,1292188,0,324011,2,0,1,0,3492
720,1292518,0,0,1,0,0,0,2124
721,1291390,0,0,2,0,0,0,3497
722,1286921,0,0,0,0,0,0,3497
723,1296025,0,0,1,0,0,0,3497
724,1290742,0,0,0,0,0,0,3497
725,1296092,0,0,1,0,0,0,3497
726,1296061,0,320255,0,0,0,0,3497
727,1291933,0,0,0,0,0,0,3497
728,1295817,0,0,2,0,0,0,3497
729,1292104,0,0,2,0,0,0,3497
730,1293154,0,0,1,0,0,0,2125
731,1293212,0,0,0,0,0,0,3470
733,1253902,0,296316,2,0,0,0,0
736,466559,0,0,1,0,0,0,3056
737,1290740,0,0,0,0,0,0,3497
738,1290743,0,0,0,0,0,0,3497
739,1288484,0,0,1,0,128,0,3421
740,1294293,0,0,2,0,0,0,3421
741,1294921,0,0,2,0,0,0,3421
742,1290956,0,0,1,0,0,0,3421
743,1290809,0,0,1,0,0,0,3421
744,1291404,0,0,1,0,0,0,3421
745,1294867,0,315288,2,0,1,0,0
746,1286905,0,0,2,0,0,0,3492
748,1241320,0,296567,0,0,0,0,3182
749,1234346,0,289662,2,0,0,0,3177
750,1295191,0,0,0,0,0,0,3183
751,1290516,0,0,2,0,0,0,3421
752,1295452,0,0,1,0,0,0,3103
753,1291478,0,0,1,0,0,0,3421
754,1280935,0,0,0,0,128,0,3455
755,1282114,0,0,0,0,0,0,0
756,1282509,0,0,0,0,0,0,0
757,1281907,0,0,0,0,0,0,0
758,1280881,0,0,0,0,0,0,0
759,1283164,0,0,0,0,0,0,0
760,1296205,0,0,1,0,0,0,3073
764,1262244,0,303268,0,0,0,0,0
765,1264431,0,303768,0,0,0,0,0
766,1296335,0,0,0,0,0,0,0
767,265773,0,0,1,0,0,0,2139
768,1295854,0,0,1,0,0,0,3497
769,1280871,0,0,0,0,0,0,0
770,1294994,0,0,0,0,0,0,0
771,1295224,0,0,0,0,0,0,0
772,1295173,0,0,0,0,0,0,0
773,1295174,0,0,0,0,0,0,0
774,1295244,0,0,0,0,0,0,0
775,1295261,0,0,0,0,0,0,0
776,1295886,0,0,1,0,0,0,3497
777,1295935,0,0,1,0,0,0,3497
780,1296871,0,299151,0,0,0,0,3201
781,1297625,0,0,2,0,0,0,3497
782,1296963,0,0,1,0,0,0,3285
783,1292779,0,0,2,0,0,0,3497
788,1296878,0,316335,2,0,1,0,3445
794,1298381,0,0,1,0,384,0,3429
795,1309522,0,320116,2,0,0,0,3456
796,1296219,0,0,1,0,0,0,3456
797,1296220,0,0,0,0,0,0,3456
798,1296050,0,0,0,0,0,0,3456
799,1298559,0,0,2,0,128,0,3492
800,1295905,0,0,1,0,0,0,3492
802,1272338,0,0,2,0,0,0,3179
803,1299266,0,317807,1,0,0,0,3429
804,1299673,0,0,2,0,0,0,3470
805,1257667,0,0,2,0,0,0,0
806,1299757,0,0,1,0,128,0,3492
807,1300530,0,324013,1,0,0,0,3492
808,1299508,0,0,2,0,0,0,3159
809,1221639,0,0,2,0,0,0,3159
810,1286905,0,0,2,0,0,0,3492
811,1299680,0,0,1,0,0,0,3429
812,1299960,0,321029,1,0,0,0,3429
813,1299154,0,0,0,0,0,0,3457
814,1298949,0,0,0,0,0,0,3457
815,1299940,0,0,0,0,0,0,3457
816,1299053,0,319736,2,0,0,0,3457
817,1300503,0,0,0,0,0,0,3457
818,1300686,0,0,1,0,0,0,3457
821,1301413,0,0,1,0,0,0,3458
822,1300876,0,0,2,0,0,0,3458
823,1301111,0,0,1,0,0,0,3458
824,1301350,0,0,0,0,128,0,3458
825,1300751,0,0,1,0,0,0,3492
826,1301510,0,0,2,0,1,0,3492
827,1301963,0,0,2,0,0,0,2127
828,1301202,0,0,2,0,0,0,2127
830,1302982,0,0,1,0,0,0,3492
831,1303115,0,0,1,0,0,0,2143
832,268586,0,0,1,0,128,0,2143
833,1303267,0,319112,1,0,0,0,2143
834,269230,0,0,0,0,4,0,2143
835,269369,0,0,2,0,0,0,2143
836,1303327,0,0,1,0,0,0,2143
837,1303488,0,0,1,0,128,0,2143
847,1304527,0,0,2,0,128,0,3492
851,1296310,0,0,0,0,0,0,3420
857,1304894,0,0,1,0,0,0,0
863,1296898,0,0,2,0,1,0,3420
865,1305421,0,0,1,0,0,0,3470
866,1307297,0,0,1,0,0,0,2609
867,1307308,0,0,1,0,0,0,2609
868,373686,0,0,1,0,0,0,2609
869,373046,0,0,2,0,0,0,2609
870,266206,0,0,1,0,0,0,2140
871,266231,0,0,1,0,4,0,2140
872,267494,0,0,1,0,0,0,2140
873,266237,0,0,1,0,128,0,2140
874,1305810,0,0,1,0,0,0,2140
875,267273,0,0,2,0,64,0,2140
876,267060,0,319833,2,0,0,0,2140
877,1305993,0,0,0,0,0,0,3470
878,1311956,0,0,1,0,0,0,2142
879,267702,0,0,2,0,0,0,2142
880,267618,0,0,1,0,256,0,2142
882,372864,0,0,2,0,0,0,2606
883,372110,0,0,1,0,0,0,2606
884,372858,0,0,0,0,384,0,2606
885,381516,0,0,1,0,0,0,2623
886,1306643,0,0,1,0,0,0,0
887,381517,0,0,1,0,0,0,2623
888,381512,0,0,0,0,128,0,2623
889,381602,0,0,1,0,0,0,2623
890,381525,0,0,1,0,0,0,2623
891,265910,0,0,1,0,128,0,2139
892,1311987,0,0,1,0,0,0,2139
893,265923,0,0,1,0,0,0,2139
894,381605,0,0,1,0,0,0,2623
896,1303230,0,0,1,0,128,0,3421
897,1306872,0,0,2,0,0,0,3421
898,1307279,0,0,1,0,0,0,3429
899,1307894,0,0,1,0,0,0,3456
900,1308356,0,0,1,0,0,0,3421
901,1307921,0,321411,1,0,0,0,3456
902,1307765,0,0,2,0,0,0,3456
909,1242860,0,0,1,0,0,0,3209
910,1243011,0,303512,2,0,0,0,3209
911,1242860,0,0,1,0,0,0,3209
912,1296301,0,0,1,0,0,0,3492
913,234423,0,0,1,0,0,0,3596
914,234428,0,0,1,0,0,0,3596
915,235110,0,0,1,0,0,0,3596
916,235112,0,0,1,0,0,0,3596
917,234672,0,0,1,0,0,0,3596
918,234676,0,0,1,0,0,0,0
919,236572,0,0,1,0,0,0,3596
920,234920,0,0,1,0,0,0,3596
926,237908,0,0,1,0,0,0,2059
927,237849,0,0,1,1,0,0,2059
928,237772,0,0,1,0,0,0,2059
929,238694,0,0,1,1,0,0,2059
930,237886,0,0,1,1,0,0,2059
931,237947,0,0,1,0,0,0,2059
932,237857,0,0,1,0,0,0,2059
933,237949,0,0,1,0,0,0,2059
934,237945,0,0,1,0,0,0,2059
935,238020,0,0,1,1,0,0,2059
937,26662,0,0,1,0,0,0,2059
938,1310357,0,322787,1,0,0,0,3457
939,1310547,0,322788,1,0,0,0,3457
940,237188,0,0,1,0,0,0,3598
941,237190,0,0,1,0,0,0,3598
942,241664,0,0,1,0,0,0,3599
943,243224,0,0,1,0,0,0,3599
944,237950,0,0,1,0,0,0,3599
945,242730,0,0,1,0,8,0,3599
946,1311579,0,0,1,0,0,0,3599
947,1311581,0,0,1,0,0,0,3599
949,1292999,0,0,0,0,0,0,3492
950,1299757,0,0,1,0,128,0,3492
952,1311037,0,0,2,0,128,0,3492
953,232661,0,0,1,0,0,0,3611
954,242386,0,0,2,0,0,0,3611
955,231522,0,0,1,0,0,0,3611
956,242734,0,0,1,0,0,0,3611
957,231443,0,0,0,0,0,0,3611
958,242394,0,0,2,0,0,0,3611
959,242015,0,0,0,0,0,0,3611
960,233248,0,0,2,0,0,0,3611
961,1311923,0,0,1,0,128,0,3287
962,236468,0,0,1,0,0,0,3614
963,235609,0,0,1,0,0,0,3614
964,235456,0,0,1,0,0,0,3614
965,230945,0,0,1,0,0,0,3612
966,230351,0,0,1,0,0,0,3612
967,242878,0,0,1,0,0,0,3612
968,242958,0,0,1,1,0,0,3612
969,235140,0,0,1,1,0,0,3612
970,243113,0,0,1,0,0,0,3612
971,243547,0,0,1,0,0,0,3612
972,235261,0,0,1,1,0,0,3612
973,1312146,0,0,1,0,0,0,2142
975,1287265,0,0,1,0,0,0,3492
976,1313393,0,0,1,0,0,0,3379
977,1257717,0,0,2,0,0,0,3379
978,1291555,0,0,1,0,0,0,3508
979,1293824,0,0,2,0,0,0,3508
980,1293825,0,0,1,0,0,0,3508
981,1294963,0,0,2,0,0,0,3508
982,1309418,0,0,1,0,0,0,3508
983,1294984,0,0,1,0,0,0,3525
984,1294983,0,0,2,0,0,0,3525
985,1294982,0,0,1,0,0,0,3525
986,1294981,0,0,1,0,0,0,3525
987,1309418,0,0,1,0,0,0,3525
995,1308556,0,0,2,0,0,0,3421
1001,1237073,0,299811,1,0,0,0,3200
