Field_11_2_7_64044_000[0],Field_11_2_7_64044_000[1],Field_11_2_7_64044_000[2],ID,HouseExteriorWmoDataID
6.1839,-3.518,3.8132,1455,9
6.2695,3.5033,3.8132,1456,9
0.0557,7.8533,3.8132,1457,9
-6.1744,3.5033,3.8132,1458,9
-6.2184,-3.518,3.8132,1459,9
0.0411,-7.9316,3.8132,1460,9
6.202,-3.518,3.8132,1467,9
6.2876,3.5033,3.8132,1468,9
0.0557,7.7502,3.8132,1469,9
-6.1849,3.5033,3.8132,1470,9
-6.2289,-3.518,3.8132,1471,9
0.0411,-7.8813,3.8132,1472,9
12.4769,-3.9271,3.8075,1494,9
2.4857,6.1445,3.8075,1495,9
7.3026,0.7051,3.8075,1496,9
-5.3415,12.1556,3.8075,1497,9
-10.0979,6.0056,3.8075,1498,9
-10.1374,-6.0603,3.8075,1499,9
-3.9584,-12.127,3.8075,1500,9
7.2314,-8.5269,3.8075,1501,9
12.4769,-3.9271,3.8075,1509,9
2.4857,6.1447,3.8075,1510,9
7.3026,0.7051,3.8075,1511,9
-3.9583,12.1556,3.8075,1512,9
-10.0979,6.0054,3.8075,1513,9
-10.1374,-6.0605,3.8075,1514,9
-3.9584,-12.127,3.8075,1515,9
7.2314,-8.5269,3.8075,1516,9
18.9424,-11.9141,4.2361,1548,9
9.0269,8.8531,4.2361,1549,9
1.8975,18.048,4.2361,1550,9
-5.2843,22.1966,4.2361,1551,9
-12.6003,15.5375,4.2361,1552,9
-12.9684,2.3414,4.2361,1553,9
-14.0439,-11.8776,4.2361,1554,9
-13.7742,-11.8776,10.2938,1555,9
-7.24,-19.9761,10.4157,1556,9
4.9607,-19.9922,10.2938,1557,9
-7.24,-19.9386,4.2361,1558,9
4.9607,-20.092,4.2361,1559,9
11.1359,-11.8722,10.2938,1560,9
6.5372,-3.587,10.2938,1561,9
6.3694,-3.8993,4.2361,1562,9
1.8987,-0.2049,4.2361,1563,9
18.9424,-11.9141,4.2361,1572,9
9.0269,8.8531,4.2361,1573,9
1.8975,18.048,4.2361,1574,9
-5.2843,22.1966,4.2361,1575,9
-12.6003,15.5375,4.2361,1576,9
-12.9684,2.3414,4.2361,1577,9
-14.0439,-11.8776,4.2361,1578,9
-13.7742,-11.8776,10.2938,1579,9
-7.24,-19.9761,10.4157,1580,9
4.9607,-19.9922,10.2938,1581,9
-7.24,-19.9386,4.2361,1582,9
4.9607,-20.092,4.2361,1583,9
11.1359,-11.8722,10.2938,1584,9
6.5372,-3.587,10.2938,1585,9
6.3694,-3.8993,4.2361,1586,9
1.8987,-0.2049,4.2361,1587,9
0,0,0,2512,55
0,0,0,2513,55
0,0,0,2514,55
0,0,0,2515,55
0,0,0,2516,55
0,0,0,2517,55
0,0,0,2518,55
0,0,0,2519,55
0,0,0,2520,55
0,0,0,2521,55
0,0,0,2522,55
0,0,0,2523,55
0,0,0,2524,55
0,0,0,2525,55
0,0,0,2526,55
0,0,0,2527,55
0,0,0,2528,55
0,0,0,2529,55
0,0,0,2530,55
0,0,0,2531,55
0,0,0,2532,55
0,0,0,2533,55
0,0,0,2534,55
0,0,0,2535,55
0,0,0,2536,55
0,0,0,2537,55
0,0,0,2538,55
0,0,0,2539,55
0,0,0,2540,55
0,0,0,2541,55
0,0,0,2542,55
0,0,0,2543,55
0,0,0,2544,55
0,0,0,2545,55
0,0,0,2546,55
0,0,0,2547,55
0,0,0,2548,55
0,0,0,2549,55
0,0,0,2550,55
0,0,0,2551,55
0,0,0,2552,55
0,0,0,2553,55
0,0,0,2554,55
0,0,0,2555,55
0,0,0,2556,55
0,0,0,2557,55
0,0,0,2558,55
0,0,0,2559,55
0,0,0,2560,55
0,0,0,2561,55
0,0,0,2562,55
0,0,0,2563,55
0,0,0,2564,55
0,0,0,2565,55
0,0,0,2566,55
0,0,0,2567,55
0,0,0,2568,55
0,0,0,2569,55
0,0,0,2570,55
0,0,0,2571,55
0,0,0,2572,55
0,0,0,2573,55
0,0,0,2574,55
0,0,0,2575,55
0,0,0,2576,55
0,0,0,2577,55
0,0,0,2578,55
0,0,0,2579,55
0,0,0,2580,55
0,0,0,2581,55
0,0,0,2582,55
0,0,0,2583,55
0,0,0,2584,55
0,0,0,2585,55
0,0,0,2586,55
0,0,0,2587,55
0,0,0,2588,55
0,0,0,2589,55
0,0,0,2590,55
0,0,0,2591,55
0,0,0,2592,55
0,0,0,2593,55
0,0,0,2594,55
0,0,0,2595,55
0,0,0,2596,55
0,0,0,2597,55
0,0,0,2598,55
0,0,0,2599,55
0,0,0,2600,55
0,0,0,2601,55
0,0,0,2602,55
0,0,0,2603,55
0,0,0,2604,55
0,0,0,2605,55
0,0,0,2606,55
0,0,0,2607,55
0,0,0,2608,55
0,0,0,2609,55
0,0,0,2610,55
0,0,0,2611,55
0,0,0,2612,55
0,0,0,2613,55
0,0,0,2614,55
0,0,0,2615,55
0,0,0,2616,55
0,0,0,2617,55
0,0,0,2618,55
0,0,0,2619,55
0,0,0,2620,55
0,0,0,2621,55
0,0,0,2622,55
0,0,0,2623,55
0,0,0,2624,55
0,0,0,2625,55
0,0,0,2626,55
0,0,0,2627,55
0,0,0,2628,55
0,0,0,2629,55
0,0,0,2630,55
0,0,0,2631,55
0,0,0,2632,55
0,0,0,2633,55
0,0,0,2634,55
0,0,0,2635,55
0,0,0,2636,55
0,0,0,2637,55
0,0,0,2638,55
0,0,0,2639,55
0,0,0,2640,55
0,0,0,2641,55
0,0,0,2642,55
0,0,0,2643,55
0,0,0,2644,55
0,0,0,2645,55
0,0,0,2646,55
0,0,0,2647,55
0,0,0,2648,55
0,0,0,2649,55
0,0,0,2650,55
0,0,0,2651,55
0,0,0,2652,55
0,0,0,2653,55
0,0,0,2654,55
0,0,0,2655,55
0,0,0,2656,55
0,0,0,2657,55
0,0,0,2658,55
0,0,0,2659,55
0,0,0,2660,55
0,0,0,2661,55
0,0,0,2662,55
0,0,0,2663,55
0,0,0,2664,55
0,0,0,2665,55
0,0,0,2666,55
0,0,0,2667,55
0,0,0,2668,55
0,0,0,2669,55
0,0,0,2670,55
0,0,0,2671,55
0,0,0,2672,55
0,0,0,2673,55
0,0,0,2674,55
0,0,0,2675,55
0,0,0,2676,55
0,0,0,2677,55
0,0,0,2678,55
0,0,0,2679,55
0,0,0,2680,55
0,0,0,2681,55
0,0,0,2682,55
0,0,0,2683,55
0,0,0,2684,55
0,0,0,2685,55
0,0,0,2686,55
0,0,0,2687,55
0,0,0,2688,55
0,0,0,2689,55
0,0,0,2690,55
0,0,0,2691,55
0,0,0,2692,55
0,0,0,2693,55
0,0,0,2694,55
0,0,0,2695,55
0,0,0,2696,55
0,0,0,2697,55
0,0,0,2698,55
0,0,0,2699,55
0,0,0,2700,55
0,0,0,2701,55
0,0,0,2702,55
0,0,0,2703,55
0,0,0,2704,55
0,0,0,2705,55
0,0,0,2706,55
0,0,0,2707,55
0,0,0,2708,55
0,0,0,2709,55
0,0,0,2710,55
0,0,0,2711,55
0,0,0,2712,55
0,0,0,2713,55
0,0,0,2714,55
0,0,0,2715,55
0,0,0,2716,55
0,0,0,2717,55
0,0,0,2718,55
0,0,0,2719,55
0,0,0,2720,55
0,0,0,2721,55
0,0,0,2722,55
0,0,0,2723,55
0,0,0,2724,55
0,0,0,2725,55
0,0,0,2726,55
0,0,0,2727,55
0,0,0,2728,55
0,0,0,2729,55
0,0,0,2730,55
0,0,0,2731,55
0,0,0,2732,55
0,0,0,2733,55
0,0,0,2734,55
0,0,0,2735,55
0,0,0,2736,55
0,0,0,2737,55
0,0,0,2738,55
0,0,0,2739,55
0,0,0,2740,55
0,0,0,2741,55
0,0,0,2742,55
0,0,0,2743,55
0,0,0,2744,55
0,0,0,2745,55
0,0,0,2746,55
0,0,0,2747,55
0,0,0,2748,55
0,0,0,2749,55
0,0,0,2750,55
0,0,0,2751,55
0,0,0,2752,55
0,0,0,2753,55
0,0,0,2754,55
0,0,0,2755,55
0,0,0,2756,55
0,0,0,2757,55
0,0,0,2758,55
0,0,0,2759,55
0,0,0,2760,55
0,0,0,2761,55
0,0,0,2762,55
0,0,0,2763,55
0,0,0,2764,55
0,0,0,2765,55
0,0,0,2766,55
0,0,0,2767,55
0,0,0,2768,55
0,0,0,2769,55
0,0,0,2770,55
0,0,0,2771,55
0,0,0,2772,55
0,0,0,2773,55
0,0,0,2774,55
0,0,0,2775,55
0,0,0,2776,55
0,0,0,2777,55
0,0,0,2778,55
0,0,0,2779,55
0,0,0,2780,55
0,0,0,2781,55
0,0,0,2782,55
0,0,0,2783,55
0,0,0,2784,55
0,0,0,2785,55
0,0,0,2786,55
0,0,0,2787,55
0,0,0,2788,55
0,0,0,2789,55
0,0,0,2790,55
0,0,0,2791,55
0,0,0,2792,55
0,0,0,2793,55
0,0,0,2794,55
0,0,0,2795,55
0,0,0,2796,55
0,0,0,2797,55
0,0,0,2798,55
0,0,0,2799,55
0,0,0,2800,55
0,0,0,2801,55
0,0,0,2802,55
0,0,0,2803,55
0,0,0,2804,55
0,0,0,2805,55
0,0,0,2806,55
0,0,0,2807,55
0,0,0,2808,55
0,0,0,2809,55
0,0,0,2810,55
0,0,0,2811,55
0,0,0,2812,55
0,0,0,2813,55
0,0,0,2814,55
0,0,0,2815,55
0,0,0,2816,55
0,0,0,2817,55
0,0,0,2818,55
0,0,0,2819,55
0,0,0,2820,55
0,0,0,2821,55
0,0,0,2822,55
0,0,0,2823,55
0,0,0,2824,55
0,0,0,2825,55
0,0,0,2826,55
0,0,0,2827,55
0,0,0,2828,55
0,0,0,2829,55
0,0,0,2830,55
0,0,0,2831,55
0,0,0,2832,55
0,0,0,2833,55
0,0,0,2834,55
0,0,0,2835,55
0,0,0,2836,55
0,0,0,2837,55
0,0,0,2838,55
0,0,0,2839,55
0,0,0,2840,55
0,0,0,2841,55
0,0,0,2842,55
0,0,0,2843,55
0,0,0,2844,55
0,0,0,2845,55
0,0,0,2846,55
0,0,0,2847,55
0,0,0,2848,55
0,0,0,2849,55
0,0,0,2850,55
0,0,0,2851,55
0,0,0,2852,55
0,0,0,2853,55
0,0,0,2854,55
0,0,0,2855,55
0,0,0,2856,55
0,0,0,2857,55
0,0,0,2858,55
0,0,0,2859,55
0,0,0,2860,55
0,0,0,2861,55
0,0,0,2862,55
0,0,0,2863,55
0,0,0,2864,55
0,0,0,2865,55
0,0,0,2866,55
0,0,0,2867,55
0,0,0,2868,55
0,0,0,2869,55
0,0,0,2870,55
0,0,0,2871,55
0,0,0,2872,55
0,0,0,2873,55
0,0,0,2874,55
0,0,0,2875,55
0,0,0,2876,55
0,0,0,2877,55
0,0,0,2878,55
0,0,0,2879,55
0,0,0,2880,55
0,0,0,2881,55
0,0,0,2882,55
0,0,0,2883,55
0,0,0,2884,55
0,0,0,2885,55
0,0,0,2886,55
0,0,0,2887,55
0,0,0,2888,55
0,0,0,2889,55
0,0,0,2890,55
0,0,0,2891,55
0,0,0,2892,55
0,0,0,2893,55
0,0,0,2894,55
0,0,0,2895,55
0,0,0,2896,55
0,0,0,2897,55
0,0,0,2898,55
0,0,0,2899,55
0,0,0,2900,55
0,0,0,2901,55
0,0,0,2902,55
0,0,0,2903,55
0,0,0,2904,55
0,0,0,2905,55
0,0,0,2906,55
0,0,0,2907,55
0,0,0,2908,55
0,0,0,2909,55
0,0,0,2910,55
0,0,0,2911,55
0,0,0,2912,55
0,0,0,2913,55
0,0,0,2914,55
0,0,0,2915,55
0,0,0,2916,55
0,0,0,2917,55
0,0,0,2918,55
0,0,0,2919,55
0,0,0,2920,55
0,0,0,2921,55
0,0,0,2922,55
0,0,0,2923,55
0,0,0,2924,55
0,0,0,2925,55
0,0,0,2926,55
0,0,0,2927,55
0,0,0,2928,55
0,0,0,2929,55
0,0,0,2930,55
0,0,0,2931,55
0,0,0,2932,55
0,0,0,2933,55
0,0,0,2934,55
0,0,0,2935,55
0,0,0,2936,55
0,0,0,2937,55
0,0,0,2938,55
0,0,0,2939,55
0,0,0,2940,55
0,0,0,2941,55
0,0,0,2942,55
0,0,0,2943,55
0,0,0,2944,55
0,0,0,2945,55
0,0,0,2946,55
0,0,0,2947,55
0,0,0,2948,55
0,0,0,2949,55
0,0,0,2950,55
0,0,0,2951,55
0,0,0,2952,55
0,0,0,2953,55
0,0,0,2954,55
0,0,0,2955,55
0,0,0,2956,55
0,0,0,2957,55
0,0,0,2958,55
0,0,0,2959,55
0,0,0,2960,55
0,0,0,2961,55
0,0,0,2962,55
0,0,0,2963,55
0,0,0,2964,55
0,0,0,2965,55
0,0,0,2966,55
0,0,0,2967,55
0,0,0,2968,55
0,0,0,2969,55
0,0,0,2970,55
0,0,0,2971,55
0,0,0,2972,55
0,0,0,2973,55
0,0,0,2974,55
0,0,0,2975,55
0,0,0,2976,55
0,0,0,2977,55
0,0,0,2978,55
0,0,0,2979,55
0,0,0,2980,55
0,0,0,2981,55
0,0,0,2982,55
0,0,0,2983,55
0,0,0,2984,55
0,0,0,2985,55
0,0,0,2986,55
0,0,0,2987,55
0,0,0,2988,55
0,0,0,2989,55
0,0,0,2990,55
0,0,0,2991,55
0,0,0,2992,55
0,0,0,2993,55
0,0,0,2994,55
0,0,0,2995,55
0,0,0,2996,55
0,0,0,2997,55
0,0,0,2998,55
0,0,0,2999,55
0,0,0,3000,55
0,0,0,3001,55
0,0,0,3002,55
0,0,0,3003,55
0,0,0,3004,55
0,0,0,3005,55
0,0,0,3006,55
0,0,0,3007,55
0,0,0,3008,55
0,0,0,3009,55
0,0,0,3010,55
0,0,0,3011,55
0,0,0,3012,55
0,0,0,3013,55
0,0,0,3014,55
0,0,0,3015,55
0,0,0,3016,55
0,0,0,3017,55
0,0,0,3018,55
0,0,0,3019,55
0,0,0,3020,55
0,0,0,3021,55
0,0,0,3022,55
0,0,0,3023,55
0,0,0,3024,55
0,0,0,3025,55
0,0,0,3026,55
0,0,0,3027,55
0,0,0,3028,55
0,0,0,3029,55
0,0,0,3030,55
0,0,0,3031,55
0,0,0,3032,55
0,0,0,3033,55
0,0,0,3034,55
0,0,0,3035,55
0,0,0,3036,55
0,0,0,3037,55
0,0,0,3038,55
0,0,0,3039,55
0,0,0,3040,55
0,0,0,3041,55
0,0,0,3042,55
0,0,0,3043,55
0,0,0,3044,55
0,0,0,3045,55
0,0,0,3046,55
0,0,0,3047,55
0,0,0,3048,55
0,0,0,3049,55
0,0,0,3050,55
0,0,0,3051,55
0,0,0,3052,55
0,0,0,3053,55
0,0,0,3054,55
0,0,0,3055,55
0,0,0,3056,55
0,0,0,3057,55
0,0,0,3058,55
0,0,0,3059,55
0,0,0,3060,55
0,0,0,3061,55
0,0,0,3062,55
0,0,0,3063,55
0,0,0,3064,55
0,0,0,3065,55
0,0,0,3066,55
0,0,0,3067,55
0,0,0,3068,55
0,0,0,3069,55
0,0,0,3070,55
0,0,0,3071,55
0,0,0,3072,55
0,0,0,3073,55
0,0,0,3074,55
0,0,0,3075,55
0,0,0,3076,55
0,0,0,3077,55
0,0,0,3078,55
0,0,0,3079,55
0,0,0,3080,55
0,0,0,3081,55
0,0,0,3082,55
0,0,0,3083,55
0,0,0,3084,55
0,0,0,3085,55
0,0,0,3086,55
0,0,0,3087,55
0,0,0,3088,55
0,0,0,3089,55
0,0,0,3090,55
0,0,0,3091,55
0,0,0,3092,55
0,0,0,3093,55
0,0,0,3094,55
0,0,0,3095,55
0,0,0,3096,55
0,0,0,3097,55
0,0,0,3098,55
0,0,0,3099,55
0,0,0,3100,55
0,0,0,3101,55
0,0,0,3102,55
0,0,0,3103,55
0,0,0,3104,55
0,0,0,3105,55
0,0,0,3106,55
0,0,0,3107,55
0,0,0,3108,55
0,0,0,3109,55
0,0,0,3110,56
0,0,0,3111,56
0,0,0,3112,56
0,0,0,3113,56
0,0,0,3114,56
0,0,0,3115,56
0,0,0,3116,56
0,0,0,3117,56
0,0,0,3118,56
0,0,0,3119,56
0,0,0,3120,56
0,0,0,3121,56
0,0,0,3122,56
0,0,0,3123,56
0,0,0,3124,56
0,0,0,3125,56
0,0,0,3126,56
0,0,0,3127,56
0,0,0,3128,56
0,0,0,3129,56
0,0,0,3130,56
0,0,0,3131,56
0,0,0,3132,56
0,0,0,3133,56
0,0,0,3134,56
0,0,0,3135,56
0,0,0,3136,56
0,0,0,3137,56
0,0,0,3138,56
0,0,0,3139,56
0,0,0,3140,56
0,0,0,3141,56
0,0,0,3142,56
0,0,0,3143,56
0,0,0,3144,56
0,0,0,3145,56
0,0,0,3146,56
0,0,0,3147,56
0,0,0,3148,56
0,0,0,3149,56
0,0,0,3150,56
0,0,0,3151,56
0,0,0,3152,56
0,0,0,3153,56
0,0,0,3154,56
0,0,0,3155,56
0,0,0,3156,56
0,0,0,3157,56
0,0,0,3158,56
0,0,0,3159,56
0,0,0,3160,56
0,0,0,3161,56
0,0,0,3162,56
0,0,0,3163,56
0,0,0,3164,56
0,0,0,3165,56
0,0,0,3166,56
0,0,0,3167,56
0,0,0,3168,56
0,0,0,3169,56
0,0,0,3170,56
0,0,0,3171,56
0,0,0,3172,56
0,0,0,3173,56
0,0,0,3174,56
0,0,0,3175,56
0,0,0,3176,56
0,0,0,3177,56
0,0,0,3178,56
0,0,0,3179,56
0,0,0,3180,56
0,0,0,3181,56
0,0,0,3182,56
0,0,0,3183,56
0,0,0,3184,56
0,0,0,3185,56
0,0,0,3186,56
0,0,0,3187,56
0,0,0,3188,56
0,0,0,3189,56
0,0,0,3190,56
0,0,0,3191,56
0,0,0,3192,56
0,0,0,3193,56
0,0,0,3194,56
0,0,0,3195,56
0,0,0,3196,56
0,0,0,3197,56
0,0,0,3198,56
0,0,0,3199,56
0,0,0,3200,56
0,0,0,3201,56
0,0,0,3202,56
0,0,0,3203,56
0,0,0,3204,56
0,0,0,3205,56
0,0,0,3206,56
0,0,0,3207,56
0,0,0,3208,56
0,0,0,3209,56
0,0,0,3210,56
0,0,0,3211,56
0,0,0,3212,56
0,0,0,3213,56
0,0,0,3214,56
0,0,0,3215,56
0,0,0,3216,56
0,0,0,3217,56
0,0,0,3218,56
0,0,0,3219,56
0,0,0,3220,56
0,0,0,3221,56
0,0,0,3222,56
0,0,0,3223,56
0,0,0,3224,56
0,0,0,3225,56
0,0,0,3226,56
0,0,0,3227,56
0,0,0,3228,56
0,0,0,3229,56
0,0,0,3230,56
0,0,0,3231,56
0,0,0,3232,56
0,0,0,3233,56
0,0,0,3234,56
0,0,0,3235,56
0,0,0,3236,56
0,0,0,3237,56
0,0,0,3238,56
0,0,0,3239,56
0,0,0,3240,56
0,0,0,3241,56
0,0,0,3242,56
0,0,0,3243,56
0,0,0,3244,56
0,0,0,3245,56
0,0,0,3246,56
0,0,0,3247,56
0,0,0,3248,56
0,0,0,3249,56
0,0,0,3250,56
0,0,0,3251,56
0,0,0,3252,56
0,0,0,3253,56
0,0,0,3254,56
0,0,0,3255,56
0,0,0,3256,56
0,0,0,3257,56
0,0,0,3258,56
0,0,0,3259,56
0,0,0,3260,56
0,0,0,3261,56
0,0,0,3262,56
0,0,0,3263,56
0,0,0,3264,56
0,0,0,3265,56
0,0,0,3266,56
0,0,0,3267,56
0,0,0,3268,56
0,0,0,3269,56
0,0,0,3270,56
0,0,0,3271,56
0,0,0,3272,56
0,0,0,3273,56
0,0,0,3274,56
0,0,0,3275,56
0,0,0,3276,56
0,0,0,3277,56
0,0,0,3278,56
0,0,0,3279,56
0,0,0,3280,56
0,0,0,3281,56
0,0,0,3282,56
0,0,0,3283,56
0,0,0,3284,56
0,0,0,3285,56
0,0,0,3286,56
0,0,0,3287,56
0,0,0,3288,56
0,0,0,3289,56
0,0,0,3290,56
0,0,0,3291,56
0,0,0,3292,56
0,0,0,3293,56
0,0,0,3294,56
0,0,0,3295,56
0,0,0,3296,56
0,0,0,3297,56
0,0,0,3298,56
0,0,0,3299,56
0,0,0,3300,56
0,0,0,3301,56
0,0,0,3302,56
0,0,0,3303,56
0,0,0,3304,56
0,0,0,3305,56
0,0,0,3306,56
0,0,0,3307,56
0,0,0,3308,56
0,0,0,3309,56
0,0,0,3310,56
0,0,0,3311,56
0,0,0,3312,56
0,0,0,3313,56
0,0,0,3314,56
0,0,0,3315,56
0,0,0,3316,56
0,0,0,3317,56
0,0,0,3318,56
0,0,0,3319,56
0,0,0,3320,56
0,0,0,3321,56
0,0,0,3322,56
0,0,0,3323,56
0,0,0,3324,56
0,0,0,3325,56
0,0,0,3326,56
0,0,0,3327,56
0,0,0,3328,56
0,0,0,3329,56
0,0,0,3330,56
0,0,0,3331,56
0,0,0,3332,56
0,0,0,3333,56
0,0,0,3334,56
0,0,0,3335,56
0,0,0,3336,56
0,0,0,3337,56
0,0,0,3338,56
0,0,0,3339,56
0,0,0,3340,56
0,0,0,3341,56
0,0,0,3342,56
0,0,0,3343,56
0,0,0,3344,56
0,0,0,3345,56
0,0,0,3346,56
0,0,0,3347,56
0,0,0,3348,56
0,0,0,3349,56
0,0,0,3350,56
0,0,0,3351,56
0,0,0,3352,56
0,0,0,3353,56
0,0,0,3354,56
0,0,0,3355,56
0,0,0,3356,56
0,0,0,3357,56
0,0,0,3358,56
0,0,0,3359,56
0,0,0,3360,56
0,0,0,3361,56
0,0,0,3362,56
0,0,0,3363,56
0,0,0,3364,56
0,0,0,3365,56
0,0,0,3366,56
0,0,0,3367,56
0,0,0,3368,56
0,0,0,3369,56
0,0,0,3370,56
0,0,0,3371,56
0,0,0,3372,56
0,0,0,3373,56
0,0,0,3374,56
0,0,0,3375,56
0,0,0,3376,56
0,0,0,3377,56
0,0,0,3378,56
0,0,0,3379,56
0,0,0,3380,56
0,0,0,3381,56
0,0,0,3382,56
0,0,0,3383,56
0,0,0,3384,56
0,0,0,3385,56
0,0,0,3386,56
0,0,0,3387,56
0,0,0,3388,56
0,0,0,3389,56
0,0,0,3390,56
0,0,0,3391,56
0,0,0,3392,56
0,0,0,3393,56
0,0,0,3394,56
0,0,0,3395,56
0,0,0,3396,56
0,0,0,3397,56
0,0,0,3398,56
0,0,0,3399,56
0,0,0,3400,56
0,0,0,3401,56
0,0,0,3402,56
0,0,0,3403,56
0,0,0,3404,56
0,0,0,3405,56
0,0,0,3406,56
0,0,0,3407,56
0,0,0,3408,56
0,0,0,3409,56
0,0,0,3410,56
0,0,0,3411,56
0,0,0,3412,56
0,0,0,3413,56
0,0,0,3414,56
0,0,0,3415,56
0,0,0,3416,56
0,0,0,3417,56
0,0,0,3418,56
0,0,0,3419,56
0,0,0,3420,56
0,0,0,3421,56
0,0,0,3422,56
0,0,0,3423,56
0,0,0,3424,56
0,0,0,3425,56
0,0,0,3426,56
0,0,0,3427,56
0,0,0,3428,56
0,0,0,3429,56
0,0,0,3430,56
0,0,0,3431,56
0,0,0,3432,56
0,0,0,3433,56
0,0,0,3434,56
0,0,0,3435,56
0,0,0,3436,56
0,0,0,3437,56
0,0,0,3438,56
0,0,0,3439,56
0,0,0,3440,56
0,0,0,3441,56
0,0,0,3442,56
0,0,0,3443,56
10.2107,-17.7806,6.2791,5498,87
-2.383,-23.2755,6.0597,5499,87
-15.7366,-18.518,6.1234,5500,87
-20.4643,-4.9802,6.184,5501,87
-9.5917,17.4468,6.0441,5502,87
4.5259,17.6123,6.2318,5503,87
22.5341,-5.0949,4.398,5504,87
-16.6068,6.331,6.1619,5505,87
11.7872,7.8232,6.3345,5506,87
10.2107,-17.7806,6.2791,5517,87
-2.2276,-23.1781,6.0597,5518,87
-15.7366,-18.518,6.1234,5519,87
-20.4643,-4.9802,6.184,5520,87
-8.9528,17.5204,6.0441,5521,87
4.5259,17.6123,6.2318,5522,87
22.5341,-5.0948,4.398,5523,87
-16.6068,6.331,6.1619,5524,87
11.7872,7.8232,6.3345,5525,87
7.8728,-4.9712,6.2928,5568,87
7.5987,4.3708,6.3063,5569,87
-0.6677,9.5528,6.1462,5570,87
0.0215,-9.4604,6.1784,5571,87
-8.799,4.5994,6.0262,5572,87
-8.6057,-5.5665,6.0039,5573,87
8.7824,-5.6095,6.2928,5581,87
8.66,4.8532,6.3063,5582,87
-0.22,9.9453,6.1462,5583,87
0.0215,-10.5523,6.1784,5584,87
-9.118,4.9245,6.0262,5585,87
-8.9397,-5.4605,6.0039,5586,87
-11.74,-3.7948,7.1302,5604,87
-11.716,10.1762,7.1028,5605,87
0.0654,16.5925,7.1634,5606,87
11.6543,9.8476,7.1732,5607,87
17.9549,-3.7385,5.0783,5608,87
18.4318,-16.6758,5.1169,5609,87
7.7177,-22.1718,4.9356,5610,87
-3.4274,-15.1322,5.121,5611,87
10.2107,-17.7806,6.2791,5641,87
-2.2276,-23.1781,6.0597,5642,87
-15.7366,-18.518,6.1234,5643,87
-20.4643,-4.9802,6.184,5644,87
-8.9528,17.5204,6.0441,5645,87
4.5259,17.6123,6.2318,5646,87
22.5341,-5.0948,4.398,5647,87
-16.6068,6.331,6.1619,5648,87
11.7872,7.8232,6.3345,5649,87
8.7824,-5.6095,6.2928,5675,87
8.66,4.8532,6.3063,5676,87
-0.22,9.9453,6.1462,5677,87
0.0215,-10.0286,6.1784,5678,87
-8.6941,4.7082,6.0262,5679,87
-8.681,-5.114,6.0039,5680,87
-11.74,-3.7948,7.1302,5688,87
-11.716,10.1762,7.1028,5689,87
0.0654,16.5925,7.1634,5690,87
11.6543,9.8476,7.1732,5691,87
17.9549,-3.7385,5.0783,5692,87
18.4318,-16.6758,5.1169,5693,87
7.7177,-22.1718,4.9356,5694,87
-3.4274,-15.1322,5.121,5695,87
-11.74,-3.7948,7.1302,6676,87
-11.716,10.1762,7.1028,6677,87
0.0654,16.5925,7.1634,6678,87
11.6543,9.8476,7.1732,6679,87
17.9549,-3.7385,5.0783,6680,87
18.4318,-16.6758,5.1169,6681,87
7.7177,-22.1718,4.9356,6682,87
-3.4274,-15.1322,5.121,6683,87
-5.2033,2.5553,13.1233,6884,9
-5.2033,9.9823,13.1233,6885,9
-5.2033,16.9699,13.1233,6886,9
-13.1019,2.983,8.7489,6887,9
-13.1019,10.173,8.7489,6888,9
-13.1019,16.855,8.7489,6889,9
-5.2033,23.13,8.7489,6890,9
-14.7972,-12.6379,15.6445,6891,9
-9.6732,-20.7858,15.8987,6892,9
-1.4841,-20.0418,16.3005,6893,9
7.2241,-20.3129,16.5245,6894,9
15.4584,-12.6379,7.8156,6895,9
12.1455,-12.6379,15.7303,6896,9
5.7512,-12.0193,20.2879,6897,9
-1.3348,-12.0193,20.1654,6898,9
-8.5716,-12.0193,20.219,6899,9
-9.2869,-12.1024,19.3321,6905,9
6.9132,-12.1024,19.3321,6906,9
16.1346,-12.1024,11.2902,6907,9
-5.3338,3.8086,13.3784,6908,9
-5.3338,19.8825,13.6392,6909,9
-5.2738,12.2127,13.2382,6910,9
6.5597,8.199,13.2502,6911,9
-1.0195,-12.1024,19.2208,6912,9
7.4403,3.9482,11.1215,6923,9
7.4403,13.5239,11.1215,6924,9
-5.3668,8.7275,15.7459,6925,9
-5.3668,18.3624,16.5982,6926,9
9.3673,-11.9567,25.8171,6927,9
-1.3652,-11.9567,24.8335,6928,9
-11.2663,-11.9567,25.8171,6929,9
0.4883,18.4725,11.7843,6930,9
6.8474,-18.1655,19.7516,6931,9
-1.3052,-18.1655,19.7516,6932,9
-9.5468,-18.1655,19.7516,6933,9
-9.5468,-6.3184,19.7516,6934,9
-1.3052,-6.3184,19.7516,6935,9
6.8474,-6.3184,19.7516,6936,9
17.2889,-12.014,9.9479,6937,9
-10.8866,18.4725,11.7843,6938,9
-10.8866,8.7216,11.7843,6939,9
3.6316,7.5403,11.4919,6950,9
-3.8523,6.8505,16.6368,6951,9
-3.8523,13.1917,11.4919,6952,9
-11.0153,-7.3635,11.4919,6953,9
-11.0153,0.1917,11.4919,6954,9
-11.0153,7.2803,11.4919,6955,9
13.498,-3.6776,11.4919,6956,9
5.1083,-3.7422,14.8579,6957,9
-3.8523,-13.0291,11.4919,6958,9
-3.8523,0.0923,16.6368,6959,9
-3.8523,-7.0978,16.6368,6960,9
-5.2033,-7.4067,13.1233,6966,9
-5.2033,0.0203,13.1233,6967,9
-5.2033,7.008,13.1233,6968,9
7.9983,-4.4039,13.2745,6969,9
8.6019,0.448,11.027,6980,9
-3.9014,6.6044,15.3719,6981,9
8.6019,-8.252,11.027,6982,9
0.4883,5.8009,11.7843,6983,9
-9.2474,-8.2299,11.0307,6984,9
-3.9045,-3.4373,15.0239,6985,9
8.0372,-3.9759,14.2426,6986,9
-9.2474,-0.7187,11.0307,6987,9
-9.2474,6.5984,11.0307,6988,9
7.7115,-3.4882,10.2578,6993,9
7.7115,3.2517,10.2578,6994,9
-0.1302,9.0234,10.2578,6995,9
-7.73,3.2517,10.2578,6996,9
-7.73,-3.4882,10.2578,6997,9
-0.1302,-9.196,10.2578,6998,9
0.0421,-3.4882,16.1768,6999,9
0.0421,3.2517,16.1768,7000,9
3.2558,3.78,12.4629,7003,9
-3.7026,3.78,12.4629,7004,9
-0.1503,3.78,12.1702,7005,9
3.2558,-3.3114,14.0738,7006,9
-0.1503,-3.3114,13.8378,7007,9
-3.7026,-3.3114,14.0738,7008,9
5.9703,5.0715,10.4035,7017,9
5.9703,-5.7318,10.4035,7018,9
0.0888,3.4067,15.1805,7019,9
-6.0343,-5.7318,10.4035,7020,9
0.0888,-3.5199,15.1805,7021,9
5.9703,0.0299,10.4035,7022,9
-6.0343,0.0299,10.4035,7023,9
-6.0343,5.0747,10.4035,7024,9
18.9424,-11.9141,4.2361,8272,9
9.0269,8.8531,4.2361,8273,9
1.8975,18.048,4.2361,8274,9
-5.2843,22.1966,4.2361,8275,9
-12.6003,15.5375,4.2361,8276,9
-12.9684,2.3414,4.2361,8277,9
-14.0439,-11.8776,4.2361,8278,9
-13.7742,-11.8776,10.2938,8279,9
-7.24,-19.9761,10.4157,8280,9
4.9607,-19.9922,10.2938,8281,9
-7.24,-19.9386,4.2361,8282,9
4.9607,-20.092,4.2361,8283,9
11.1359,-11.8722,10.2938,8284,9
6.5372,-3.587,10.2938,8285,9
6.3694,-3.8993,4.2361,8286,9
1.8987,-0.2049,4.2361,8287,9
12.4769,-3.9271,3.8075,8312,9
2.4857,6.1445,3.8075,8313,9
7.3026,0.7051,3.8075,8314,9
-3.9972,12.1556,3.8075,8315,9
-10.0979,6.0056,3.8075,8316,9
-10.1374,-6.0603,3.8075,8317,9
-3.9584,-12.127,3.8075,8318,9
7.2314,-8.5269,3.8075,8319,9
6.2162,-3.518,3.8132,8328,9
6.2162,3.5033,3.8132,8329,9
-0.4346,7.8794,3.8132,8330,9
-6.1865,3.5033,3.8132,8331,9
-6.1865,-3.518,3.8132,8332,9
0.0411,-7.8813,3.8132,8333,9
7.314,4.3077,15.5598,8433,87
7.4208,-5.1975,15.7585,8434,87
-0.3711,-9.4382,15.9587,8435,87
-8.0093,-4.9362,15.8768,8436,87
-7.9925,4.0234,15.9041,8437,87
-0.367,8.5744,15.7469,8438,87
-0.0462,-0.3372,21.1952,8439,87
7.314,4.3077,15.5598,8440,87
7.4208,-5.1975,15.7585,8441,87
-0.3711,-9.4382,15.9587,8442,87
-8.0093,-4.9362,15.8768,8443,87
-7.9925,4.0234,15.9041,8444,87
-0.367,8.5747,15.7469,8445,87
-0.0462,-0.4416,19.8736,8446,87
7.1954,4.2116,16.8546,8447,87
7.4645,-4.7797,17.0533,8448,87
-0.3711,-9.4382,17.2534,8449,87
-8.0093,-4.9362,17.1715,8450,87
-8.0899,3.86,17.1989,8451,87
-0.367,8.5744,17.0417,8452,87
-0.4975,-0.3778,24.5881,8453,87
-14.4959,-16.9883,19.5825,8480,87
-20.1492,-5.4327,19.8234,8481,87
-2.5601,-22.11,19.682,8482,87
9.775,-17.745,19.6735,8483,87
14.7307,-5.4981,19.8026,8484,87
7.272,0.4388,31.6983,8485,87
6.8323,-11.1283,31.5295,8486,87
-2.6381,-16.362,31.5926,8487,87
-12.1042,-10.8155,31.6558,8488,87
-11.9751,0.4103,31.7134,8489,87
-2.5339,5.7207,31.6456,8490,87
-2.4171,-5.1675,35.4573,8491,87
10.6255,5.6223,19.7947,8492,87
3.4417,15.3669,20.5544,8493,87
-9.1783,14.5291,20.7635,8494,87
-15.1554,5.6498,19.9769,8495,87
-10.5784,-3.1147,21.3513,8505,87
-10.4994,9.077,21.3513,8506,87
-0.2266,14.954,21.3513,8507,87
10.1279,9.4104,21.3513,8508,87
10.5243,-2.9167,21.3732,8509,87
0.2417,-8.8127,21.4181,8510,87
-0.0813,2.8901,25.3945,8511,87
16.4943,-15.4338,13.8687,8512,87
8.3764,-20.1958,13.4302,8513,87
10.9422,-15.2558,15.6076,8514,87
-10.5784,-3.1147,22.073,8515,87
-10.623,8.9869,22.073,8516,87
-0.2266,15.2242,22.073,8517,87
10.1804,9.7739,22.073,8518,87
10.5243,-2.9167,22.0949,8519,87
0.2417,-8.8127,22.1397,8520,87
16.8483,-15.7408,13.8687,8521,87
8.3764,-21.1442,13.4302,8522,87
-10.5785,-3.1147,21.3513,8539,87
-10.4994,9.0769,21.3513,8540,87
-0.2266,14.954,21.3513,8541,87
10.1279,9.4104,21.3513,8542,87
10.5243,-2.9167,21.3732,8543,87
0.2416,-8.8127,21.4181,8544,87
-0.0813,2.8901,25.3945,8545,87
16.4943,-15.4338,13.8687,8546,87
8.3764,-20.1959,13.4302,8547,87
10.9422,-15.2558,15.6076,8548,87
-14.4959,-16.9884,19.5825,8549,87
-20.1492,-5.4327,19.8234,8550,87
-2.5601,-22.11,19.682,8551,87
9.775,-17.745,19.6735,8552,87
14.7307,-5.4981,19.8026,8553,87
7.2719,0.4388,31.6983,8554,87
6.8323,-11.1283,31.5295,8555,87
-2.6381,-16.362,31.5926,8556,87
-12.1042,-10.8155,31.6558,8557,87
-11.9751,0.4103,31.7134,8558,87
-2.5339,5.7207,31.6456,8559,87
-2.4171,-5.1675,35.4573,8560,87
10.6255,5.6223,19.7947,8561,87
3.4417,15.3669,20.5544,8562,87
-9.1782,14.5291,20.7635,8563,87
-15.1554,5.6498,19.9769,8564,87
-14.4959,-16.9884,19.5825,8565,87
-20.1492,-5.4327,19.8234,8566,87
-2.5601,-22.11,19.682,8567,87
9.775,-17.745,19.6735,8568,87
14.7307,-5.4981,19.8026,8569,87
7.2719,0.4388,31.6983,8570,87
6.8323,-11.1283,31.5295,8571,87
-2.6381,-16.362,31.5926,8572,87
-12.1042,-10.8155,31.6558,8573,87
-11.9751,0.4103,31.7134,8574,87
-2.5339,5.7207,31.6456,8575,87
10.6255,5.6223,19.7947,8576,87
3.4417,15.3669,20.5544,8577,87
-9.1782,14.5291,20.7635,8578,87
-15.1554,5.6498,19.9769,8579,87
20.4707,-12.4325,4.53,10458,55
-5.2938,3.2955,5.8111,10459,55
9.6476,17.0656,13.8018,10460,55
-0.1189,22.054,14.4058,10461,55
9.569,17.0656,3.8048,10462,55
-9.38,17.0656,13.8018,10463,55
9.5801,-18.6848,4.53,10464,55
14.9907,-5.9089,4.53,10465,55
0,-21.9897,4.53,10466,55
5.1054,3.2955,5.8111,10467,55
-13.0115,-12.4675,4.53,10468,55
-9.8623,17.0656,3.8048,10469,55
-0.1189,22.7158,4.0288,10470,55
-9.3083,-18.7934,4.53,10471,55
-9.3083,-5.8363,4.53,10472,55
-4.3609,22.0991,14.4058,10473,55
4.3069,22.7158,4.0288,10474,55
4.3069,22.054,14.4058,10475,55
-4.3609,22.7158,4.0288,10476,55
5.1054,-1.7016,5.8111,10477,55
-5.2938,8.0632,5.8111,10478,55
5.1054,8.0632,5.8111,10479,55
-5.2938,-1.7016,5.8111,10480,55
-9.38,17.0656,10.5203,10481,55
9.6476,17.0656,10.5203,10482,55
0.0004,12.0771,16.9865,10483,55
15.3459,-18.6848,4.53,10484,55
9.5801,-5.9089,4.53,10485,55
9.7791,-4.7399,10.3788,10486,55
9.7791,4.7142,10.3788,10487,55
8.5603,0.0451,12.7858,10488,55
3.93,-6.3973,11.3119,10489,55
-4.1804,-7.4391,11.315,10490,55
-4.0761,7.9051,11.0643,10491,55
4.0028,7.2008,11.1294,10492,55
-0.0289,-0.1278,15.4961,10493,55
-0.0543,-5.0659,16.0783,10494,55
0.004,4.7955,15.9941,10495,55
13.036,-0.0157,4.53,10496,55
9.5801,-6.2681,4.53,10497,55
0,-9.573,4.53,10498,55
-4.8022,-0.0508,4.53,10499,55
-0.1189,9.5352,4.53,10500,55
-4.8022,-4.3025,4.53,10501,55
-4.8022,4.1822,4.53,10502,55
9.5801,6.5078,4.53,10503,55
10.3289,-4.9706,9.7835,10504,55
10.492,4.4835,9.913,10505,55
8.6369,-0.1302,12.6842,10506,55
3.93,-6.3973,11.3119,10507,55
-4.1803,-6.4325,11.315,10508,55
-4.0761,7.2134,11.0643,10509,55
4.0028,7.2008,11.1294,10510,55
-0.0289,-0.1278,15.3126,10511,55
-0.0543,-5.0659,16.0783,10512,55
0.004,5.2891,16.3284,10513,55
13.0361,-0.0157,4.53,10514,55
9.1633,-6.2681,4.53,10515,55
0,-9.573,4.53,10516,55
-4.8022,-0.0508,4.53,10517,55
-0.1189,9.5352,4.53,10518,55
-4.8022,-4.3025,4.53,10519,55
-4.8022,4.1822,4.53,10520,55
9.1633,6.5078,4.53,10521,55
13.0361,-0.0157,4.53,10522,55
9.1634,-6.2681,4.53,10523,55
0,-9.573,4.53,10524,55
-4.8022,-0.0508,4.53,10525,55
-0.1189,9.5352,4.53,10526,55
-4.8022,-4.3025,4.53,10527,55
-4.8022,4.1822,4.53,10528,55
9.1634,6.5078,4.53,10529,55
9.7791,-4.7399,9.9513,10530,55
9.7791,4.7142,9.9513,10531,55
8.5603,0.0451,12.7858,10532,55
3.93,-7.553,11.3119,10533,55
-4.1804,-7.553,11.3119,10534,55
-4.1804,7.3975,11.3119,10535,55
3.93,7.3975,11.3119,10536,55
-0.0289,-0.1278,15.066,10537,55
-0.0543,-5.0659,15.6482,10538,55
0.004,4.7955,15.564,10539,55
20.4707,-12.4325,4.53,10540,55
-5.2938,3.2955,5.8111,10541,55
9.6476,17.0656,13.8018,10542,55
-0.1189,22.054,14.4058,10543,55
9.569,17.0656,3.8048,10544,55
-9.38,17.0656,13.8018,10545,55
9.5801,-18.6848,4.53,10546,55
14.9907,-5.9089,4.53,10547,55
0,-21.9897,4.53,10548,55
5.1054,3.2955,5.8111,10549,55
-13.0115,-12.4675,4.53,10550,55
-9.4042,17.0656,3.8048,10551,55
-0.1189,22.7158,4.0288,10552,55
-9.3083,-18.7934,4.53,10553,55
-9.3083,-5.8363,4.53,10554,55
-4.3609,22.0991,14.4058,10555,55
4.3069,22.7158,4.0288,10556,55
4.3069,22.054,14.4058,10557,55
-4.3609,22.7158,4.0288,10558,55
5.1054,-1.7016,5.8111,10559,55
-5.2938,8.0632,5.8111,10560,55
5.1054,8.0632,5.8111,10561,55
-5.2938,-1.7016,5.8111,10562,55
-9.38,17.0656,10.5203,10563,55
9.6476,17.0656,10.5203,10564,55
0.0004,12.0771,16.9865,10565,55
15.346,-18.6848,4.53,10566,55
9.5801,-5.9089,4.53,10567,55
20.4707,-12.4325,4.53,10568,55
-5.2938,3.2955,5.8111,10569,55
9.6476,17.0656,13.8018,10570,55
-0.1189,22.054,14.4058,10571,55
9.569,17.0656,3.8048,10572,55
-9.38,17.0656,13.8018,10573,55
9.5801,-18.6848,4.53,10574,55
14.9907,-5.9089,4.53,10575,55
0,-21.9897,4.53,10576,55
5.1054,3.2955,5.8111,10577,55
-13.0115,-12.4675,4.53,10578,55
-9.8622,17.0656,3.8048,10579,55
-0.1189,22.7158,4.0288,10580,55
-9.3083,-18.7934,4.53,10581,55
-9.3083,-5.8363,4.53,10582,55
-4.3609,22.0991,14.4058,10583,55
4.3069,22.7158,4.0288,10584,55
4.3069,22.054,14.4058,10585,55
-4.3609,22.7158,4.0288,10586,55
5.1054,-1.7016,5.8111,10587,55
-5.2938,8.0632,5.8111,10588,55
5.1054,8.0632,5.8111,10589,55
-5.2938,-1.7016,5.8111,10590,55
-9.38,17.0656,10.5203,10591,55
9.6476,17.0656,10.5203,10592,55
0.0004,12.0771,16.9865,10593,55
15.3459,-18.6848,4.53,10594,55
9.5801,-5.9089,4.53,10595,55
14.5087,-17.0434,10.592,10596,55
8.6821,-17.2883,10.2458,10597,55
8.6821,-7.8343,10.2458,10598,55
14.5087,-7.9904,10.592,10599,55
13.9608,-12.4978,13.9671,10600,55
8.637,-12.4978,13.0347,10601,55
-10.0854,-16.6722,10.1057,10602,55
-10.0854,-8.4149,10.1057,10603,55
-7.761,-12.5189,12.7427,10604,55
-5.1855,11.7306,22.4234,10605,55
0.0629,11.8914,22.9263,10606,55
5.5906,11.8861,22.8883,10607,55
5.5906,22.4563,22.8883,10608,55
0.0629,22.0941,22.9263,10609,55
-5.1855,22.3117,22.4234,10610,55
-6.0822,17.0262,25.8535,10611,55
0.0112,17.0562,25.368,10612,55
6.5088,17.0779,26.1444,10613,55
3.93,-18.7151,11.3152,10614,55
-4.2061,-18.7502,11.4203,10615,55
-3.658,-3.9983,10.7697,10616,55
3.5371,-3.9983,10.7697,10617,55
4.119,8.4899,10.4472,10618,55
-0.0318,-2.1337,14.5988,10619,55
-3.658,5.3226,10.7697,10620,55
-0.0289,-12.4752,15.6067,10621,55
14.5087,-10.6522,10.2466,10622,55
8.6821,-10.8971,10.2458,10623,55
8.8452,-1.4431,10.3753,10624,55
14.4424,-1.5992,10.5281,10625,55
15.0086,-6.0568,14.4123,10626,55
8.637,-6.0568,13.2821,10627,55
-10.0854,-10.281,10.1057,10628,55
-10.3699,-2.0237,10.083,10629,55
-7.761,-6.1277,12.6669,10630,55
3.93,-12.3239,11.3119,10631,55
-4.2061,-12.359,11.4203,10632,55
-3.8407,2.3929,10.7697,10633,55
3.7596,2.3929,10.7697,10634,55
4.7195,14.881,10.4472,10635,55
-0.0318,9.3287,15.481,10636,55
-4.2554,11.7138,10.7697,10637,55
-0.0289,-6.0543,15.5297,10638,55
20.4706,-6.0345,4.53,10639,55
-5.2938,9.6935,5.8111,10640,55
9.5801,-12.2868,4.53,10641,55
14.9907,0.4891,4.53,10642,55
0,-15.5917,4.53,10643,55
5.1054,9.6935,5.8111,10644,55
-13.0115,-6.0695,4.53,10645,55
-0.1189,18.096,4.0288,10646,55
-9.3083,-12.3955,4.53,10647,55
-9.3083,0.5617,4.53,10648,55
5.1054,4.6965,5.8111,10649,55
-5.2938,14.4612,5.8111,10650,55
5.1054,14.4612,5.8111,10651,55
-5.2938,4.6965,5.8111,10652,55
15.346,-12.2868,4.53,10653,55
9.5801,0.4891,4.53,10654,55
14.5087,-10.6405,10.592,10655,55
8.6821,-10.8854,10.2458,10656,55
8.8452,-1.4314,10.3753,10657,55
14.4424,-1.5875,10.592,10658,55
8.6369,-6.0451,13.0347,10659,55
-9.5118,-10.0892,10.083,10660,55
-9.7313,-2.4574,10.3706,10661,55
-7.761,-6.116,12.7427,10662,55
3.93,-12.3122,11.3119,10663,55
-4.2061,-12.3473,11.4203,10664,55
-3.658,2.4046,10.7697,10665,55
3.5371,2.4046,10.7697,10666,55
4.119,14.8927,10.4472,10667,55
-0.0318,8.104,15.0293,10668,55
-3.658,11.7255,10.7697,10669,55
-0.0289,-6.0723,16.2069,10670,55
14.5087,-10.6522,10.2466,10671,55
8.6821,-10.8971,10.2458,10672,55
8.8452,-1.4431,10.3753,10673,55
14.4424,-1.5992,10.5281,10674,55
13.9608,-6.0568,14.1871,10675,55
8.637,-6.0568,13.4924,10676,55
-10.0854,-10.281,10.1057,10677,55
-10.3699,-2.0237,10.083,10678,55
-7.761,-6.1277,12.7427,10679,55
3.93,-12.3239,11.3119,10680,55
-4.2061,-12.359,11.4203,10681,55
-3.658,2.3929,10.7697,10682,55
3.5371,2.3929,10.7697,10683,55
4.119,14.881,10.4472,10684,55
-0.0318,9.3287,15.481,10685,55
-3.658,11.7138,10.7697,10686,55
-0.0289,-6.0543,15.5297,10687,55
20.4706,-6.0345,4.53,10688,55
-5.2938,9.6935,5.8111,10689,55
9.5801,-12.2868,4.53,10690,55
14.9907,0.4891,4.53,10691,55
0,-15.5917,4.53,10692,55
5.1054,9.6935,5.8111,10693,55
-13.0115,-6.0695,4.53,10694,55
-0.1189,18.096,4.0288,10695,55
-9.3083,-12.3955,4.53,10696,55
-9.3083,0.5617,4.53,10697,55
5.1054,4.6965,5.8111,10698,55
-5.2938,14.4612,5.8111,10699,55
5.1054,14.4612,5.8111,10700,55
-5.2938,4.6965,5.8111,10701,55
15.346,-12.2868,4.53,10702,55
9.5801,0.4891,4.53,10703,55
20.4706,-6.0345,4.53,10704,55
-5.2938,9.6935,4.53,10705,55
9.5801,-12.2868,4.53,10706,55
14.9907,0.4891,4.53,10707,55
0,-15.5917,4.53,10708,55
5.1054,9.6935,4.53,10709,55
-13.0115,-6.0695,4.53,10710,55
-0.1189,18.096,4.53,10711,55
-9.3083,-12.3955,4.53,10712,55
-9.3083,0.5617,4.53,10713,55
5.1054,4.6965,4.53,10714,55
-5.2938,14.4612,4.53,10715,55
5.1054,14.4612,4.53,10716,55
-5.2938,4.6965,4.53,10717,55
15.346,-12.2868,4.53,10718,55
9.5801,0.4891,4.53,10719,55
14.5087,-17.0434,10.2466,10720,55
8.6821,-17.2883,10.2458,10721,55
8.8452,-7.8343,10.3753,10722,55
14.4424,-7.9904,10.5281,10723,55
13.9608,-12.448,14.1871,10724,55
8.637,-12.448,13.4924,10725,55
-10.0854,-16.6722,10.1057,10726,55
-10.3699,-8.4149,10.083,10727,55
-7.761,-12.5189,12.7427,10728,55
-5.4993,11.7306,22.8883,10729,55
0.0629,12.6633,24.5034,10730,55
5.7316,11.8861,22.8883,10731,55
5.8249,22.4563,22.8883,10732,55
0.0629,20.9951,24.5034,10733,55
-5.8024,21.7413,22.8883,10734,55
-6.0822,17.0262,27.8836,10735,55
0.0112,17.0562,29.0437,10736,55
6.5088,17.0779,27.8836,10737,55
3.93,-18.7151,11.3119,10738,55
-4.2061,-18.7502,11.4203,10739,55
-3.6581,-3.9983,10.7697,10740,55
3.5371,-3.9983,10.7697,10741,55
4.119,8.4899,10.4472,10742,55
-0.0318,-2.1337,15.4598,10743,55
-3.6581,5.3226,10.7697,10744,55
-0.0289,-12.4752,15.5297,10745,55
14.5087,-17.0434,10.592,10746,55
8.6821,-17.2883,10.2458,10747,55
8.8452,-7.8343,10.3753,10748,55
14.4424,-7.9904,10.592,10749,55
13.9608,-12.448,13.9671,10750,55
8.637,-12.448,13.0347,10751,55
-10.0854,-16.6722,10.1057,10752,55
-10.3699,-8.4149,10.083,10753,55
-7.761,-12.5189,12.7427,10754,55
-5.3159,11.7306,22.8883,10755,55
0.0216,11.8914,22.9579,10756,55
5.3789,11.8861,22.8883,10757,55
5.5906,22.4563,22.8883,10758,55
0.0629,22.0941,22.9263,10759,55
-5.1855,22.3117,22.8883,10760,55
-6.0822,17.0262,25.6172,10761,55
0.0112,17.0562,25.8245,10762,55
6.5088,17.0779,25.6172,10763,55
3.93,-18.7151,11.3119,10764,55
-4.2061,-18.7502,11.4203,10765,55
-3.658,-3.9983,10.7697,10766,55
3.5371,-3.9983,10.7697,10767,55
4.119,8.4899,10.4472,10768,55
-0.0318,-2.1337,14.5988,10769,55
-3.658,5.3226,10.7697,10770,55
-0.0289,-12.4752,16.2069,10771,55
-8.3515,0,16.2034,10963,56
0,8.3513,16.2034,10964,56
8.2709,0,16.2034,10965,56
0,-8.3513,16.2034,10966,56
-6.231,-6.0623,16.2034,10967,56
-5.8249,5.5527,16.2034,10968,56
5.6799,5.6226,16.2034,10969,56
5.9053,-5.9054,16.2034,10970,56
0,10.3444,4.706,10971,56
-10.3443,0,4.706,10972,56
7.3145,7.3145,4.706,10973,56
-7.3146,7.3145,4.706,10974,56
10.3443,0,4.706,10975,56
-7.3146,-7.3145,4.706,10976,56
0,-10.3444,4.706,10977,56
7.3146,-7.3145,4.706,10978,56
-12.7716,-0.0001,20.7778,10979,56
0,12.7716,20.7778,10980,56
12.7716,-0.0001,20.7778,10981,56
0,-12.7716,20.7778,10982,56
-9.0997,-9.0997,20.7778,10983,56
-13.3952,13.3971,20.7778,10984,56
9.0997,9.0997,20.7778,10985,56
9.0997,-9.1002,20.7778,10986,56
0.0308,-0.0079,27.1317,10987,56
0,15.6886,4.706,10988,56
-15.6886,0,4.706,10989,56
11.0936,11.0935,4.706,10990,56
-7.761,17.5584,4.706,10991,56
15.6886,0,4.706,10992,56
-11.0936,-11.0935,4.706,10993,56
0.0001,-15.6886,4.706,10994,56
11.0935,-11.0935,4.706,10995,56
-15.4863,15.4885,4.706,10996,56
-17.5564,7.7632,4.706,10997,56
-13.5868,-7.8444,4.706,10998,56
-7.8443,-13.587,4.706,10999,56
7.4827,-13.5868,4.706,11000,56
13.5868,-7.8444,4.706,11001,56
13.5868,7.8444,4.706,11002,56
7.8444,13.5868,4.706,11003,56
-12.7716,0,17.272,11004,56
0,12.7716,17.272,11005,56
12.7716,0,17.272,11006,56
-13.3951,13.3971,17.272,11007,56
9.0997,9.0997,17.272,11008,56
9.0998,-9.0998,17.272,11009,56
0.0308,-0.0078,23.6258,11010,56
0,15.6888,4.706,11011,56
-15.6886,-0.0002,4.706,11012,56
11.0935,11.0935,4.706,11013,56
-7.761,17.5582,4.706,11014,56
15.6887,-0.0002,4.706,11015,56
0,-15.6886,4.706,11016,56
11.0935,-11.0935,4.706,11017,56
-15.4863,15.4885,4.706,11018,56
-17.5565,7.7631,4.706,11019,56
-13.5868,-7.8443,4.706,11020,56
-7.5563,-13.0857,23.0734,11021,56
7.4827,-13.5867,4.706,11022,56
13.5868,-7.8443,4.706,11023,56
13.5868,7.8444,4.706,11024,56
7.8445,13.5868,4.706,11025,56
0,15.6886,4.706,11026,56
-15.6886,0,4.706,11027,56
11.0936,11.0935,4.706,11028,56
-7.761,17.5584,4.706,11029,56
15.6886,0,4.706,11030,56
-11.0936,-11.0935,4.706,11031,56
0.0001,-15.6886,4.706,11032,56
11.0935,-11.0935,4.706,11033,56
-15.4863,15.4885,4.706,11034,56
-17.5564,7.7632,4.706,11035,56
-13.5868,-7.8444,4.706,11036,56
-7.8443,-13.587,4.706,11037,56
7.4827,-13.5868,4.706,11038,56
13.5868,-7.8444,4.706,11039,56
13.5868,7.8444,4.706,11040,56
7.8444,13.5868,4.706,11041,56
-0.0001,10.3444,4.706,11042,56
-10.3443,0,4.706,11043,56
7.3145,7.3145,4.706,11044,56
-7.3145,7.3145,4.706,11045,56
10.3443,0,4.706,11046,56
-7.3146,-7.3145,4.706,11047,56
-0.0001,-10.3444,4.706,11048,56
7.3146,-7.3145,4.706,11049,56
0,15.6886,4.706,11050,56
-15.6887,0,4.706,11051,56
11.0936,11.0935,4.706,11052,56
-7.7611,17.5584,4.706,11053,56
15.6886,0,4.706,11054,56
-11.0936,-11.0935,4.706,11055,56
0,-15.6886,4.706,11056,56
11.0935,-11.0935,4.706,11057,56
-15.4863,15.4885,4.706,11058,56
-17.5563,7.7632,4.706,11059,56
-13.5868,-7.8444,4.706,11060,56
-7.8443,-13.587,4.706,11061,56
7.4827,-13.5868,4.706,11062,56
13.5868,-7.8444,4.706,11063,56
13.5868,7.8444,4.706,11064,56
7.8444,13.5868,4.706,11065,56
-8.3514,0,19.6907,11066,56
0,8.3513,19.6907,11067,56
8.2709,0,19.6907,11068,56
0,-8.3513,19.6907,11069,56
-6.2311,-6.0623,19.6907,11070,56
-5.8249,5.5527,19.6907,11071,56
5.6799,5.6226,19.6907,11072,56
5.9053,-5.9054,19.6907,11073,56
0.0308,-0.0078,26.0445,11074,56
-12.7716,0,17.272,11075,56
0,12.7715,17.272,11076,56
12.7716,0,17.272,11077,56
0,-12.7715,17.272,11078,56
-9.0997,-9.0996,17.272,11079,56
-13.3951,13.3971,17.272,11080,56
9.0997,9.0996,17.272,11081,56
9.0998,-9.0998,17.272,11082,56
0.0308,-0.0078,23.6258,11083,56
-12.7716,-0.0001,17.272,11084,56
-0.0001,12.7716,17.272,11085,56
12.7716,-0.0001,17.272,11086,56
-0.0001,-12.7716,17.272,11087,56
-9.0997,-9.0997,17.272,11088,56
-13.3951,13.3971,17.272,11089,56
9.0997,9.0997,17.272,11090,56
9.0997,-9.1002,17.272,11091,56
-0.0001,0.0001,20.2892,11092,56
-12.7716,-0.0002,17.272,11093,56
-0.0001,12.7718,17.272,11094,56
12.7716,-0.0002,17.272,11095,56
-13.3951,13.3971,17.272,11096,56
9.0997,9.0998,17.272,11097,56
9.0997,-9.1,17.272,11098,56
-0.0001,0.0001,20.2892,11099,56
0,15.6888,4.706,11100,56
-15.6886,-0.0002,4.706,11101,56
11.0934,11.0935,4.706,11102,56
-7.761,17.5582,4.706,11103,56
15.6886,-0.0002,4.706,11104,56
-0.0002,-15.6886,4.706,11105,56
11.0934,-11.0935,4.706,11106,56
-15.4863,15.4885,4.706,11107,56
-17.5564,7.7632,4.706,11108,56
-13.5867,-7.8443,4.706,11109,56
-7.5563,-13.0857,23.0734,11110,56
7.4827,-13.5867,4.706,11111,56
13.5868,-7.8443,4.706,11112,56
13.5868,7.8444,4.706,11113,56
7.8446,13.5868,4.706,11114,56
-0.0001,15.6888,4.706,11115,56
-15.6886,-0.0002,4.706,11116,56
11.0934,11.0935,4.706,11117,56
-7.7611,17.5582,4.706,11118,56
15.6886,-0.0002,4.706,11119,56
-0.0001,-15.6886,4.706,11120,56
11.0935,-11.0935,4.706,11121,56
-15.4863,15.4885,4.706,11122,56
-17.5565,7.7632,4.706,11123,56
-13.5867,-7.8443,4.706,11124,56
-7.5563,-13.0857,23.0734,11125,56
7.4827,-13.5867,4.706,11126,56
13.5868,-7.8443,4.706,11127,56
13.5868,7.8444,4.706,11128,56
7.8444,13.5868,4.706,11129,56
-12.7716,-0.0002,20.7778,11130,56
0,12.7718,20.7778,11131,56
12.7716,-0.0002,20.7778,11132,56
-13.3952,13.3971,20.7778,11133,56
9.0997,9.0998,20.7778,11134,56
9.0997,-9.1,20.7778,11135,56
0.0308,-0.008,27.1317,11136,56
-0.0001,10.3444,4.706,11137,56
-10.3443,0,4.706,11138,56
7.3145,7.3145,4.706,11139,56
-7.3145,7.3145,4.706,11140,56
10.3443,0,4.706,11141,56
-7.3146,-7.3145,4.706,11142,56
-0.0001,-10.3444,4.706,11143,56
7.3146,-7.3145,4.706,11144,56
-8.3514,0,16.5207,11145,56
0,8.3513,16.5207,11146,56
8.2709,0,16.5207,11147,56
0,-8.3513,16.5207,11148,56
-6.2311,-6.0623,16.5207,11149,56
-5.8249,5.5527,16.5207,11150,56
5.6799,5.6226,16.5207,11151,56
5.9053,-5.9054,16.5207,11152,56
0.0308,-0.0078,22.8745,11153,56
