Name_lang,Description_lang,ID,JournalEncounterID,CreatureDisplayInfoID,FileDataID,OrderIndex,UiModelSceneID
Glubtok,,358,89,37410,522228,0,9
Helix Gearbreaker,,359,90,33002,522234,0,9
Foe Reaper 5000,,360,91,35606,522225,0,9
Admiral Ripsnarl,,361,92,35739,522189,0,9
"""Captain"" Cookie",,362,93,1305,522210,0,9
Vanessa VanCleef,,365,95,32806,522278,0,9
Baron Ashbury,,366,96,34610,522205,0,9
Baron Silverlaine,,367,97,37288,522206,0,9
Commander Springvale,,368,98,37287,522213,0,9
Lord Walden,,369,99,34612,522249,0,9
Lord Godfrey,,370,100,34611,522247,0,9
Lady Naz'jar,,371,101,34342,522245,0,9
Commander Ulthok,,372,102,33792,522214,0,9
Mindbender Ghur'sha,,373,103,32259,522253,0,9
Ozumat,,374,104,34135,522259,0,9
Rom'ogg Bonecrusher,,375,105,33147,522266,0,9
"Corla, Herald of Twilight",,376,106,31546,522216,0,9
Karsh Steelbender,,377,107,31710,522244,0,9
Beauty,,378,108,34433,522207,0,9
Ascendant Lord Obsidius,,379,109,36465,522201,0,9
Corborus,,380,110,33477,522215,0,9
Slabhide,,381,111,36476,522271,0,9
Ozruk,,382,112,36475,522258,0,9
High Priestess Azil,,383,113,26448,522237,0,9
Grand Vizier Ertan,,384,114,35181,522229,0,9
Altairus,,385,115,34265,522192,0,9
Asaad,,386,116,35388,522200,0,9
General Husam,,387,117,34743,523205,0,9
Augh,,388,118,37339,522203,1,9
Lockmaw,,389,118,33438,522246,0,9
High Prophet Barim,,390,119,34744,522239,0,9
Siamat,,394,122,35388,522269,0,9
Temple Guardian Anhuur,,424,124,35067,522272,0,9
Earthrager Ptah,,425,125,31450,522219,0,9
Anraphet,,426,126,34580,522195,0,65
Isiset,,427,127,33465,522241,0,66
Ammunae,,428,128,32943,522194,0,66
Setesh,,429,129,33055,522267,0,66
Rajh,,430,130,33177,522262,0,66
General Umbriss,,431,131,31498,522227,0,9
Forgemaster Throngus,,432,132,33429,522226,0,66
Dragha Shadowburner,,433,133,31792,522218,0,9
Valiona,,434,133,31795,522276,1,9
Erudax,,435,134,33428,522222,0,9
Argaloth,,463,139,35426,522198,0,9
Occu'thar,,464,140,37876,523207,0,9
Nezir,Lord of the North Wind,555,154,35232,522256,1,9
Anshal,Lord of the West Wind,556,154,35233,522196,0,9
Rohash,Lord of the East Wind,557,154,35234,522265,2,9
Al'akir,,558,155,35248,522191,0,9
Halfus Wyrmbreaker,,559,156,34816,522232,0,66
Valiona,,560,157,34812,522277,1,9
Theralion,,561,157,34813,522274,0,9
Terrastra,Ascendant Councillor of Earth,562,158,34824,522273,3,9
Elementium Monstrosity,The combined Ascendant Councillors,563,158,34825,522221,4,9
Ignacious,Ascendant Councillor of Flame,564,158,34821,522240,1,9
Feludius,Ascendant Councillor of Water,565,158,34822,522224,0,9
Arion,Ascendant Councillor of Air,566,158,34823,522199,2,9
Cho'gall,,587,167,34576,522212,0,9
Sinestra,,588,168,34335,522270,0,9
Electron,,589,169,32688,522220,2,9
Toxitron,,590,169,32684,522275,3,9
Magmatron,,591,169,32685,522250,0,9
Arcanotron,,592,169,32687,522197,1,9
Magmaw,,593,170,37993,522251,0,9
Atramedes,,594,171,34547,522202,0,9
Chimaeron,,595,172,33308,522211,0,9
Maloriak,,596,173,33186,522252,0,9
Onyxia,,599,174,32569,522257,1,9
Nefarian,,600,174,32716,522255,0,9
High Priest Venoxis,,601,175,37788,522236,0,9
Bloodlord Mandokir,,602,176,37816,522209,0,9
Gri'lek,,603,177,8390,522230,0,9
Hazza'rah,,604,178,37832,522233,0,9
Renataki,,605,179,37830,522263,0,9
Wushoolay,,606,180,37831,522279,0,9
High Priestess Kilnara,,607,181,37805,522238,0,9
Zanzil,,616,184,37813,522280,0,9
Jin'do the Godbreaker,,617,185,37789,522243,0,9
Akil'zon,,618,186,21630,522190,0,9
Nalorakk,,619,187,21631,522254,0,9
Jan'alai,,620,188,21633,522242,0,9
Halazzi,,621,189,21632,522231,0,9
Hex Lord Malacrass,,622,190,22332,522235,0,9
Daakara,,623,191,38118,522217,0,9
Beth'tilac,,624,192,38227,522208,0,9
Lord Rhyolith,,625,193,38414,522248,0,9
Alysrazor,,626,194,38446,522193,0,9
Shannox,,627,195,38448,522268,0,9
Majordomo Staghelm,,628,197,37953,522223,0,9
Ragnaros,,629,198,37875,522261,0,280
Lumbering Oaf,,630,90,33003,523206,1,9
Baleroc,,770,196,38621,522204,0,9
Echo of Tyrande,,817,283,39617,571749,0,9
Murozond,The Lord of the Infinite,827,289,38931,536059,0,9
Deathwing,,855,318,35268,536056,0,9
Hagara the Stormbinder,,856,317,39318,536057,0,9
Arcurion,,862,322,35978,571743,0,9
Echo of Sylvanas,,864,323,38655,571748,0,9
Queen Azshara,,865,291,39391,571747,0,9
Warlord Zon'ozz,,867,324,39138,536061,0,9
Ultraxion,,875,331,39099,571750,0,9
Yor'sahj the Unsleeping,,876,325,39101,536062,0,9
Warmaster Blackhorn,,877,332,39399,571752,0,9
Morchok,,881,311,39094,536058,0,9
Peroth'arn,,895,290,39182,536060,0,9
Alizabal,,896,339,21252,571742,0,9
Archbishop Benedictus,,899,341,38991,536053,0,9
Echo of Baine,,900,340,38791,571744,0,9
Echo of Jaina,,903,285,38802,571745,0,9
Asira Dawnslayer,,904,342,38995,536054,0,9
Deathwing,,905,333,40087,536055,0,9
Mannoroth,,913,292,38996,571746,0,9
Captain Varo'then,,914,292,39127,571746,1,9
High Interrogator Gerstahn,,942,369,8761,607644,0,9
Lord Roccor,,943,370,5781,607697,0,9
Houndmaster Grebmar,,944,371,9212,607647,0,9
Pyromancer Loregrain,,945,373,8762,607749,0,9
Lord Incendius,,946,374,1204,607694,0,63
Warder Stilgiss,,947,375,9089,607814,0,9
Fineous Darkvire,,948,376,8704,607602,0,9
Bael'Gar,,949,377,12162,607549,0,9
General Angerforge,,950,378,8756,607610,0,9
Golem Lord Argelmach,,951,379,8759,607618,0,9
Hurley Blackbreath,,952,380,8658,607650,0,9
Phalanx,,953,381,8177,607740,0,9
Plugger Spazzring,,955,383,8652,607741,0,9
Ambassador Flamelash,,956,384,8329,607535,0,9
Magmus,,957,386,12162,607705,0,9
Emperor Dagran Thaurissan,,958,387,8807,607595,0,9
Highlord Omokk,,959,388,11565,607645,0,9
Shadow Hunter Vosh'gajin,,960,389,9732,607769,0,9
War Master Voone,,961,390,28281,607810,0,9
Mother Smolderweb,,962,391,36506,607719,0,9
Urok Doomhowl,,963,392,11583,607801,0,9
Quartermaster Zigris,,964,393,9738,607751,0,9
Halycon,,965,394,9567,607634,0,9
Gizrul the Slavener,,966,395,9564,607615,0,9
Overlord Wyrmthalak,,967,396,8711,607737,0,9
Zevrim Thornhoof,,973,402,11335,607824,0,9
Hydrospawn,,974,403,5489,607653,0,9
Lethtendris,,975,404,21012,607686,0,9
Alzzin the Wildshaper,,976,405,14416,607533,0,9
Tendris Warpwood,,977,406,14383,607785,0,9
Illyanna Ravenoak,,978,407,11270,607656,0,9
Magister Kalendris,,979,408,14384,607703,0,9
Immol'thar,,980,409,14173,607657,0,9
Prince Tortheldrin,,981,410,11256,607745,0,9
Guard Mol'dar,,982,411,11561,607630,0,9
Stomper Kreeg,,983,412,11545,607777,0,9
Guard Fengus,,984,413,11561,607629,0,9
Guard Slip'kik,,985,414,11561,607631,0,9
Captain Kromcrush,,986,415,11564,607560,0,9
Cho'Rush the Observer,,987,416,11537,607565,0,9
King Gordok,,988,417,11583,607673,0,9
Crowd Pummeler 9-60,,989,418,36560,607572,0,9
Grubbis,,990,419,6533,607628,0,9
Electrocutioner 6000,,991,421,36558,607594,0,9
Mekgineer Thermaplugg,,992,422,36563,607714,0,9
Noxxion,,993,423,11172,607728,0,9
Razorlash,,994,424,12389,607756,0,9
Tinkerer Gizlock,,995,425,7125,607796,0,9
Lord Vyletongue,,997,427,12334,607699,0,9
Celebras the Cursed,,998,428,12350,607562,0,9
Landslide,,999,429,12293,607684,0,9
Rotgrip,,1000,430,13589,607761,0,9
Princess Theradras,,1001,431,12292,607747,0,9
Hearthsinger Forresten,,1011,443,10482,607637,0,9
Aku'mai,Hydra,1012,444,62522,607532,0,91
Timmy the Cruel,,1013,445,571,607795,0,9
Willey Hopebreaker,,1014,446,34480,607818,0,9
Instructor Galford,,1016,448,34498,607660,0,9
Balnazzar,,1017,449,34424,607551,0,9
The Unforgiven,,1018,450,10771,607792,0,9
Baroness Anastari,,1019,451,10698,607553,0,9
Nerub'enkan,,1021,452,9793,607724,0,9
Maleki the Pallid,,1022,453,10546,607707,0,9
Magistrate Barthilas,,1023,454,10433,607791,0,9
Ramstein the Gorger,,1024,455,12818,607752,0,9
Lord Aurius Rivendare,,1025,456,34837,607692,0,9
Avatar of Hakkar,,1026,457,8053,607548,0,9
Jammal'an the Prophet,,1027,458,6708,607665,0,9
Dreamscythe,,1028,459,7553,608311,0,9
Shade of Eranikus,,1032,463,7806,607768,0,9
Hogger,,1033,464,108956,4776138,0,9
Lord Overheat,,1034,465,1204,607695,0,9
Randolph Moloch,,1035,466,35068,607753,0,9
Revelosh,,1036,467,5945,607757,0,9
"Eric ""The Swift""",,1037,468,5708,0,1,9
Olaf,,1038,468,5709,0,2,9
Baelog,,1039,468,5710,607550,0,9
Ironaya,,1040,469,6089,607664,0,67
Ancient Stone Keeper,,1041,470,10798,607538,0,9
Galgann Firehammer,,1042,471,6059,607606,0,9
Grimlok,,1043,472,11165,607626,0,9
Archaedas,,1044,473,5988,607546,0,65
Lady Anacondra,,1045,474,4313,607680,0,9
Lord Cobrahn,,1046,475,4213,607693,0,9
Lord Pythas,,1047,476,4214,607696,0,9
Kresh,,1048,477,5126,607676,0,9
Skum,,1049,478,4203,607775,0,9
Lord Serpentis,,1050,479,4215,607698,0,9
Verdan the Everliving,,1051,480,4256,607805,0,9
Mutanus the Devourer,,1052,481,4088,607721,0,9
Gahz'rilla,,1054,483,7271,607614,0,9
Antu'sul,,1055,484,7353,607541,0,9
Theka the Martyr,,1056,485,6696,607793,0,9
Witch Doctor Zum'rah,,1057,486,6434,607819,0,9
Nekrum Gutchewer,,1058,487,6690,607723,0,9
Doom'rel,Leader of the Seven,1059,385,8687,607587,0,9
Chief Ukorz Sandscalp,,1061,489,6439,607564,0,9
Shirrak the Dead Watcher,,1098,523,18916,607771,0,9
Exarch Maladaar,,1099,524,17715,607600,0,9
Watchkeeper Gargolmar,,1104,527,18236,607817,0,9
Omor the Unscarred,,1105,528,18237,607734,0,9
Vazruden the Herald,,1106,529,18944,607803,0,9
Selin Fireheart,,1107,530,22642,607767,0,9
Vexallus,,1108,531,22731,607806,0,9
Priestess Delrissa,,1109,532,22596,607742,0,9
Kael'thas Sunstrider,,1110,533,22906,607669,0,9
Pandemonius,,1111,534,71757,607738,0,9
Tavarok,,1112,535,19332,607782,0,9
Yor,,1113,536,14173,607822,0,9
Nexus-Prince Shaffar,,1114,537,19780,607726,0,9
Lieutenant Drake,,1115,538,17386,607689,0,9
Captain Skarloc,,1116,539,17387,607561,0,9
Epoch Hunter,,1117,540,19135,607596,0,9
Darkweaver Syth,,1118,541,20599,607583,0,9
Anzu,,1119,542,21492,607544,0,9
Talon King Ikiss,,1120,543,18636,607780,0,9
Ambassador Hellmaw,,1121,544,18821,607536,0,9
Blackheart the Inciter,,1122,545,18058,607555,0,9
Grandmaster Vorpil,,1123,546,18535,607625,0,9
Murmur,,1124,547,18839,607720,0,9
Zereketh the Unbound,,1125,548,19882,607823,0,9
Dalliah the Doomsayer,,1126,549,19888,607574,0,9
Wrath-Scryer Soccothrates,,1127,550,19977,607820,0,9
Harbinger Skyriss,,1128,551,19943,607635,0,9
Chrono Lord Deja,,1129,552,20513,607566,0,9
Temporus,,1130,553,19066,607784,0,9
Aeonus,,1131,554,20510,607529,0,9
The Maker,,1132,555,18369,607789,0,9
Broggok,,1133,556,19372,607558,0,9
Keli'dan the Breaker,,1134,557,17153,607670,0,9
Commander Sarannis,,1135,558,18929,607570,0,9
High Botanist Freywinn,,1136,559,19045,607641,0,9
Thorngrin the Tender,,1137,560,14416,607794,0,9
Laj,,1138,561,13109,607683,0,9
Warp Splinter,,1139,562,19438,607816,0,9
Mechano-Lord Capacitus,,1140,563,19162,607712,0,9
Nethermancer Sepethrea,,1141,564,19166,607725,0,9
Pathaleon the Calculator,,1142,565,20033,607739,0,9
Grand Warlock Nethekurse,,1143,566,16628,607624,0,9
Warbringer O'mrogg,,1145,568,18031,607811,0,9
Warchief Kargath Bladefist,,1146,569,19799,607812,0,9
Mennu the Betrayer,,1147,570,17728,607715,0,9
Rokmar the Crackler,,1148,571,17729,607759,0,9
Quagmirran,,1149,572,18224,607750,0,9
Hydromancer Thespia,,1150,573,11268,607651,0,9
Mekgineer Steamrigger,,1151,574,18638,607713,0,9
Warlord Kalithresh,,1152,575,20235,607815,0,9
Hungarfen,,1153,576,17228,607649,0,9
Ghaz'an,,1154,577,17528,607614,0,9
Swamplord Musel'ek,,1155,578,18570,607779,0,9
The Black Stalker,,1156,579,18194,607788,0,67
Elder Nadox,,1157,580,27407,607593,0,9
Prince Taldaram,,1158,581,27406,607744,0,9
Jedoga Shadowseeker,,1159,582,26777,607667,0,9
Amanitar,,1160,583,28133,607534,0,9
Krik'thir the Gatewatcher,,1161,585,27394,607678,0,9
Hadronox,,1162,586,26776,607633,0,9
Trollgore,,1163,588,26352,607798,0,9
Novos the Summoner,,1164,589,26292,607727,0,9
King Dred,,1165,590,5240,607672,0,9
Slad'ran,,1167,592,27422,607776,0,9
Drakkari Colossus,,1168,593,26589,607589,0,9
Moorabi,,1169,594,27059,607716,0,9
Eck the Ferocious,,1170,595,26644,607592,0,9
Gal'darah,,1171,596,27061,607605,0,9
General Bjarngrim,,1172,597,27301,607611,0,66
Volkhan,,1173,598,27071,607809,0,64
Ionar,,1174,599,27484,607663,0,9
Loken,,1175,600,27485,607690,0,66
Falric,,1176,601,30972,607601,0,9
Marwyn,,1177,602,30973,607710,0,9
The Lich King,,1178,603,30721,607688,0,9
Krystallus,,1179,604,20909,607679,0,9
Maiden of Grief,,1180,605,26657,607706,0,67
Sjonnir The Ironshaper,,1181,607,27483,607772,0,66
Forgemaster Garfrost,,1182,608,30843,607603,0,65
Ick,,1183,609,30347,607655,1,9
Krick,,1184,609,30331,607677,0,9
Scourgelord Tyrannus,,1185,610,30277,607765,0,9
Meathook,,1186,611,26579,607711,0,9
Salramm the Fleshcrafter,,1187,612,26581,607763,0,9
Chrono-Lord Epoch,,1188,613,26580,607567,0,9
Mal'Ganis,,1189,614,26582,607708,0,9
Bronjahm,,1190,615,30226,607559,0,9
Devourer of Souls,,1191,616,30148,607585,0,9
Commander Stoutbeard,,1193,617,24366,607571,0,9
Grand Magus Telestra,,1194,618,24066,607623,0,9
Anomalus,,1195,619,26259,607540,0,9
Ormorok the Tree-Shaper,,1196,620,26298,607735,0,9
Keristrasza,,1197,621,24307,607671,0,9
Drakos the Interrogator,,1198,622,27032,607590,0,9
Varos Cloudstrider,,1199,623,27033,607802,0,9
Mage-Lord Urom,,1200,624,25010,607702,0,9
Ley-Guardian Eregos,,1201,625,27034,607687,0,9
Erekem,,1202,626,27488,607597,0,9
Moragg,,1203,627,20590,607717,0,9
Ichoron,,1204,628,27487,607654,0,9
Xevozz,,1205,629,27486,607821,0,9
Lavanthor,,1206,630,10193,607685,0,9
Zuramat the Obliterator,,1207,631,27855,607825,0,9
Cyanigosa,,1208,632,27508,607573,0,9
Mokra the Skullcrusher,,1214,634,28587,607622,0,9
Zul'tore,,1215,634,28588,0,3,9
Eressea Dawnsinger,,1216,634,28637,0,1,9
Runok Wildmane,,1217,634,28597,0,2,9
Deathstalker Visceri,,1218,634,28589,0,4,9
Eadric the Pure,,1219,635,29616,607591,0,9
Argent Confessor Paletress,,1220,636,29490,607547,0,9
The Black Knight,,1221,637,29837,607787,0,9
Prince Keleseth,,1222,638,25338,607743,0,9
Skarvald the Constructor,,1223,639,24605,607774,0,65
Dalronn the Controller,,1224,639,26349,607575,1,9
Ingvar the Plunderer,,1225,640,21953,607659,0,65
Svala Sorrowgrave,,1226,641,26096,607778,0,9
Gortok Palehoof,,1227,642,27419,607620,0,9
Ferocious Rhino,,1228,642,26284,0,1,9
Massive Jormungar,,1229,642,24564,0,3,9
Frenzied Worgen,,1230,642,26327,0,2,9
Ravenous Furbolg,,1231,642,23999,0,4,9
Skadi the Ruthless,,1232,643,27418,607773,0,67
King Ymiron,,1233,644,28019,607674,0,67
High Justice Grimstone,,1234,372,9329,608314,0,9
Viscous Fallout,,1236,420,36529,607808,0,9
Risen Rifleman,,1239,446,34481,0,1,9
Shadowpriest Sezz'ziz,,1240,487,6441,607770,1,9
Raigonn,,1252,649,39519,630845,0,9
Armsmaster Harlan,,1253,654,40293,630816,0,9
Master Snowdrift,,1255,657,41902,630841,0,9
Liu Flameheart,,1257,658,39487,630839,0,9
Instructor Chillheart,,1258,659,40301,630835,0,9
Jandice Barov,,1265,663,40639,607666,0,9
Rattlegore,,1269,665,31092,607755,0,9
Lilian Voss,,1270,666,40256,630838,0,9
Hoptallus,,1273,669,40339,630832,0,9
Brother Korloff,,1275,671,41154,630818,0,9
Commander Durand,,1276,674,41220,607643,1,9
High Inquisitor Whitemane,,1277,674,2043,607643,0,9
Qin-xi,,1294,677,41392,0,1,9
Jan-xi,,1295,677,41391,630836,0,9
Gara'jal the Spiritbinder,,1296,682,41256,630826,0,9
Taran Zhu,,1305,686,41121,630852,0,9
Qiang the Merciless,Warlord King,1308,687,41812,0,1,9
Meng the Demented,Mad King,1309,687,41813,630861,0,9
Subetai the Swift,Bandit King,1310,687,41565,0,2,9
Thalnos the Soulrender,,1312,688,27705,630853,0,9
Feng the Accursed,,1313,689,41192,630824,0,9
Gekkan,,1315,690,41920,630828,0,9
Sha of Anger,,1316,691,41448,630847,0,9
Dark Shaman Koranthal,,1321,695,42101,608310,0,9
Houndmaster Braun,,1326,660,42264,630833,0,9
Kuai the Brute,,1334,708,42058,630842,0,9
Ming the Cunning,,1335,708,42059,0,1,9
Haiyan the Unstoppable,,1336,708,42060,0,2,9
Herald Volazj,,1337,584,27408,607639,0,9
Anub'arak,,1338,587,27856,607542,0,9
Brann Bronzebeard,,1342,606,26353,607797,0,9
Adarogg,,1343,694,38759,608309,0,9
Slagmaw,,1344,696,38391,522251,0,9
Lava Guard Gordoth,,1345,697,42100,608315,0,9
Hazzas,,1346,459,9584,0,3,9
Weaver,,1347,459,6375,0,1,9
Morphaz,,1348,459,7975,0,2,9
Elegon,,1383,726,41399,630823,0,9
Chief Salyis,,1385,725,42468,0,1,9
Galleon,,1386,725,42439,630819,0,9
Darkmaster Gandling,,1393,684,40322,607582,0,9
Blood Guard Porung,,1394,728,17725,607556,0,9
Amber-Shaper Un'sok,,1400,737,43126,630815,0,9
Amber Monstrosity,,1401,737,44140,0,1,9
Gu Cloudstrike,,1402,673,39489,630831,0,9
Azure Serpent,,1403,673,39492,0,1,9
Flameweaver Koegler,,1404,656,40597,630825,0,9
Garalon,,1405,713,42368,630827,0,9
Commander Vo'jak,,1407,738,42169,630822,0,9
Lei Shi,,1412,729,42811,630837,0,65
Grand Empress Shek'zeer,,1417,743,42730,630830,0,9
Imperial Vizier Zor'lok,,1421,745,42807,630834,0,9
Saboteur Kip'tilak,,1422,655,43122,630846,0,9
Obsidian Sentinel,,1423,748,5285,607729,0,9
Commander Malor,,1424,749,34463,607569,0,9
Zian of the Endless Shadow,Sorcerer King,1425,687,41566,0,3,9
Striker Ga'dok,,1428,675,43275,630851,0,9
Commander Ri'mok,,1429,676,43286,630821,0,9
Ook-Ook,,1430,668,39498,630843,0,9
Yan-Zhu the Uncasked,,1431,670,42969,630860,0,65
Wise Mari,,1432,672,41125,630858,0,9
Lorewalker Stonestep,,1433,664,39506,630840,0,9
Sha of Doubt,,1434,335,45980,630848,0,9
Xin the Weaponmaster,,1435,698,41987,630859,0,9
Vizier Jin'bak,,1439,693,43197,630855,0,9
Tsulong,During the Night,1444,742,42532,630854,0,9
Tsulong,During the Day,1465,742,42533,0,1,9
Wing Leader Ner'onok,,1475,727,43151,630857,0,9
Amethyst Guardian,,1476,679,41892,630820,0,9
Jasper Guardian,,1477,679,42644,0,3,9
Cobalt Guardian,,1478,679,41893,0,1,9
Jade Guardian,,1479,679,41894,0,2,9
Elder Asani,,1480,683,41504,0,2,9
Elder Regail,,1481,683,41502,0,1,9
Protector Kaolan,,1482,683,41503,630844,0,9
Wind Lord Mel'jarak,,1485,741,42645,630856,0,9
Sha of Violence,,1488,685,43283,630850,0,9
Lilian's Soul,,1489,666,43908,0,1,9
The Prophet Tharon'ja,,1498,591,27072,607790,0,9
General Pa'valak,,1516,692,43120,630829,0,9
Blade Lord Ta'yak,,1517,744,43141,630817,0,9
Sha of Fear,,1519,709,45065,630849,0,9
Nalak,,1540,814,47227,796778,0,9
Iron Qon,,1544,817,46627,796775,0,9
Ro'shak,,1545,817,46628,0,1,9
Quet'zal,,1546,817,46629,0,2,9
Dam'ren,,1547,817,46630,0,3,9
Durumu,,1548,818,47189,796772,0,9
Primordius,,1551,820,47009,796780,0,9
Sul the Sandcrawler,,1558,816,47505,0,1,9
Frost King Malakk,,1559,816,47506,0,2,9
Kazra'jin,,1561,816,47229,796770,0,9
Horridon,,1562,819,47325,796774,0,9
Dark Animus,,1563,824,47527,796771,0,9
Tortos,,1564,825,46559,796781,0,9
Oondasta,,1566,826,47257,796779,0,9
Jin'rokh the Breaker,,1567,827,47552,796776,0,9
Lu'lin,,1569,829,46975,796773,0,9
Lei Shen,,1572,832,46770,796777,0,9
Ji-Kun,,1573,828,46675,796785,0,9
Commander Kolurg,,1574,833,24352,607568,0,9
Marshal Jacob Alerius,,1575,834,28560,607621,0,9
Colosos,,1576,834,28736,0,4,9
Ambrose Boltspark,,1577,834,28586,0,1,9
Lana Stouthammer,,1578,834,28564,0,3,9
Jaelyne Evensong,,1579,834,28735,0,2,9
Ra-den,,1580,831,47739,828452,0,9
Suen,,1581,829,46974,0,1,9
High Priestess Mar'li,,1582,816,47730,0,3,9
Venomous Head,,1594,821,47416,0,1,91
Flaming Head,,1595,821,47414,796786,0,91
Frozen Head,,1596,821,47415,0,2,91
Malkorok,,1602,846,49070,901164,0,9
He Softfoot,,1605,849,48917,0,1,9
Rook Stonetoe,,1606,849,48918,901159,0,9
Sun Tenderheart,,1607,849,48919,0,2,9
General Nazgrim,,1608,850,48995,901158,0,9
Kor'kron Jailer,,1609,851,49082,0,1,9
Thok the Bloodthirsty,,1610,851,51144,901171,0,9
Immerseus,,1611,852,49056,901160,0,9
Earthbreaker Haromm,,1614,856,49176,901163,0,9
Wavebinder Kardris,,1615,856,49177,0,1,9
Chi-Ji,,1618,857,49237,901155,0,9
Yu'lon,,1619,858,49234,901173,0,9
Niuzao,,1620,859,49235,901165,0,9
Xuen,,1621,860,49236,901172,0,9
Ordos,,1623,861,49285,901167,0,9
Iron Juggernaut,,1624,864,49844,901161,0,9
Norushen,,1625,866,48860,901166,0,66
Sha of Pride,,1626,867,49098,901168,0,9
Galakras,,1627,868,49337,901156,0,9
Garrosh Hellscream,,1628,869,49585,901157,0,9
Skeer the Bloodseeker,,1648,853,48674,901162,0,9
Hisek the Swarmkeeper,,1649,853,48675,0,1,9
Ka'roz the Locust,,1650,853,48676,0,2,9
Korven the Prime,,1651,853,48677,0,3,9
Kaz'tik the Manipulator,,1652,853,48678,0,4,9
Xaril the Poisoned Mind,,1653,853,48679,0,5,9
Rik'kal the Dissector,,1654,853,48680,0,6,9
Iyyokuk the Lucid,,1655,853,48681,0,7,9
Kil'ruk the Wind-Reaver,,1656,853,48682,0,8,9
Amalgam of Corruption,,2827,866,49360,0,1,9
Siegecrafter Blackfuse,,2830,865,51657,901169,0,9
Secured Stockpile of Pandaren Spoils,,2831,870,51173,901170,0,9
Galakras,,2835,881,49337,901156,0,9
Magmolatus,,2845,893,52033,0,1,9
Forgemaster Gog'duh,,2846,893,52899,1044355,0,9
Blind Hunter,,2853,900,52595,1064175,0,9
Molten Inferno Crystal,,2855,901,42641,0,2,9
Charlga Razorflank,,2856,901,31042,607563,0,9
Venemous Discharge Crystal,,2857,901,42643,0,3,9
Tidal Tempest Crystal,,2858,901,41366,0,1,9
Warlord Ramtusk,,2859,899,52515,607736,0,9
Death Speaker Jargba,,2860,899,4756,607584,1,9
Aggem Thorncurse,,2861,899,4645,607531,2,9
Razorfen Beast Tracker,,2862,895,1964,0,3,9
Razorfen Bladeguard,,2863,895,6109,0,1,9
Razorfen Huntmaster,,2864,895,1342,0,2,9
Roogug,,2865,895,52383,607760,0,9
Hunter Bonetusk,,2866,896,52047,607531,0,9
Arakkoa Solar Zealot,,2936,968,55994,0,1,9
Arakkoa Shield Construct,,2938,968,56653,0,2,9
The Butcher,"He slices, he crushes.",2939,971,53855,1044375,0,9
Ranjit,,3108,965,56015,1044362,0,9
Araknath,,3109,966,54006,1044334,0,9
High Sage Viryx,,3111,968,56016,1044348,0,9
Arakkoa Sun Construct Prototype,,3112,966,56653,0,1,9
Slave Watcher Crushto,,3125,888,52893,1044368,0,9
Dreadwing,,3126,1122,53505,0,2,9
Beastlord Darmac,,3127,1122,53499,1044338,0,9
Ironcrusher,,3128,1122,53541,0,3,9
Faultline,,3129,1122,53542,0,4,9
Cruelfang,,3130,1122,53511,0,1,9
Flamebender Ka'graz,,3131,1123,53471,1044344,0,9
Skylord Tovra,,3144,1133,55630,1044376,0,9
Kargath Bladefist,,3151,1128,54674,1044352,0,9
Sadana Bloodfury,,3152,1139,54587,1044366,0,9
Ghamoo - Ra,,3155,368,52010,1064179,0,9
Domina,,3156,436,52034,1064180,0,9
Subjugator Kor'ul,,3157,426,52173,522214,0,9
Guardian of the Deep,,3158,447,75359,1064182,0,9
Twilight Lord Bathiel,,3159,437,52283,1064184,0,9
Executioner Gore,,3160,1144,52084,1064183,0,9
Thruk,,3161,1145,52057,1064181,0,9
Operator Thogar,,3162,1147,53519,1044357,0,9
Phemos,,3163,1148,55849,0,1,65
Pol,,3164,1148,54385,1044377,0,65
Furnace Engineer,,3172,1154,53472,0,2,9
Heart of the Mountain,,3173,1154,53456,1044374,7,9
Bellows Operator,,3174,1154,53473,0,3,65
Slag Elemental,,3175,1154,53481,0,6,9
Security Guard,,3176,1154,53474,0,1,9
Primal Elementalist,,3177,1154,53475,0,4,9
Firecaller,,3178,1154,53477,0,5,9
Foreman Feldspar,,3179,1154,53470,1044374,0,9
Franzok,,3180,1155,53576,1044345,0,9
Hans'gar,,3181,1155,53575,0,1,9
Ner'zhul,,3190,1160,52769,1044356,0,9
Gruul,,3191,1161,55050,1044346,0,9
Assault Cannon,,3195,1163,55161,0,1,9
Nitrogg Thundertower,,3197,1163,55162,1044339,0,9
Roltall,,3200,887,54259,1044363,0,9
Gug'rokk,,3226,889,52902,1044347,0,9
Vigilant Kaathar,,3234,1185,58263,1044336,0,9
Soulbinder Nyami,,3235,1186,53089,1044370,0,9
Oregorger the Devourer,,3255,1202,54317,1044484,0,9
Fungal Flesh-Eater,,3257,1196,58939,0,1,65
Enforcer Sorka,,3265,1203,53752,0,1,9
Marak the Blooded,,3266,1203,53876,0,2,9
Admiral Gar'an,,3267,1203,53982,1044350,0,9
Blazing Trickster,,3274,1216,53112,0,3,9
Cackling Pyromaniac,,3275,1216,19618,0,1,9
Felguard,,3276,1216,39908,0,2,9
Azzakel,,3277,1216,52964,1044337,0,9
Teron'gor,,3284,1225,54036,1044373,0,9
Orebender Gor'ashan,,3285,1226,53177,1044358,0,9
Drakonid Monstrosity,,3286,1227,53010,0,1,9
Kyrak,,3287,1227,53005,1044354,0,9
Commander Tharbek,,3288,1228,53689,1044351,0,9
Ironbarb Skyreaver,,3289,1228,55518,0,1,9
Black Iron Guard,,3290,1228,53643,0,2,9
Ragewing Whelp,,3291,1229,53396,0,1,9
Ragewing the Untamed,,3292,1229,53646,1044361,0,9
Warlord Zaela,,3300,1234,54683,1044379,0,9
Zoggosh,,3324,1238,57840,0,1,9
Skulloc,,3325,1238,57836,1044367,0,9
Koramar,,3326,1238,57837,0,2,9
Dreadfang,,3327,1235,56363,0,1,9
Fleshrender Nok'gar,,3328,1235,56351,1044380,0,9
Makogg Emberblade,,3329,1236,56017,0,1,9
Ahri'ok Dugru,,3330,1236,56033,1044340,0,9
Neesa Nox,,3331,1236,56029,0,2,9
Oshir,,3332,1237,55352,1044359,0,9
Archmage Sol,,3333,1208,57193,1044335,0,9
Rukhmar,,3334,1262,59089,1044364,0,9
Rukhran,,3347,967,59007,1044365,0,9
Railmaster Rocketspark,,3348,1138,54096,1044360,0,9
Borka the Brute,,3349,1138,59069,0,1,9
Solar Flare,,3350,967,54030,0,1,9
Brackenspore,,3351,1196,58539,1044342,0,65
Witherbark,,3360,1214,56613,1044381,0,9
Earthshaper Telu,,3361,1207,58016,0,1,9
Life Warden Gola,,3363,1207,57022,0,2,9
Xeri'tac,,3364,1209,58398,1044382,0,9
Yalnu,,3365,1210,57231,1044383,0,9
Tarlna the Ageless,,3366,1211,57232,1044371,0,9
Tectus,,3367,1195,54793,1044372,0,9
Kromog,,3369,1162,56214,1044353,0,69
Blackhand,,3370,959,53791,1044378,0,9
Dulhu,,3377,1207,59767,1053563,0,9
Drov the Ruiner,,3390,1291,58260,1044483,0,9
Frenzied Rumbler,,3391,1291,60733,0,1,9
Imperator Mar'gok,,3392,1197,54329,1044349,0,9
Ko'ragh,,3393,1153,54825,1044343,0,9
Cinder Wolf,,3394,1123,53450,0,2,9
Aknor Steelbringer,,3395,1123,53812,0,1,9
Giant Lasher,,3396,1211,60764,0,2,9
Untamed Mandragora,,3397,1211,55767,0,1,9
Aarux,,3398,1142,27683,607633,0,9
Mushlump,,3399,1143,52354,1064178,0,66
Death Speaker Blackthorn,,3400,1146,4644,607584,0,9
Amnennar the Coldbringer,,3401,1141,32610,607537,0,9
Ritual of Bones,,3402,1160,58273,0,1,9
Carrion Worm,,3403,1140,59296,0,1,92
Bonemaw,,3404,1140,59273,1044341,0,92
Nhallish,,3406,1168,59978,1053564,0,9
Mordresh Fire Eye,,3407,433,52739,607718,0,9
Kormrok,,3549,1392,61990,1134504,0,9
Tyrant Velhari,,3551,1394,62479,1134509,0,9
Mannoroth,,3552,1395,62410,1134505,0,9
Kilrogg Deadeye,,3553,1396,62425,1134503,0,9
Shadowfel Warden,,3606,1433,62227,0,2,9
Corrupted Priest of Terokk,,3607,1433,63003,0,3,9
Shadow-Lord Iskar,,3608,1433,61932,1134506,0,9
Illusionary Outcast,,3609,1433,63004,0,4,9
Fel Raven,,3610,1433,62494,0,1,9
Gurtogg Bloodboil,,3611,1432,62826,1134501,0,9
Blademaster Jubei'thos,,3612,1432,62815,0,1,9
Dia Darkwhisper,,3613,1432,63511,0,2,9
Iron Reaver,,3633,1425,61921,1134499,0,9
Hellfire Cannon,,3634,1426,63068,0,1,9
Siegemaster Mar'tak,,3635,1426,63404,1134502,0,9
Supreme Lord Kazzak,,3644,1452,64119,1134508,0,9
Archimonde,,3645,1438,62423,1134497,0,9
Fel Lord Zakuun,,3646,1391,61830,1134498,0,9
Gorefiend,,3647,1372,61913,1134500,0,9
Soulbound Construct,,3648,1427,61925,1134507,0,9
Xhul'horac,,3649,1447,63415,1134510,0,9
Residual Energy,Residual Energy is created whenever a player leaves the Shadow Realm and will fire off either Rings of Destruction or Wakes of Destruction.,3656,1391,64352,0,1,9
Warlord Parjesh,,3677,1480,65114,1410992,0,9
Hatecoil Shellbreaker,,3678,1480,20772,0,1,9
Hatecoil Crestrider,,3679,1480,60790,0,2,9
Serpentrix,,3693,1479,65110,1410978,0,91
Blazing Hydra Spawn,,3694,1479,65145,0,1,91
Arcane Hydra Spawn,,3695,1479,65146,0,2,91
Wrath of Azshara,,3696,1492,66741,1410993,0,9
Ash'Golm,,3700,1468,65155,1410937,0,9
"Ymiron, the Fallen King",,3707,1502,65079,1410995,0,65
Harbaron,,3721,1512,67556,1410956,0,65
Lucifron,,3733,1519,13031,1378993,0,9
Magmadar,,3734,1520,10193,1378995,0,9
Gehennas,,3735,1521,13030,1378976,0,9
Garr,,3736,1522,12110,1378975,0,9
Shazzrah,,3737,1523,13032,1379013,0,9
Baron Geddon,,3738,1524,12129,1378966,0,9
Flamewaker Priest,,3739,1525,12030,0,1,9
Sulfuron Harbinger,,3740,1525,13030,1379015,0,9
Golemagg the Incinerator,,3741,1526,11986,1378978,0,9
Majordomo Executus,,3742,1527,12029,1378998,0,9
Flamewaker Healer,,3743,1527,13029,0,1,9
Flamewaker Elite,,3744,1527,12002,0,2,9
Ragnaros,,3745,1528,11121,522261,0,225
Razorgore the Untamed,,3746,1529,10115,1379008,0,9
Vaelastrasz the Corrupt,,3747,1530,13992,1379022,0,9
Broodlord Lashlayer,,3748,1531,14308,1378968,0,9
Firemaw,,3749,1532,6377,1378973,0,9
Ebonroc,,3750,1533,6377,1378971,0,9
Flamegor,,3751,1534,6377,1378974,0,9
Chromaggus,,3752,1535,14367,1378969,0,9
Nefarian,,3753,1536,11380,1379001,0,9
Kurinnaxx,,3754,1537,15742,1385749,0,9
General Rajaxx,,3755,1538,15376,1385734,0,9
Moam,,3756,1539,15392,1385755,0,9
Buru the Gorger,,3757,1540,15654,1385723,0,9
Ayamiss the Hunter,,3758,1541,15431,1385718,0,9
Ossirian the Unscarred,,3760,1542,15432,1385759,0,9
The Prophet Skeram,,3761,1543,15345,1385769,0,9
Battleguard Sartura,,3762,1544,15583,1385720,0,9
Sartura's Royal Guard,,3765,1544,15465,0,1,9
Fankriss the Unyielding,,3766,1545,15743,1385728,0,9
Princess Huhuran,,3767,1546,15739,1385761,0,9
Princess Yauj,,3768,1547,15657,0,2,9
Vem,,3769,1547,15658,0,1,9
Lord Kri,,3770,1547,15656,1390436,0,9
Viscidus,,3771,1548,15686,1385771,0,9
Emperor Vek'lor,,3772,1549,15778,1390437,0,66
Emperor Vek'nilash,,3773,1549,15761,0,1,66
Ouro,,3774,1550,15509,1385760,0,87
C'Thun,,3775,1551,15556,1385726,0,9
Shadikith the Glider,,3776,1552,16053,0,1,9
Hyakiss the Lurker,,3777,1552,15938,0,2,9
Rokad the Ravager,,3778,1552,16054,1385766,0,9
Midnight,,3779,1553,19640,0,1,9
Attumen the Huntsman,,3780,1553,16416,1378965,0,9
Moroes,,3781,1554,16540,1378999,0,9
Maiden of Virtue,,3782,1555,16198,1378997,0,67
The Big Bad Wolf,,3783,1556,17053,1385758,0,9
The Crone,,3784,1556,17550,0,3,9
Romulo,,3785,1556,17067,0,1,9
Julianne,,3786,1556,17068,0,2,9
The Curator,,3787,1557,16958,1379020,0,9
Shade of Aran,,3789,1559,16621,1379012,0,9
Terestian Illhoof,,3790,1560,11343,1379017,0,9
Netherspite,,3791,1561,15363,1379002,0,9
Echo of Medivh,,3792,1562,18720,1385725,0,9
Prince Malchezaar,,3793,1563,19274,1379006,0,9
High King Maulgar,,3794,1564,18649,1378985,0,9
Krosh Firehand,,3795,1564,20194,0,4,9
Kiggler the Crazed,,3796,1564,12472,0,1,9
Blindeye the Seer,,3797,1564,11585,0,2,9
Olm the Summoner,,3798,1564,20195,0,3,9
Gruul the Dragonkiller,,3799,1565,18698,1378982,0,9
Hellfire Channeler,,3800,1566,9865,0,1,9
Magtheridon,,3801,1566,18527,1378996,0,9
Hydross the Unstable,,3802,1567,20162,1385741,0,9
The Lurker Below,,3803,1568,20216,1385768,0,88
Shadow of Leotheras,,3804,1569,20568,0,1,9
Leotheras the Blind,,3805,1569,20514,1385751,0,9
Fathom-Guard Sharkkis,,3806,1570,20671,0,1,9
Fathom-Guard Caribdis,,3807,1570,20672,0,3,9
Fathom-Guard Tidalvess,,3808,1570,20670,0,2,9
Fathom-Lord Karathress,,3809,1570,20662,1385729,0,9
Morogrim Tidewalker,,3810,1571,20739,1385756,0,9
Lady Vashj,,3811,1572,20748,1385750,0,9
Al'ar,,3812,1573,18945,1385712,0,9
Void Reaver,,3813,1574,18951,1385772,0,9
High Astromancer Solarian,,3814,1575,18239,1385739,0,9
Grand Astromancer Capernian,,3815,1576,20237,0,3,9
Lord Sanguinar,,3816,1576,20178,0,2,9
Master Engineer Telonicus,,3817,1576,20177,0,4,9
Kael'thas Sunstrider,,3818,1576,20023,607669,0,9
Thaladred the Darkener,,3819,1576,20236,0,1,9
Rage Winterchill,,3820,1577,17444,1385762,0,9
Anetheron,,3821,1578,21069,1385714,0,9
Kaz'rogal,,3822,1579,17886,1385745,0,9
Azgalor,,3823,1580,18526,1385719,0,9
Archimonde,,3824,1581,20939,1385716,0,9
High Warlord Naj'entus,,3825,1582,21174,1378986,0,9
Supremus,,3826,1583,21145,1379016,0,9
Shade of Akama,,3827,1584,21357,1379011,0,9
Gurtogg Bloodboil,,3829,1586,21443,1378983,0,9
Essence of Anger,,3830,1587,21484,0,2,9
Essence of Desire,,3831,1587,21485,0,1,9
Essence of Suffering,,3832,1587,21483,1385764,0,9
Mother Shahraz,,3833,1588,21252,1379000,0,9
Gathios the Shatterer,,3834,1589,21416,1385743,0,9
Veras Darkshadow,,3835,1589,21418,0,3,9
High Nethermancer Zerevor,,3836,1589,21417,0,1,9
Lady Malande,,3837,1589,21419,0,2,9
Illidan Stormrage,,3838,1590,21135,1378987,0,9
Kalecgos,,3839,1591,23345,1385744,0,9
Sathrovarr the Corruptor,,3840,1591,26628,0,1,9
Brutallus,,3841,1592,22711,1385722,0,9
Felmyst,,3842,1593,22838,1385730,0,9
Lady Sacrolash,,3843,1594,23177,0,1,9
Grand Warlock Alythess,,3844,1594,23334,1390438,0,9
M'uru,,3845,1595,23404,1385757,0,9
Entropius,,3846,1595,23428,0,1,9
Kil'jaeden,,3847,1596,23200,1385746,0,89
Teron Gorefiend,,3848,1585,21262,1379018,0,9
Archavon the Stone Watcher,,3849,1597,26967,1385715,0,64
Emalon the Storm Watcher,,3850,1598,27108,1385727,0,64
Koralon the Flame Watcher,,3851,1599,29524,1385748,0,64
Toravon the Ice Watcher,,3852,1600,31089,1385767,0,65
Anub'Rekhan,,3853,1601,15931,1378964,0,9
Grand Widow Faerlina,,3854,1602,15940,1378980,0,9
Maexxna,,3855,1603,15928,1378994,0,9
Noth the Plaguebringer,,3856,1604,16590,1379004,0,9
Heigan the Unclean,,3857,1605,16309,1378984,0,9
Loatheb,,3858,1606,16110,1378991,0,9
Death Knight Understudy,,3859,1607,16539,0,1,9
Instructor Razuvious,,3860,1607,16582,1378988,0,9
Gothik the Harvester,,3861,1608,16279,1378979,0,9
Lady Blaumeux,,3862,1609,16153,0,2,9
Baron Rivendare,,3863,1609,10729,1385732,0,9
Sir Zeliek,,3864,1609,16154,0,3,9
Thane Korth'azz,,3865,1609,16155,0,1,9
Patchwerk,,3866,1610,16174,1379005,0,9
Grobbulus,,3867,1611,16035,1378981,0,9
Gluth,,3868,1612,16064,1378977,0,9
Thaddius,,3869,1613,16137,1379019,0,64
Sapphiron,,3870,1614,16033,1379010,0,9
Kel'Thuzad,,3871,1615,15945,1378989,0,9
Shadron,,3872,1616,27421,0,2,9
Tenebron,,3873,1616,27082,0,1,9
Vesperon,,3874,1616,27039,0,3,9
Sartharion,,3875,1616,27035,1385765,0,9
Malygos,,3876,1617,26752,1385753,0,9
Acidmaw and Dreadscale,,3877,1618,29815,0,1,9
Gormok the Impaler,,3878,1618,29614,1390440,0,9
Icehowl,,3879,1618,21601,0,2,9
Wilfred Fizzlebang,,3880,1619,29814,0,1,9
Lord Jaraxxus,,3881,1619,29615,1385752,0,9
Shocuul,,3883,1620,29779,0,7,9
Anthar Forgemender,,3884,1620,29767,0,1,9
Serissa Grimdabbler,,3885,1620,29777,0,6,9
Irieth Shadowstep,,3886,1620,29776,0,3,9
Tyrius Duskblade,,3887,1620,29765,0,8,9
Noozle Whizzlestick,,3888,1620,29772,0,5,9
Melador Valestrider,,3892,1620,29780,0,4,9
Baelnor Lightbearer,,3893,1620,29774,0,2,9
Alyssia Moonstalker,,3895,1620,29770,1390442,0,9
Caiphus the Stern,,3897,1621,29783,0,2,9
Narrhok Steelbreaker,,3898,1621,29793,0,7,9
Ginselle Blightslinger,,3900,1621,29787,0,3,9
Maz'dinah,,3901,1621,29790,0,6,9
Gorgrim Shadowcleave,,3902,1621,29782,0,4,9
Vivienne Blackwhisper,,3905,1621,29791,0,9,9
Harkzog,,3906,1621,29792,0,5,9
Birana Stormhoof,,3907,1621,29781,1390441,0,9
Broln Stouthorn,,3908,1621,29784,0,1,9
Ruj'kah,,3909,1621,29786,0,8,9
Eydis Darkbane,,3910,1622,29267,0,1,9
Fjola Lightbane,,3911,1622,29240,1390443,0,9
Anub'arak,,3912,1623,29268,607542,0,9
Lord Marrowgar,,3913,1624,31119,1378992,0,9
Lady Deathwhisper,,3914,1625,30893,1378990,0,9
High Overlord Saurfang,,3915,1626,30416,1385737,0,9
Muradin Bronzebeard,,3916,1627,30508,1385736,0,9
Deathbringer Saurfang,,3917,1628,30790,1378970,0,9
Festergut,,3918,1629,31006,1378972,0,66
Rotface,,3919,1630,31005,1379009,0,66
Professor Putricide,,3920,1631,30881,1379007,0,9
Prince Taldaram,,3921,1632,30856,0,2,9
Prince Valanar,,3922,1632,30858,1385721,0,9
Prince Keleseth,,3923,1632,30857,0,1,9
Blood-Queen Lana'thel,,3924,1633,31165,1378967,0,9
Valithria Dreamwalker,,3925,1634,30318,1379023,0,9
Sindragosa,,3926,1635,30362,1379014,0,9
The Lich King,,3927,1636,30721,607688,0,9
Flame Leviathan,,3928,1637,28875,1385731,0,9
Ignis the Furnace Master,,3929,1638,29185,1385742,0,64
Razorscale,,3930,1639,28787,1385763,0,9
XT-002 Deconstructor,,3931,1640,28611,1385773,0,9
Stormcaller Brundir,,3932,1641,28324,0,2,9
Steelbreaker,,3933,1641,28344,1390439,0,65
Runemaster Molgeim,,3934,1641,28381,0,1,66
Kologarn,,3935,1642,28638,1385747,0,90
Auriaya,,3936,1643,28651,1385717,0,67
Hodir,,3937,1644,28743,1385740,0,65
Sif,,3938,1645,28488,0,1,67
Thorim,,3939,1645,28977,1385770,0,65
Elder Stonebark,,3940,1646,29176,0,3,9
Freya,,3941,1646,28777,1385733,0,67
Elder Brightleaf,,3942,1646,29174,0,1,9
Elder Ironbranch,,3943,1646,29175,0,2,64
Mimiron,,3944,1647,28578,1385754,0,9
General Vezax,,3945,1648,28548,1385735,0,9
Yogg-Saron,,3946,1649,28817,1385774,0,9
Algalon the Observer,,3947,1650,28641,1385713,0,9
Onyxia,,3948,1651,8570,1379025,0,9
Halion,,3949,1652,31952,1385738,0,9
Rokmora,,3962,1662,62386,1410976,0,9
Helya,,3963,1663,65043,1410957,0,9
Cordana,,3964,1470,66480,1410942,0,9
Ularogg Cragshaper,,3965,1665,62390,1410990,0,93
Ursoc,,3967,1667,66676,1410991,0,9
Nightmare Egg,,3974,1656,60365,0,1,9
Naraxas,,3976,1673,62391,1410971,0,9
Mindflayer Kaahrj,,3991,1686,67433,1410969,0,9
Dargrul,,3992,1687,62392,1410944,0,9
Millificent Manastorm,,3993,1688,67422,1410968,0,9
Festerface,,4001,1693,31006,1410950,0,66
Sael'orn,,4003,1697,67636,1410977,0,9
Phase Spider,,4004,1697,65920,0,1,9
Blood-Princess Thal'ena,,4011,1702,67638,1410938,0,9
Nythendra,,4012,1703,67904,1410972,0,9
Taerar,,4013,1704,67745,0,3,9
Emeriss,,4014,1704,67747,0,1,9
Ysondre,,4015,1704,67748,1410945,0,9
Lethon,,4016,1704,67749,0,2,9
Fel Lord Betrug,,4025,1711,67324,1410948,0,9
Xavius,,4044,1726,65636,1410994,0,64
Corruption Horror,,4045,1726,68390,0,1,9
Trilliax,,4054,1731,68567,1410989,0,9
Oakheart,,4055,1655,68127,1410973,0,9
Gul'dan,,4062,1737,68500,1410955,0,9
Inconceivable Horrors,,4064,1726,69215,0,2,9
Lurking Terror,,4065,1726,68972,0,3,9
Nightmare Tentacle,,4067,1726,69120,0,4,9
Elisande,,4075,1743,69082,1410954,0,9
Nithogg,,4083,1749,69816,1411029,0,9
Cenarius,,4084,1750,68656,1410940,0,9
Malfurion Stormrage,,4085,1750,70004,0,1,9
Fiery Enchantment,,4086,1751,1204,0,2,9
Icy Enchantment,,4087,1751,69885,0,1,9
Arcane Enchantment,,4088,1751,70177,0,3,9
Spellblade Aluriel,,4089,1751,68819,1410983,0,9
Lord Kur'talos Ravencrest,,4102,1672,64656,1410967,0,9
Smashspite the Hateful,,4103,1664,65304,1410982,0,9
Illysanna Ravencrest,,4104,1653,65951,1410961,0,9
Amalgam of Souls,,4105,1518,65837,1410986,0,9
Advisor Melandrus,,4106,1720,67346,1410933,0,9
Talixae Flamewreath,,4107,1719,69267,1410985,0,9
Patrol Captain Gerdo,,4108,1718,68521,1410975,0,9
Shade of Xavius,,4109,1657,68730,1410979,0,9
Dresaron,,4110,1656,69096,1410946,0,9
King Deepbeard,,4111,1491,67254,1410964,0,9
Lady Hatecoil,,4112,1490,66397,1410966,0,9
Odyn,,4113,1489,67230,1410974,0,66
God-King Skovald,,4114,1488,65873,1410953,0,9
Fenryr,,4115,1487,64466,1410949,0,9
Hyrja,,4116,1486,65076,1410959,0,9
Hymdall,,4117,1485,67773,1410958,0,65
Advisor Vandros,,4118,1501,65794,1410934,0,9
Nal'tira,,4119,1500,65793,1410970,0,9
General Xakal,,4120,1499,65792,1410951,0,9
Corstilax,,4121,1498,65791,1410943,0,9
Ivanyr,,4122,1497,65741,1410963,0,9
Anub'esset,,4123,1696,67630,1410935,0,9
Shivermaw,,4124,1694,27767,1410980,0,86
Inquisitor Tormentorum,,4125,1695,64719,1410962,0,9
Glazer,,4126,1469,66204,1410952,0,9
Tirathon Saltheril,,4127,1467,65074,1410988,0,9
Elerethe Renferal,,4128,1744,69474,1410947,0,9
Il'gynoth,,4129,1738,69115,1410960,0,64
Chronomatic Anomaly,,4130,1725,68970,1410941,0,9
Krosus,,4131,1713,68323,1410965,0,69
Skorpyron,,4132,1706,67087,1410981,0,9
Star Augur Etraeus,,4133,1732,68378,1410984,0,9
Nightmare Horror,,4134,1738,69231,0,1,64
Dominator Tentacle,,4135,1738,69882,0,4,67
Deathglare Tentacle,,4136,1738,69881,0,3,67
Nightmare Ichor,,4137,1738,69925,0,5,63
Corruptor Tentacle,,4138,1738,69880,0,2,67
Shar'thos,,4139,1763,70659,1411030,0,9
Echo of Medivh,,4140,1764,18720,1385724,0,9
Calamir,,4151,1774,70975,1411024,0,65
Nightmare Abomination,,4158,1654,69455,0,1,9
Na'zak the Fiend,,4165,1783,71534,1411028,0,64
Tichondrius,,4173,1762,68320,1410987,0,63
High Botanist Tel'arn,,4174,1761,68963,1410939,0,9
Naturalist Tel'arn,,4175,1761,70824,0,1,9
Solarist Tel'arn,,4176,1761,70822,0,2,9
Hatespawn Whelpling,,4183,1656,69908,0,2,9
Ana-Mouz,,4184,1790,71277,1411023,0,64
Drugon the Frostblood,,4185,1789,68225,1411025,0,66
Reaver Jdorn,,4186,1756,62703,0,2,9
Soultrapper Mevra,,4187,1756,69803,1411031,0,66
Captain Hring,,4188,1756,69849,0,1,9
Fel Enchantment,,4189,1751,69906,0,4,9
Dread Abomination,,4190,1726,69684,0,5,9
Withered J'im,,4191,1796,67466,1472455,0,67
Humongris,,4198,1770,67258,1411026,0,64
Levantus,,4199,1769,70946,1411027,0,65
Destructor Tentacle,,4200,1663,66346,0,2,9
Grasping Tentacle,,4201,1663,66618,0,1,9
Flotsam,,4202,1795,66811,1472454,0,64
Shade of Medivh,,4227,1817,18718,1536496,0,9
Odyn,,4228,1819,67230,1410974,0,66
Mana Devourer,,4230,1818,73157,1536492,0,9
Elfyra,,4231,1820,17550,1536495,0,9
Galindre,,4232,1820,73156,0,1,9
Winged Assistant,,4234,1820,73262,0,2,9
Maiden of Virtue,,4241,1825,16198,1378997,0,67
Mrrgria,,4242,1826,73161,0,1,9
Toe Knee,,4243,1826,73159,1536494,0,9
Mrs. Cauldrons,,4244,1827,73301,0,2,9
Coggleston,,4245,1827,73202,1536493,0,9
Luminore,,4246,1827,65104,0,1,9
Babblet,,4247,1827,73203,0,3,9
Helya,,4249,1829,65043,1410957,0,68
Arcanist Tel'arn,,4250,1761,70823,0,3,9
Guarm,,4251,1830,70104,1536491,0,9
Recursive Elemental,,4252,1743,55131,0,1,9
Expedient Elemental,,4253,1743,55143,0,2,9
Fragmented Time Particle,,4254,1725,55561,0,2,9
Waning Time Particle,,4255,1725,68616,0,1,9
Archdruid Glaidalis,,4256,1654,69815,1410936,0,67
Attumen the Huntsman,,4263,1835,73162,1536490,0,9
Midnight,,4264,1835,73160,0,1,9
Moroes,,4265,1837,16540,1378999,0,9
Viz'aduum the Watcher,,4273,1838,73709,1536497,0,9
Harjatan,,4292,1856,74020,1579940,0,9
The Curator,,4300,1836,16958,1379020,0,9
Mistress Sassz'ine,,4301,1861,74287,1579939,0,9
Atrigan,,4311,1867,74282,1579936,0,70
Belac,,4312,1867,74283,0,1,65
Recursive Elemental,,4319,1872,55131,0,1,9
Expedient Elemental,,4320,1872,55143,0,2,9
Elisande,,4321,1872,69082,1410954,0,9
Fallen Avatar,,4322,1873,74497,1579932,0,65
Maiden of Valor,,4323,1873,74498,0,1,67
Razorjaw Gladiator,,4330,1856,5306,0,2,9
Darkscale Taskmaster,,4331,1856,74438,0,3,9
Razorjaw Wavemender,,4332,1856,5286,0,1,9
Mephistroth,,4333,1878,74426,1579938,0,9
Brutallus,,4340,1883,66677,1385722,0,63
Malificus,,4341,1884,63619,1579937,0,63
Si'vash,,4342,1885,74528,1579941,0,9
Goroth,,4344,1862,74493,1579934,0,63
Maiden of Vigilance,,4351,1897,74875,1579933,0,66
Engine of Souls,,4358,1896,74496,1579943,0,9
Soul Queen Dejahna,,4359,1896,74861,0,1,67
Huntress Kasparian,,4360,1903,74874,1579935,0,67
Priestess Lunaspyre,,4361,1903,74775,0,2,67
Captain Yathae Moonstrike,,4362,1903,74748,0,1,67
Agronox,,4364,1905,74482,1579930,0,9
Thrashbite the Scornful,,4365,1906,78445,1579942,0,9
The Desolate Host,,4372,1896,75045,0,2,9
Apocron,,4417,1956,67647,1134499,0,65
Moontalon,,4418,1903,75101,0,3,9
Domatrax,,4445,1904,76609,1579931,0,9
Kil'jaeden,,4446,1898,74504,1385746,0,9
Varimathras,,4453,1983,76327,1715223,0,9
Aggramar,,4454,1984,76570,1715207,0,9
"Asara, Mother of Night",,4455,1986,76917,0,1,66
"Diima, Mother of Gloom",,4456,1986,76918,0,2,9
"Noura, Mother of Flames",,4457,1986,76919,1715222,0,9
Garothi Worldbreaker,,4468,1992,76534,1715210,0,65
F'harg,,4469,1987,77004,1715209,0,71
Shatug,,4470,1987,76990,0,1,71
L'ura,,4477,1982,76770,1715214,0,9
Admiral Svirax,,4480,1997,78817,1715225,0,9
Chief Engineer Ishkar,,4481,1997,76921,0,1,9
Zuraal the Ascended,,4489,1979,77626,1715226,0,9
Viceroy Nezhar,,4490,1981,76614,1715224,0,9
Darkfang,,4491,1980,76602,0,1,9
Saprish,,4492,1980,76771,1715220,0,9
Garothi Demolisher,,4499,2004,77748,0,3,65
Garothi Annihilator,,4500,2004,77295,0,1,65
Garothi Decimator,,4501,2004,77299,0,2,65
Portal Keeper Hasabel,,4508,1985,78229,1715219,0,9
Matron Folnuna,,4509,2010,72943,1715215,0,64
Mistress Alluradel,,4510,2011,78119,1715216,0,9
Inquisitor Meto,,4511,2012,76271,1715212,0,9
Occularus,,4512,2013,65156,1715217,0,64
Greater Rift Warden,,4515,1982,76471,0,1,9
Waning Void,,4516,1982,29209,0,2,9
Kin'garoth,,4517,2004,54860,1715213,0,64
Shadewing,,4530,1980,78427,0,2,9
"Thu'raya, Mother of the Cosmos",,4537,1986,78463,0,3,66
General Erodus,,4556,1997,76922,0,2,9
Sotanathor,,4561,2014,62714,1715221,0,70
Pit Lord Vilemus,,4562,2015,78146,1715218,0,63
Imonar the Soulhunter,,4563,2009,78031,1715211,0,70
Essence of Eonar,,4564,2025,79794,1715208,0,67
Dark Aberration,,4565,1979,19634,0,1,9
Argus the Unmaker,,4566,2031,78709,1715536,0,70
Priestess Alun'za,,4603,2082,80293,1778348,0,9
Rezan,,4604,2083,78188,1778349,0,9
Ancient Bones,,4605,2083,33733,0,1,9
Captain Eudora,,4620,2093,80346,1778346,0,9
Captain Jolly,,4621,2093,80532,0,1,9
Harlan Sweete,,4623,2095,80008,1778347,0,9
Vol'kaal,,4624,2036,79453,1778352,0,9
Yazma,,4625,2030,79568,1778353,0,9
Skycap'n Kragg,,4628,2102,80382,1778351,0,9
Shark Bait,,4629,2102,80438,0,1,9
Felguard,,4636,2025,9018,0,1,65
Fel Lord,,4637,2025,77321,0,5,65
Fel-Charged Obfuscator,,4638,2025,62227,0,2,64
Fel Hound,,4639,2025,70435,0,4,9
Fel-Infused Destructor,,4640,2025,79610,0,6,65
Volant Kerapteron,,4641,2025,65202,0,3,9
Shark Puncher,,4642,2094,55657,1778350,0,9
The Sand Queen,,4649,2097,82983,2176753,0,9
Jes Howlis,,4650,2098,81739,2176733,0,9
Knight Captain Valyri,,4651,2099,81498,2176735,0,9
Captain Raoul,,4653,2093,81060,0,2,9
Sporecaller Zancha,,4666,2130,81977,2176748,0,9
Cragmaw the Infested,,4667,2131,82072,2176719,0,9
Sister Solena,,4669,2125,82071,0,2,64
Sister Malady,,4670,2125,81999,0,1,64
Sister Briar,,4671,2125,81996,2176732,0,64
Sergeant Bainbridge,,4672,2133,84382,2176746,0,9
Lord Waycrest,,4673,2128,83349,2176736,0,64
Lady Waycrest,,4674,2128,87188,0,1,9
Soulbound Goliath,,4675,2126,79398,2176747,0,64
Hadal Darkfathom,,4676,2134,67541,2176730,0,9
T'zane,,4683,2139,82592,2176755,0,9
Ji'arak,,4688,2141,82392,2176734,0,9
Ji'arak Broodling,,4689,2141,76910,0,1,9
Fetid Devourer,,4694,2146,82831,2176725,0,9
Aqu'sirr,,4702,2153,85628,2176712,0,9
Galecaller Faye,,4703,2154,83273,0,1,9
Brother Ironhull,,4704,2154,84679,2176754,0,9
Lord Stormsong,,4706,2155,80996,2176737,0,9
Vol'zith the Whisperer,,4707,2156,84370,2176759,0,9
Elder Leaxa,,4708,2157,82394,2176724,0,9
Adderis,,4710,2142,80545,2176710,0,9
Aspix,,4711,2142,80566,0,1,9
Raal the Gluttonous,,4714,2127,83656,2176744,0,64
Wasting Servant,,4715,2127,82873,0,1,9
Merektha,,4725,2143,88585,2176739,0,9
Venomous Ophidian,,4727,2143,78250,0,1,9
Galvazzt,,4728,2144,81654,2176727,0,9
Deathtouched Slaver,,4730,2129,85978,0,1,9
Zek'voz,,4731,2169,85193,2176761,0,9
Silithid Warrior,,4732,2169,75705,0,1,9
Nerubian Voidweaver,,4733,2169,24130,0,2,9
Remnant of Corruption,,4734,2167,69925,0,1,9
G'huun,,4735,2147,84102,2176728,0,9
Heart Guardian,,4738,2145,84761,0,2,9
Hoodoo Hexxer,,4739,2145,84676,0,1,9
Avatar of Sethraliss,,4740,2145,83203,2176713,0,9
Blightspreader Tendril,,4747,2147,84808,0,1,91
Cyclopean Terror,,4748,2147,83793,0,2,91
Dark Young,,4749,2147,85632,0,3,9
Taloc,,4757,2168,85386,2176749,0,64
Volatile Droplet,,4771,2168,33006,0,1,9
Plague Doctor,,4772,2145,86210,0,3,9
Coalesced Blood,,4773,2168,84871,0,2,9
Hailstone Construct,,4774,2197,80964,2176731,0,9
Azurethos,,4775,2199,58717,2176716,0,9
Lion's Shieldbearer,,4792,2212,85590,0,2,9
The Lion's Roar,,4793,2212,85236,2176752,0,9
Lion's Engineer,,4794,2212,85574,0,1,9
Lion's Warcaster,,4795,2212,85591,0,3,9
Doom's Howl,,4796,2213,85735,2176721,0,9
Doom's Howl Warcaster,,4797,2213,85738,0,3,9
Doom's Howl Engineer,,4798,2213,85736,0,1,9
Doom's Howl Dreadshield,,4799,2213,85737,0,2,9
Dunegorger Kraulok,,4800,2210,86780,2176723,0,9
Ravenous Ranishu,,4801,2210,76382,0,1,9
Azerokk,,4802,2114,83891,2176714,0,9
Coin-Operated Crowd Pummeler,,4803,2109,80443,2176718,0,9
Rixxa Fluxflame,,4804,2115,81489,2176745,0,9
Mogul Razdunk,,4805,2116,81816,2176740,0,9
Bloodthirsty Crawg,,4900,2195,78853,0,3,9
Zul,,4901,2195,84351,2176762,0,9
Nazmani Bloodhexer,,4902,2195,86108,0,2,9
Nazmani Crusher,,4903,2195,86102,0,1,9
The Golden Serpent,,4904,2165,84202,2176751,0,9
Mchimba the Embalmer,,4905,2171,83529,2176738,0,9
Kula the Butcher,,4906,2170,84272,0,2,9
Aka'ali the Conqueror,,4907,2170,84269,2176750,0,9
Zanazal the Wise,,4908,2170,84271,0,1,9
King Dazar,,4909,2172,84352,2176720,0,9
Corruption Corpuscle,,4916,2146,86494,0,1,9
Chopper Redhook,,4917,2132,84821,2176717,0,9
Dread Captain Lockwood,,4918,2173,88579,2176722,0,9
Unbound Abomination,,4919,2158,86632,2176756,0,9
Overseer Korgus,,4920,2096,81505,2176743,0,9
Gorak Tul,,4921,2129,85983,2176729,0,66
Warbringer Yenajz,,4922,2198,84332,2176760,0,9
MOTHER,,4923,2167,85630,2176741,0,67
Vectis,,4924,2166,85116,2176757,0,9
Mythrax the Unraveler,,4925,2194,84615,2176742,0,9
Bile Oozeling,,4926,2127,75044,0,2,9
Sand-crusted Striker,,4927,2143,78247,0,2,9
Resistant Bacterium,,4928,2167,84871,0,2,9
Viral Contagion,,4929,2167,81077,0,3,9
Viq'Goth,,4936,2140,87990,2176758,0,9
Grong,,4938,2325,88863,2497783,0,9
Apetagonizer 3000,,4939,2325,29080,0,2,9
Ivus the Forest Lord,,4941,2329,88956,2497782,0,9
Frida Ironbellows,,4942,2333,88795,2497778,0,9
Anointed Disciple,,4943,2333,89232,0,1,9
Darkforged Crusader,,4944,2333,89233,0,2,9
Headhunter Gal'wana,,4948,2335,48525,0,3,9
Siegebreaker Roka,,4949,2335,82629,0,4,9
Bwonsamdi,,4950,2335,75961,0,1,9
King Rastakhan,,4951,2335,89115,2497784,0,9
Rastari Honorguard,,4952,2335,79770,0,5,9
Prelate Za'lan,,4953,2335,83392,0,2,9
Brother Joseph,,4956,2337,89306,0,2,9
Sister Katherine,,4958,2337,89304,0,1,9
Laminaria,,4959,2337,90322,2497786,0,9
Grong the Revenant,,4966,2340,89250,2497780,0,9
Death Specter,,4967,2340,89722,0,1,9
Rezani Disciple,,4971,2344,89804,0,1,9
Ra'wani Kanae,,4972,2344,88796,2497789,0,9
Zandalari Crusader,,4973,2344,89805,0,2,9
Ivus the Decayed,,4975,2345,89962,2497781,0,9
Uu'nat,,4976,2332,88864,2497794,0,9
Fa'thuul the Feared,,4977,2328,89415,0,1,9
Zaxasj the Speaker,,4978,2328,88850,2497795,0,9
High Tinker Mekkatorque,,4979,2334,7006,2497788,0,9
Spark Bot,,4980,2334,28573,0,1,9
Explosive Sheep,,4981,2334,3886,0,2,9
Lady Jaina Proudmoore,,4982,2343,87892,2497785,0,9
Flying Ape Wranglers,,4985,2325,89712,0,1,9
Opulence,,4986,2342,89251,2497790,0,9
Manceroy Flamefist,,4987,2341,89012,2529383,0,9
Mestrah,,4988,2341,89013,0,1,9
Ma'ra Grimfang,,4989,2323,89008,2497787,0,9
Anathos Firecaller,,4990,2323,89010,0,1,9
Pa'ku's Aspect,,4991,2330,89050,2497779,0,9
Kimbul's Aspect,,4992,2330,89053,0,2,9
Akunda's Aspect,,4993,2330,89052,0,3,9
Gonk's Aspect,,4994,2330,89051,0,1,9
Za'qul,,4996,2349,90895,3012064,0,268
Orgozoa,,4999,2351,91613,3012054,0,9
Zoatroid,,5000,2351,90987,0,1,9
Abyssal Commander Sivara,,5004,2352,91072,3012047,0,9
King Gobbamak,,5008,2357,90502,3012050,0,9
Scrapbone Scavenger,,5009,2357,4905,0,1,9
Stolen Shock Coil,,5010,2357,91082,0,3,9
Stolen Scrap Bot,,5011,2357,90821,0,2,9
Gunker,,5016,2358,91907,3012048,0,9
Squirt Bot,,5017,2358,91631,0,1,9
King Mechagon,,5020,2331,91120,3012051,0,9
Head Machinist Sparkflux,,5021,2348,23397,3012053,0,9
The Platinum Pummeler,,5022,2336,91216,3012060,0,9
Gnomercy 4.U.,,5023,2336,91879,0,1,9
K.U.-J.0.,,5024,2339,90775,3012052,0,9
Silivaz the Zealous,,5025,2359,92223,3012057,0,9
Pashmar the Fanatical,,5026,2359,91617,0,1,9
Cyranus,,5027,2361,91697,0,2,9
Aethanel,,5028,2361,91696,0,1,9
Azshara's Devoted,,5030,2361,92040,0,4,9
Tidemistress,,5031,2361,91726,0,6,9
Overzealous Hulk,,5032,2361,80968,0,3,9
Queen Azshara,,5033,2361,86567,3012056,0,9
Loyal Myrmidon,,5034,2361,91759,0,7,9
Horrific Summoner,,5035,2349,32501,0,1,9
Horrific Vision,,5036,2349,92608,0,2,9
Unleashed Nightmare,,5037,2349,80423,0,3,64
First Arcanist Thalyssra,,5038,2349,67345,0,4,274
Ulmath,,5039,2362,90989,3012061,0,9
Moon Priestess Liara,,5040,2362,91569,0,1,9
Guardian Tannin,,5041,2362,91573,0,2,9
Azshara's Indomitable,,5042,2361,92328,0,5,9
Blackwater Behemoth,,5043,2347,91379,3012062,0,9
Radiance of Azshara,,5044,2353,89445,3012058,0,9
Lady Ashvane,,5045,2354,91478,3012055,0,9
Trixie Tazer,,5046,2360,92001,3012059,0,9
Naeno Megacrash,,5047,2360,92000,0,1,9
HK-8 Aerial Oppression Unit,,5048,2355,92099,3012049,0,9
Wekemara,,5049,2363,92425,3012063,0,9
Spawn of Wekemara,,5050,2363,91872,0,1,9
Azsh'ari Witch,,5051,2351,91258,0,3,9
Dreadcoil Hulk,,5052,2351,74020,0,4,9
Zanj'ir Myrmidon,,5053,2351,91317,0,2,9
Mechacycle,,5054,2360,91634,0,2,9
Maut,,5062,2365,92912,3256380,0,9
Fury of N'Zoth,,5063,2366,94720,3256376,0,9
Vexiona,,5066,2370,92621,3257677,0,86
Sinister Soulcarver,,5067,2370,93182,0,3,9
Fanatical Cultist,,5068,2370,93176,0,1,338
Spellbound Ritualist,,5069,2370,93187,0,2,67
Void Ascendant,,5070,2370,92689,0,5,337
Tek'ris,,5071,2372,92756,0,1,9
Ka'zir,,5072,2372,93287,3256378,0,9
Aqir Darter,,5073,2372,91810,0,2,9
Aqir Drone,,5074,2372,92906,0,3,9
Dark Manifestation,,5075,2365,93869,0,1,9
Prophet Skitra,,5079,2369,93448,3256384,0,64
"N'Zoth, the Corruptor",,5080,2375,93507,3256381,0,333
Queen Azshara,,5082,2377,86567,0,1,64
Dark Inquisitor Xanesh,,5084,2377,93159,3256386,0,330
Shad'har the Insatiable,,5086,2367,19368,3256383,0,9
Blood of Ny'alotha,,5087,2374,69925,0,2,9
Organ of Corruption,,5088,2374,93504,0,1,334
Growth-Covered Tentacle,,5089,2366,93931,0,2,335
Synthesis Growth,,5090,2366,93174,0,5,64
Horrific Hemorrhage,,5091,2366,93200,0,3,64
Mycelial Cyst,,5092,2366,93171,0,6,64
Nightmare Antigen,,5093,2366,92610,0,4,9
Gaze of Madness,,5094,2366,90717,0,1,336
Aqir Ravager,,5097,2372,85193,0,4,64
Grand Empress Shek'zara,,5098,2378,92227,3284400,0,9
Zara'thik Swarmguard,,5101,2378,86379,0,1,9
Zara'thik Ambershaper,,5102,2378,86376,0,2,9
Aqir Scarab,,5104,2381,92906,0,1,9
Vuk'laz the Earthbreaker,,5105,2381,85193,3284401,0,9
Image of Absolution,,5106,2369,94424,0,1,64
Ra-den,,5108,2364,93871,3256382,0,65
Crackling Stalker,,5109,2364,65631,0,1,9
Maw of Drest'agath,,5110,2373,93542,0,2,336
Eye of Drest'agath,,5111,2373,93541,0,3,336
Drest'agath,,5112,2373,93543,3256377,0,331
Tentacle of Drest'agath,,5113,2373,94583,0,1,335
Thrashing Tentacle,,5114,2366,94788,0,7,335
Iron-Willed Enforcer,,5115,2370,93738,0,4,338
Wrathion,,5118,2368,93334,3256385,0,86
Il'gynoth,,5119,2374,93513,3256379,0,332
Kryxis the Voracious,,5132,2388,93853,3753153,0,64
Void Hunter,,5133,2364,60652,0,2,9
Kul'tharok,,5134,2389,96088,3753154,0,9
"Amarth, The Harvester",,5135,2391,95231,3753146,0,67
Reanimated Mage,,5136,2391,96062,0,3,67
Reanimated Warrior,,5137,2391,96060,0,2,67
Bonefang,,5138,2391,94926,0,1,9
Stitchflesh's Creation,,5140,2392,94046,0,1,9
Paceran the Virulent,,5144,2397,96503,0,1,9
Sathel the Accursed,,5145,2397,94780,0,2,67
Dessia the Decapitator,,5146,2397,96820,3752153,0,67
Xav the Unfallen,,5147,2390,95439,3752199,0,64
Xy'exa,,5148,2398,93596,3753147,0,361
Droman Oulfarran,,5149,2400,95564,0,1,66
Ingra Maloch,,5150,2400,95497,3753152,0,67
Gorechop,,5152,2401,95106,3752169,0,9
Azules,,5153,2399,93471,3752177,0,9
Kin-Tara,,5154,2399,95068,0,1,65
Doctor Ickus,,5156,2403,96919,3752162,0,9
Margrave Stradama,,5157,2404,95794,3752180,0,9
Tred'ova,,5158,2405,95809,3752194,0,9
Halkias,,5159,2406,94941,3752171,0,65
General Kaal,,5160,2407,95721,3752167,0,358
Hakkar the Soulflayer,,5162,2408,95484,3752170,0,9
Millhouse Manastorm,,5163,2409,68818,0,1,9
Millificent Manastorm,,5164,2409,67422,3752193,0,9
High Adjudicator Aleez,,5166,2411,94503,3753150,0,355
Ghastly Parishioner,,5168,2411,90425,0,1,9
Ventunax,,5170,2416,92193,3752198,0,9
Mordretha,,5171,2417,96078,3752182,0,86
Echelon,,5172,2387,95060,3752165,0,358
Artificer Xy'Mox,,5173,2418,95375,3752156,0,362
Fleeting Manifestation,,5174,2415,94279,0,1,9
Executor Tarvold,,5175,2415,96156,3753148,0,9
Globgrog,,5176,2419,95844,3752168,0,66
Slimy Morsel,,5177,2419,96635,0,1,9
Soul Infuser,,5178,2422,95921,0,6,355
Vile Occultist,,5179,2422,95922,0,5,355
Rockbound Vanquisher,,5180,2422,95923,0,3,358
Shade of Kael'thas,,5181,2422,94481,0,1,9
Kael'thas Sunstrider,,5182,2422,94482,3753157,0,9
Domina Venomblade,,5184,2423,96475,3752163,0,9
Sire Denathrius,,5185,2424,92797,3752159,0,63
Reanimated Crossbowman,,5186,2391,96114,0,4,67
Surgeon Stitchflesh,,5187,2392,96477,3753158,0,9
Vessel of Atonement,,5188,2411,96296,0,2,9
Blightbone,,5189,2395,95467,3752157,0,9
Carrion Worm,,5190,2395,15963,0,1,9
Nalthor the Rimebinder,,5192,2396,96085,3753155,0,9
Zolramus Siphoner,,5193,2396,94091,0,1,67
Bleakwing Assassin,,5194,2422,96609,0,4,358
Pestering Fiend,,5195,2422,94498,0,7,9
High Torturor Darithos,,5196,2422,96156,0,2,9
Shriekwing,,5197,2393,95719,3752190,0,9
Crimson Cabalist,,5198,2424,93611,0,2,355
General Kaal,,5200,2425,95721,3753156,0,358
Baroness Frieda,,5201,2426,96836,0,1,355
Castellan Niklaus,,5202,2426,96835,3753159,0,355
Lord Stavros,,5203,2426,96837,0,2,355
Remornia,,5204,2424,96665,0,1,357
Hungering Destroyer,,5205,2428,94223,3752174,0,66
Mueh'zala,,5206,2410,96358,3752184,0,66
Veteran Stoneguard,,5207,2426,96708,0,3,9
Begrudging Waiter,,5208,2426,96005,0,4,9
Sludgefist,,5209,2394,95623,3752191,0,66
Grand Proctor Beryllia,,5210,2421,94781,3753149,0,355
Oryphrion,,5211,2414,93502,3752189,0,64
Devos,,5212,2412,95665,3752160,0,65
Lord Chamberlain,,5213,2413,95103,3752179,0,355
Brood Assassin,,5214,2423,96434,0,1,9
Oozing Leftovers,,5216,2401,94761,0,1,9
Hecutis,,5220,2429,95540,0,3,9
Bargast,,5221,2429,95538,0,2,9
Huntsman Altimor,,5222,2429,95643,3753151,0,355
Margore,,5223,2429,95539,0,1,9
Lady Inerva Darkvein,,5224,2420,96806,3752178,0,356
Slimy Smorgasbord,,5225,2419,95790,0,2,9
Valinor,,5226,2430,93501,3752195,0,65
Mortanis,,5227,2431,94814,3752183,0,360
Oranomonos the Everbranching,,5228,2432,98240,3752188,0,65
Nurgash Muckformed,,5229,2433,96694,3752187,0,65
Stone Legion Goliath,,5230,2425,95707,0,3,9
Stone Legion Commando,,5231,2425,96699,0,2,9
Mistcaller,,5232,2402,96451,3752181,0,9
General Grashaal,,5233,2425,98156,0,1,9
The Tarragrue,,5234,2435,99060,4071444,0,9
Zo'phex,,5236,2437,98515,4071449,0,9
Hylbrande,,5240,2448,70368,4071429,0,65
Timecap'n Hooktail,,5241,2449,100063,4071446,0,9
Sylvanas Windrunner,,5243,2441,95032,4071443,0,9
Spiked Ball,,5248,2443,100531,0,1,64
Achillite,,5249,2454,92534,0,1,64
Alcruux,,5250,2454,94225,4071447,0,64
Venza Goldfuse,,5251,2454,100564,0,2,9
Orb of Torment,,5253,2444,100681,0,1,478
Rattlecage of Agony,,5256,2444,106463,0,4,478
Malicious Gauntlets,,5257,2444,106461,0,3,478
Helm of Suffering,,5258,2444,106462,0,2,478
Painsmith Raznal,,5259,2443,100920,4079051,0,9
Soulrender Dormazain,,5261,2445,100569,4071442,0,9
Skyja,,5263,2439,100851,0,2,9
Signe,,5264,2439,100853,0,1,9
Kyra,,5265,2439,100852,4071445,0,9
Soul Reaver,,5266,2440,90017,0,1,9
Frostbound Devoted,,5267,2440,96988,0,2,9
Kel'Thuzad,,5268,2440,96238,4071435,0,9
Unstoppable Abomination,,5269,2440,96437,0,3,9
Remnant of Kel'Thuzad,,5270,2440,28934,0,4,9
Corsair Brute,A slow but strong brute of Timecap'n Hooktail's crew. Will slowly chase after players until sped up by Hooktail's |cFF2959D3|Hspell:350517|h[Time Warp]|h|r,5271,2449,81324,0,1,9
Mawsworn Agonizer,,5272,2445,101110,0,1,9
Mawsworn Overlord,,5273,2445,101000,0,2,9
Vault Purifier,,5274,2448,100495,0,1,66
So'leah,,5275,2455,100737,4071441,0,361
P.O.S.T. Master,,5276,2436,100722,4071438,0,9
Zo'gron,,5277,2452,100497,4071448,0,361
So'azmi,,5278,2451,99094,4071440,0,362
Eye of the Jailer,,5279,2442,100237,4071426,0,9
Remnant of Ner'zhul,,5280,2444,101216,4071439,0,63
Guardian of the First Ones,,5281,2446,101174,4071428,0,9
Fatescribe Roh-Kalo,,5282,2447,100911,4071427,0,379
Mor'geth,,5283,2456,98527,4071436,0,9
Loose Soul,,5284,2456,100016,0,2,9
Soul Cage,,5285,2456,98535,0,1,9
Shadowsteel Ember,,5286,2443,38549,0,2,9
Fatespawn Anomaly,,5287,2447,94281,0,2,9
Fatespawn Monstrosity,,5288,2447,94279,0,1,9
Oasis Security,,5289,2452,101270,0,3,361
Brawling Patron,,5290,2452,101544,0,1,361
Disruptive Patron,,5291,2452,101271,0,2,361
Shade of Destiny,,5292,2447,89467,0,3,9
Mal'Ganis,,5293,2457,99100,4465336,0,9
Kin'tessa,,5294,2457,101471,0,1,483
Vigilant Guardian,,5299,2458,102474,4465340,0,64
Pre-Fabricated Sentry,,5300,2458,103101,0,2,65
Volatile Materium,,5301,2458,98789,0,4,66
Point Defense Drone,,5302,2458,103105,0,3,9
Lihuvim,,5303,2461,102124,4465335,0,64
Rygelon,,5304,2467,102060,4465338,0,9
Antros,,5305,2468,101905,4529365,0,9
Anduin Wrynn,,5306,2469,99093,4423747,0,9
Artificer Xy'mox,,5308,2470,102147,4423749,0,362
Genesis Relic,,5309,2470,104718,0,1,426
Halondrus,,5311,2463,105587,4423738,0,458
Automated Defense Matrix,,5319,2458,104830,0,1,9
The Jailer,,5320,2464,100456,4465334,0,65
Skolex,,5321,2465,101983,4465339,0,9
Dausegne,,5322,2459,101913,4465333,0,9
Prototype of Absolution,,5323,2460,102178,0,3,482
Prototype of War,,5324,2460,102179,4465337,0,65
Prototype of Renewal,,5325,2460,102193,0,2,65
Prototype of Duty,,5326,2460,102177,0,1,65
Cosmic Core,,5329,2467,105414,0,4,9
Collapsing Quasar,,5330,2467,105415,0,1,9
Unstable Antimatter,,5331,2467,105417,0,3,9
Unstable Core,,5332,2467,105418,0,5,9
Unstable Matter,,5333,2467,105416,0,2,9
Defense Matrix Automa,,5334,2461,101051,0,4,9
Acquisitions Automa,,5335,2461,105362,0,3,9
Guardian Automa,,5336,2461,105364,0,1,65
Degeneration Automa,,5337,2461,105363,0,2,66
Gutshot,,5339,2472,109135,4741518,0,9
Treemouth,,5340,2473,106294,4741532,0,9
"Eric ""The Swift""",,5347,2475,105884,0,1,9
Baelog,,5348,2475,105887,4741530,0,9
Olaf,,5349,2475,105883,0,2,9
Eranog,,5350,2480,105614,4757695,0,9
Flamescale Tarasek,,5351,2480,106213,0,1,9
"Sennarth, The Cold Breath",,5353,2482,106348,4757699,0,9
Ko'kia Blazehoof,,5354,2485,106851,4741520,0,9
Blazebound Firestorm,,5355,2485,102552,0,1,9
Sentinel Talondras,,5356,2484,106790,4741527,0,9
Bromach,,5357,2487,107143,4741505,0,9
Melidrussa Chillworn,,5358,2488,106891,4741523,0,9
Stonevault Geomancer,,5360,2487,92697,0,2,9
Stonevault Ambusher,,5361,2487,77268,0,1,9
Forgemaster Gorek,,5363,2489,107189,4741513,0,9
"Chargath, Bane of Scales",,5365,2490,108248,4741506,0,9
Leymor,,5366,2492,107127,4741521,0,9
Broodkeeper Diurna,,5367,2493,106243,4757693,0,9
Magmatusk,,5369,2494,102604,4741522,0,9
Crawth,Terror of the Pitch.,5370,2495,64923,4741508,0,9
Kurog Grimtotem,,5371,2491,106792,4757696,0,9
Tectonic Crusher,,5372,2491,109913,0,1,9
Frozen Destroyer,,5374,2491,109239,0,2,9
Blazing Fiend,,5375,2491,109237,0,3,9
Thundering Ravager,,5376,2491,109236,0,4,9
Balakar Khan,,5377,2477,107680,4741504,0,9
Nokhud Stormcaster,,5378,2477,105353,0,1,9
Chrono-Lord Deios,,5379,2479,106056,4741507,0,9
Maruuk,,5381,2478,105722,0,1,9
Teera,,5382,2478,105721,4741528,0,9
The Raging Tempest,,5383,2497,107145,4741531,0,9
Granyth,,5384,2498,105823,4741514,0,9
Raszageth the Storm-Eater,,5385,2499,103255,4757698,0,609
Terros,,5387,2500,106344,4757701,0,597
Primal Flame,,5389,2480,107035,0,3,9
Decaying Slime,,5390,2473,104893,0,1,9
Erkhart Stormvein,,5392,2503,108318,0,1,9
Kyrakka,,5393,2503,107137,4867810,0,9
Warlord Sargha,,5394,2501,107029,4741535,0,9
Watcher Irideus,,5395,2504,106801,4741536,0,610
Rotfang Hyena,,5396,2472,2711,0,1,9
Umbrelskul,,5399,2508,106802,4741533,0,9
Azureblade,,5402,2505,106829,4741503,0,9
Curious Swoglet,,5403,2507,102560,0,1,9
Emberon,,5404,2476,107816,4741511,0,9
Khajin the Unyielding,,5405,2510,107064,4741519,0,9
Primal Tsunami,,5408,2511,106934,4741525,0,9
Telash Greywing,,5410,2483,109087,4741529,0,9
Vexamus,,5411,2509,107525,4741534,0,9
Awakened Crag,,5412,2506,106523,0,1,66
Basrikron,,5413,2506,108210,4757691,0,9
Tricktotem,,5414,2471,105697,0,2,9
Gashtooth,,5415,2471,105695,0,1,9
Rira Hackclaw,,5416,2471,105696,4741526,0,9
Decatriarch Wratheye,,5417,2474,106069,4741509,0,9
Dragonkiller Lance,,5418,2498,107390,0,1,9
Nokhud Saboteur,,5419,2498,105895,0,2,9
Overgrown Ancient,,5420,2512,109194,4741524,0,9
Ancient Branch,,5422,2512,107359,0,1,9
Echo of Doragosa,,5423,2514,108925,4741510,0,9
Primalist Infuser,,5424,2511,102900,0,1,9
Hungry Lasher,,5425,2512,104474,0,2,9
Dampening Device,,5426,2504,109168,0,1,611
Bazual,,5430,2517,108209,4757692,0,9
Liskanoth,,5431,2518,108211,4757697,0,9
Earthwrought Smasher,,5432,2491,110375,0,5,9
"Dathea, Ascended",,5434,2502,107813,4757694,0,592
Thunder Caller,,5435,2502,65631,0,2,594
Caustic Spiderling,,5436,2482,16050,0,2,9
Frostbreath Arachnid,,5437,2482,107107,0,1,9
Volatile Infuser,,5438,2502,108680,0,1,9
Frostwrought Dominator,,5439,2491,103247,0,6,9
Flamewrought Eradicator,,5441,2491,110374,0,7,9
Stormwrought Despoiler,,5442,2491,110373,0,8,9
Strunraan,,5443,2515,108212,4757700,0,9
Embar Firepath,,5444,2486,107597,0,3,9
Opalfang,,5445,2486,106928,0,2,9
Kadros Icewrath,,5446,2486,107599,4757702,0,9
Dathea Stormlash,,5447,2486,107598,0,1,9
Gulping Goliath,,5448,2507,103584,4741516,0,9
Flamescale Captain,,5449,2480,107422,0,2,9
Infused Whelp,,5450,2488,110633,0,1,9
Draconic Image,,5451,2505,109379,0,2,9
Draconic Illusion,,5452,2505,107094,0,1,9
Surging Ruiner,,5453,2499,110591,0,2,9
Oathsworn Vanguard,,5454,2499,102945,0,3,9
Stormseeker Acolyte,,5455,2499,102868,0,4,9
Volatile Spark,,5456,2499,108341,0,1,9
Colossal Stormfiend,,5457,2499,107145,0,5,9
Dragonspawn Flamebender,,5458,2493,107422,0,3,9
Tarasek Legionnaire,,5459,2493,107415,0,7,9
Primalist Mage,,5460,2493,102901,0,6,9
Juvenile Frost Proto-Dragon,,5461,2493,107419,0,1,9
Tarasek Earthreaver,,5462,2493,107420,0,2,9
Drakonid Stormbringer,,5463,2493,107423,0,4,9
Nascent Proto-Dragon,,5464,2493,109500,0,5,9
Flamesworn Herald,,5465,2499,106476,0,7,9
Frostforged Zealot,,5466,2499,106477,0,6,9
Scalecommander Sarkareth,,5467,2520,111664,5151373,0,9
Rashok,,5468,2525,112109,5151372,0,9
"Tyr, the Infinite Keeper",,5469,2526,112999,5221764,0,65
Magmorax,,5471,2527,111628,5151371,0,9
Empty Recollection,,5472,2520,111768,0,1,9
Null Glimmer,,5473,2520,111769,0,2,9
Eternal Blaze,,5474,2529,111904,0,1,63
Shadowflame Amalgamation,,5475,2529,111903,0,2,63
Essence of Shadow,,5476,2529,111850,5151374,0,63
Neldris,,5477,2530,111623,5151375,0,9
Rionthus,,5478,2530,111749,0,2,9
Thadrion,,5480,2530,111468,0,1,9
Vakan,,5481,2531,112005,5151696,0,673
Gholna,,5482,2531,112006,0,1,674
Zskarn,,5483,2532,111477,5151376,0,9
Chronikar,,5484,2521,111556,5221761,0,9
Kazzara,,5485,2522,111505,5151370,0,672
Blight of Galakrond,,5487,2535,112066,5221760,0,9
Dazhak,,5488,2535,111284,0,3,9
Ahnzon,,5489,2535,111245,0,1,9
Loszkeleth,,5490,2535,103254,0,2,9
Warlord Kagni,,5491,2524,111276,5151368,0,9
Zaqali Wallclimber,,5492,2524,110916,0,2,9
Flamebound Huntsman,,5493,2524,111273,0,3,9
Ignara,,5494,2524,111877,0,1,9
Magma Mystic,,5495,2524,111274,0,4,9
Obsidian Guard,,5496,2524,111275,0,5,9
Iridikron,,5497,2537,105326,5221765,0,9
Stone Creation,,5498,2537,73034,0,1,9
Dragonfire Golem,,5500,2532,111635,0,1,9
Morchie,,5501,2536,111457,5221767,0,9
Twisted Aberration,,5502,2523,94374,0,2,9
Voice From Beyond,,5503,2523,90743,0,1,9
Neltharion,,5504,2523,111794,5151369,0,9
Time-Displaced Trooper,,5546,2538,112511,0,2,9
Chrono-Lord Deios,,5547,2538,106056,4741507,0,9
Infinite Keeper,,5548,2538,112687,0,1,9
Manifested Timeways,,5551,2528,113190,5221766,0,9
Anduin Lothar,,5552,2534,112018,5221759,0,9
Grommash Hellscream,,5553,2533,112017,5221763,0,9
