ID,Name_lang,Description_lang,CovenantID,Level,Icon,Field_10_2_6_53840_005,UiOrder,SpellID
1074,Deadly Dagger,"|cFF00ccffDragonflight Appearance|r|n|cFF1eff00Plunderstorm Appearance|r|n|nUnlocks the Deadly Dagger appearance. To change appearances in Plunderstorm, see Da'kash Grimledger.|n|n""You're in Keg Leg's Crew now, swabbie. Here's your dagger, get to plundering!""",23,1,2175564,0,0,0
1075,Swabbie's Gloves,"|cFF00ccffDragonflight Appearance|r|n|nUnlocks the Swabbie's Gloves appearance.|n|n""Leather gloves to help you grab the loot.""",23,2,1063260,0,0,439457
1076,Surefooted Boots,"|cFF00ccffDragonflight Appearance|r|n|nUnlocks the Surefooted Boots appearance.|n|n""Helps you keep your footing on ship or on land.""",23,3,590806,0,0,439448
1077,Quilted Breeches,"|cFF00ccffDragonflight Appearance|r|n|nUnlocks the Quilted Breeches appearance.|n|n""A new pair of pants to cushion your landing.""",23,4,5489011,0,0,439451
1078,Calcified Claymore,"|cFF00ccffDragonflight Appearance|r|n|cFF1eff00Plunderstorm Appearance|r|n|nUnlocks the Calcified Claymore appearance. To change appearances in Plunderstorm, see Da'kash Grimledger.|n|n""A sword is like a dagger, but larger.""",23,5,2182692,0,0,439390
1231,Spun Cotton Shirt,"|cFF00ccffDragonflight Appearance|r|n|cFF1eff00Plunderstorm Appearance|r|n|nUnlocks the Spun Cotton Shirt appearance.|n|nAlso unlocks the Shabby Swabbie outfit in Plunderstorm. To change outfits, see Da'kash Grimledger.",23,6,4279080,0,0,439453
1232,Skulker's Cloak,"|cFF00ccffDragonflight Appearance|r|n|nUnlocks the Skulker's Cloak appearance.|n|n""Some plunderers prefer to stay in the shadows.""",23,7,2124014,0,0,439455
1233,Copper Cannon,"|cFF00ccffDragonflight Appearance|r|n|cFF1eff00Plunderstorm Appearance|r|n|nUnlocks the Copper Cannon appearance. To change appearances in Plunderstorm, see Da'kash Grimledger.|n|n""Plundering is easier with a cannon at your side.""",23,8,304333,0,0,439393
1234,Warm Woolen Cap,"|cFF00ccffDragonflight Appearance|r|n|nUnlocks the Warm Woolen Cap appearance.|n|n""Even the swarthiest pirate gets cold sometimes.""",23,9,1676426,0,0,439445
1235,Silver Tidestallion,"|cFF00ccffDragonflight Mount|r|n|nUnlocks the Silver Tidestallion underwater mount.|n|n""It smells like shrimp.""",23,10,2741477,0,0,437516
1236,Bubbles,"|cFF00ccffDragonflight Pet|r|n|cFF1eff00Plunderstorm Pet|r|n|nUnlocks the Bubbles pet. In Plunderstorm, Da'kash Grimledger can summon your pet for you.|n|n""It followed you home!""",23,11,2027915,0,0,439477
1237,Swindler's Cutouts,"|cFF00ccffDragonflight Appearance|r|n|nUnlocks the Swindler's Cutouts appearance.|n|n""For those skilled in slight of hand.""",23,12,1026773,0,0,439458
1238,Blacksteel Saber,"|cFF00ccffDragonflight Appearance|r|n|cFF1eff00Plunderstorm Appearance|r|n|nUnlocks the Blacksteel Saber appearance. To change appearances in Plunderstorm, see Da'kash Grimledger.|n|n""Forged for swarthy swashbuckling action.""",23,13,960919,0,0,439391
1239,Silent Leathers,"|cFF00ccffDragonflight Appearance|r|n|nUnlocks the Silent Leathers appearance.|n|n""Sometimes hiding is the best offense.""",23,14,590806,0,0,439450
1240,Handwoven Trousers,"|cFF00ccffDragonflight Appearance|r|n|nUnlocks the Handwoven Trousers appearance.|n|n""A gift from the captain. They're tailor-made just for you!""",23,15,1981728,0,0,439452
1241,Marvelous Multi-Shot,"|cFF00ccffDragonflight Appearance|r|n|cFF1eff00Plunderstorm Appearance|r|n|nUnlocks the Marvelous Multi-Shot appearance. To change appearances in Plunderstorm, see Da'kash Grimledger.|n|n""Aim away from face.""",23,16,135628,0,0,439394
1242,Fine Crimson Doublet,"|cFF00ccffDragonflight Appearance|r|n|cFF1eff00Plunderstorm Appearance|r|n|nUnlocks the Fine Crimson Doublet appearance.|n|nAlso unlocks the Snazzy Swabbie outfit in Plunderstorm. To change outfits, see Da'kash Grimledger.",23,17,5519312,0,0,439454
1243,Bloody Iron Cleaver,"|cFF00ccffDragonflight Appearance|r|n|cFF1eff00Plunderstorm Appearance|r|n|nUnlocks the Bloody Iron Cleaver appearance. To change appearances in Plunderstorm, see Da'kash Grimledger.|n|n""A bloody axe for a bloody good pirate!""",23,18,1092278,0,0,439392
1244,Weatherproven Drape,"|cFF00ccffDragonflight Appearance|r|n|nUnlocks the Weatherproven Drape appearance.|n|n""It says ""proven,"" not ""proof."" Don't jump in the lake.""",23,19,2124014,0,0,439456
1245,Royal Seafeather,"|cFF00ccffDragonflight Mount|r|n|nUnlocks the Royal Seafeather flying mount.|n|n""With the amount of plunder you have, it'd be a crime not to have a giant parrot.""",23,20,4395379,0,0,437517
1246,Storm Captain's Hat,"|cFF00ccffDragonflight Appearance|r|n|nUnlocks the Storm Captain's Hat appearance.|n|n""A fine hat for the captain in the storm!""",23,21,1676418,0,0,439446
1247,Plunderlord's Gilded Sigil,"|cFF00ccffDragonflight Appearance|r|n|cFF1eff00Plunderstorm Appearance|r|n|nUnlocks the Plunderlord's Gilded Sigil appearance. To change appearances in Plunderstorm, see Da'kash Grimledger.|n|n""Hold high the staff of the Plunderlord, and raise a crew to plunder!""",23,22,5581310,0,0,439382
1248,Plunderlord's Cuffs,"|cFF00ccffDragonflight Appearance|r|n|nUnlocks the Plunderlord's Cuffs appearance.|n|n""Golden cuffs befitting of the finest of pirates.""",23,23,5559628,0,0,439375
1249,Plundered Bag of Tender,|cFF00ccffDragonflight Reward|r|n|nUnlocks 250 Trader's Tender in the Collector's Cache in Stormwind or Orgrimmar.,23,24,975746,0,0,437507
1250,Plunderlord's Golden Cinch,"|cFF00ccffDragonflight Appearance|r|n|nUnlocks the Plunderlord's Golden Cinch appearance.|n|n""The large gold skull buckle really brings the outfit together.""",23,25,5559626,0,0,439373
1251,Plunderlord's Pilferers,"|cFF00ccffDragonflight Appearance|r|n|nUnlocks the Plunderlord's Pilferers appearance.|n|n""They're so silky.""",23,26,5559630,0,0,439377
1252,Plunderlord's Neck-Severer,"|cFF00ccffDragonflight Appearance|r|n|cFF1eff00Plunderstorm Appearance|r|n|nUnlocks the Plunderlord's Neck-Severer appearance. To change appearances in Plunderstorm, see Da'kash Grimledger.|n|n""A necessary tool in the arsenal of the pirate lord.""",23,27,5580802,0,0,439386
1253,Plunderlord's Muckscrapers,"|cFF00ccffDragonflight Appearance|r|n|nUnlocks the Plunderlord's Muckscrapers appearance.|n|n""You wouldn't want to get muck on them.""",23,28,5559627,0,0,439372
1254,Plunderlord's Fancy Trousers,"|cFF00ccffDragonflight Appearance|r|n|nUnlocks the Plunderlord's Fancy Trousers appearance.|n|n""Now you can say that you have the fanciest pants.""",23,29,5559632,0,0,439378
1255,Glamrok,"|cFF00ccffDragonflight Pet|r|n|cFF1eff00Plunderstorm Pet|r|n|nUnlocks the Glamrok pet. In Plunderstorm, Da'kash Grimledger can summon your pet for you.|n|n""A fellow loot enthusiast.""",23,30,5559624,0,0,439478
1256,Plunderlord's Fine Rapier,"|cFF00ccffDragonflight Appearance|r|n|cFF1eff00Plunderstorm Appearance|r|n|nUnlocks the Plunderlord's Fine Rapier appearance. To change appearances in Plunderstorm, see Da'kash Grimledger.|n|n""For stabbing.""",23,31,5581649,0,0,439383
1257,Plunderlord's Hand Cannon,"|cFF00ccffDragonflight Appearance|r|n|cFF1eff00Plunderstorm Appearance|r|n|nUnlocks the Plunderlord's Hand Cannon appearance. To change appearances in Plunderstorm, see Da'kash Grimledger.|n|n""Smells like gold and gunpowder.""",23,32,5581325,0,0,439388
1258,Plundered Chest of Tender,|cFF00ccffDragonflight Reward|r|n|nUnlocks 500 Trader's Tender in the Collector's Cache in Stormwind or Orgrimmar.,23,33,4696085,0,0,437510
1259,Plunderlord's Waistcoat,"|cFF00ccffDragonflight Appearance|r|n|nUnlocks the Plunderlord's Waistcoat appearance.|n|n""Nobody looks bad in a waistcoat.""",23,34,5559633,0,0,439370
1260,Plunderlord's Drapery,"|cFF00ccffDragonflight Appearance|r|n|nUnlocks the Plunderlord's Drapery appearance.|n|n""In matching red and gold, of course.""",23,35,5559629,0,0,439379
1261,Plunderlord's Silver Cutlass,"|cFF00ccffDragonflight Appearance|r|n|cFF1eff00Plunderstorm Appearance|r|n|nUnlocks the Plunderlord's Silver Cutlass appearance. To change appearances in Plunderstorm, see Da'kash Grimledger.|n|n""Shines just the right way in the sun when you hold it aloft.""",23,36,5581315,0,0,439384
1262,Plunderlord's Tassled Spaulders,"|cFF00ccffDragonflight Appearance|r|n|cFF1eff00Plunderstorm Appearance|r|n|nUnlocks the Plunderlord's Tassled Spaulders appearance.|n|nAlso unlocks the Strapping Swabbie outfit in Plunderstorm. To change outfits, see Da'kash Grimledger.",23,37,5559634,0,0,439380
1263,Plunderlord's Tricorne of Admiralty,"|cFF00ccffDragonflight Appearance|r|n|nUnlocks the Plunderlord's Tricorne of Admiralty appearance.|n|n""A fine plumed helm made in just the right size for your head.""",23,38,5559631,0,0,439355
1264,Polly Roger,"|cFF00ccffDragonflight Mount|r|n|nUnlocks the Polly Roger dragonriding mount.|n|n""The captain has granted you his very own giant tempermental parrot. Good Luck!""",23,39,5578050,0,0,437164
1265,Plunderlord,"|cFF00ccffDragonflight Title|r|n|nUnlocks the Plunderlord title.|n|n""The captain has bestowed upon you the title of ""Plunderlord."" May all who oppose you sink to the briny depths!""",23,40,4203076,0,0,439552
1266,Happy,"|cFF00ccffDragonflight Pet|r|n|cFF1eff00Plunderstorm Pet|r|n|nUnlocks the Happy pet. In Plunderstorm, Da'kash Grimledger can summon your pet for you.|n|n""He's just excited to be here.""",23,6,237309,0,1,439475
1267,Swabbie,"|cFF1eff00Plunderstorm Title|r|n|nUnlocks the ""Swabbie"" title in Plunderstorm at Da'kash Grimledger.|n|n""The captain has declared you an official swabbie!""",23,2,1063033,0,1,438007
1268,Swashbuckler,"|cFF1eff00Plunderstorm Title|r|n|nUnlocks the ""Swashbuckler"" title in Plunderstorm at Da'kash Grimledger.|n|n""You have proven your ability to both swash and buckle.""",23,10,2060684,0,1,438036
1269,Buccaneer,"|cFF1eff00Plunderstorm Title|r|n|nUnlocks the ""Buccaneer"" title in Plunderstorm at Da'kash Grimledger.|n|n""You are a feared force in the storm!""",23,20,2055037,0,1,438034
1270,First Mate,"|cFF1eff00Plunderstorm Title|r|n|nUnlocks the ""First Mate"" title in Plunderstorm at Da'kash Grimledger.|n|n""Your penchant for plunder is legendary!""",23,30,2055032,0,1,438029
1271,A Tiny Plumed Tricorne,"|cFF00ccffDragonflight Friend|r|n|cFF1eff00Plunderstorm Friend|r|n|nWhen summoned, Pepe will now sometimes be dressed as a Plunderlord. To summon the tiny captain in Plunderstorm, see Da'kash Grimledger.",23,24,1044996,0,1,438055
1272,Swarthy Warning Sign,"|cFF00ccffDragonflight Toy|r|n|nUnlocks the Swarthy Warning Sign toy.|n|n""Perfect for creating your own pirate hangout.""",23,16,2055035,0,1,443715
1273,A Keg-Stamped Package,|cFF00ccffDragonflight Quest|r|n|nA new quest awaits a level 70 character in Valdrakken in the Dragon Isles.,23,5,236664,0,1,443716
1274,Pinchy,"|CFFa335eeClassic Pet|r|n|nUnlocks the Pinchy the Plunderer pet in Wrath of the Lich King: Classic.|n|n""Watch out for the pointy end!""",23,11,5559624,0,1,440575
1275,Polly Roger,|CFFa335eeClassic Mount|r|n|nUnlocks the Polly Roger flying mount in Wrath of the Lich King: Classic.,23,39,5578050,0,1,440578
1311,Plunderlord's Monocle,"|cFF00ccffDragonflight Appearance|r|n|nUnlocks the Plunderlord's Monocle appearance.|n|n""Helps with seeing out of only one eye.""",23,38,5689350,0,0,443376
1312,Plunderlord's Tabard,"|cFF00ccffDragonflight Appearance|r|n|nUnlocks the Plunderlord's Tabard appearance.|n|n""You've proven you're buccaneer and dear to Captain Keg Leg's heart. Proudly display your captain's favor.""",23,40,5690395,0,1,443375
1627,Keys and Coffers,You may now purchase 2 Restored Coffer Keys per week from Naleidea Rivergleam and acquire the Sin'dorei Gravestone cosmetic from Telemancer Astrandis in Silvermoon City.,36,6,4622270,8,0,0
1621,Boons and Blessings,You may now earn Boons from Mislaid Curiosities and Blessings from Heavy Trunks. You may acquire the Twilight Tabernacle decor from Telemancer Astrandis in Silvermoon City.,36,1,2967107,8,0,1271026
1622,Gilded Stash,A Gilded Stash now appears after completing a Tier 11 delve. You may acquire the Fungal Chest decor from Telemancer Astrandis in Silvermoon City.,36,2,5872049,8,0,1271024
1623,Treasure Hunter,A Sanctified Banner now has a chance to manifest within a bountiful delve. You may acquire the Amani Strongbox decor from Telemancer Astrandis in Silvermoon City.,36,3,462672,8,0,1271273
1624,An Ethereal and a Golem walk into a Delve,Zah'ran will now appear at the end of Tier 6 delves and above with a random stock of equipment. You may acquire the Silvermoon's Arcane Defender mount from Telemancer Astrandis in Silvermoon City.,36,5,1723993,8,0,0
1625,Gilded Jackpot,Gilded Stashes now also grant Myth Crests. You may acquire the Ancient Kaldorei Coffer decor from Telemancer Astrandis in Silvermoon City.,36,4,5872050,8,0,1271268
1626,Never Alone,"You may acquire the Midnight Delver's Flare Gun, allowing you to summon a Restored Coffer Key vendor within delves, and Root-Wrapped Reliquary decor from Telemancer Astrandis in Silvermoon City.",36,7,4624647,8,0,1271039
1628,Warbound In Blood,Champion Warbound equipment may now be obtained from Tier 9 Delves and above. You may acquire the Corewarden's Spoils decor from Telemancer Astrandis in Silvermoon City.,36,8,6866615,8,0,1271038
1630,A Delver's Journey,Title: Void Breacher. The amount of Coffer Key Shards earned from all sources is increased. You may acquire the Delver's Bountiful Coffer decor and Corewarden's Hearthstone from Telemancer Astrandis in Silvermoon City.,36,10,6025441,8,0,1271025
1082,Weathered Ethereal Crests,Speak to Waxmonger Squick in Gundargaz to receive 15 Weathered Ethereal Crests. These can be used to increase an item's level. (Requires level 80),25,9,5872061,4,0,0
1089,Valorstones,Speak to Waxmonger Squick in Gundargaz to receive Valorstones. These can be used to empower equipment with Cuzolth in Dornogal and other item upgrade vendors. (Requires level 80),25,7,5868902,4,1,0
1100,Restored Coffer Key,Speak to Waxmonger Squick in Gundargaz to receive a Restored Coffer Key. (Requires level 80),25,13,4622271,4,0,0
1109,Weathered Ethereal Crests,Speak to Waxmonger Squick in Gundargaz to receive 15 Weathered Ethereal Crests. These can be used to increase an item's level. (Requires level 80),25,17,5872061,4,1,0
1119,Weathered Ethereal Crests,Speak to Auralia Steelstrike in Mereldar to receive 15 Weathered Ethereal Crests. These can be used to increase an item's level. (Requires level 80),26,6,5872061,4,0,0
1125,Weathered Ethereal Crests,Speak to Auralia Steelstrike in Mereldar to receive 15 Weathered Ethereal Crests. These can be used to increase an item's level. (Requires level 80),26,9,5872061,4,1,0
1132,Restored Coffer Key,Speak to Auralia Steelstrike in Mereldar to receive a Restored Coffer Key. (Requires level 80),26,14,4622271,12,1,0
1135,Weathered Ethereal Crests,Speak to Auralia Steelstrike in Mereldar to receive 15 Weathered Ethereal Crests. These can be used to increase an item's level. (Requires level 80),26,13,5872061,4,1,0
1163,Weathered Ethereal Crests,Speak to Lady Vinazian in The Weaver's Lair to receive 15 Weathered Ethereal Crests. These can be used to increase an item's level. (Requires level 80),27,9,5872061,4,1,0
1170,Weathered Ethereal Crests,Speak to Lady Vinazian in The Weaver's Lair to receive 15 Weathered Ethereal Crests. These can be used to increase an item's level. (Requires level 80),27,12,5872061,12,0,0
1173,Restored Coffer Key,Speak to Lady Vinazian in The Weaver's Lair to receive a Restored Coffer Key. (Requires level 80),27,13,4622271,4,0,0
1180,Weathered Ethereal Crests,Speak to Lady Vinazian in The Weaver's Lair to receive 15 Weathered Ethereal Crests. These can be used to increase an item's level. (Requires level 80),27,18,5872061,4,1,0
1197,Weathered Ethereal Crests,Speak to Auditor Balwurz in Dornogal to receive 15 Weathered Ethereal Crests. These can be used to increase an item's level. (Requires level 80),24,6,5872061,4,0,0
1198,Pouch of Resonance Crystals,Speak with Auditor Balwurz in Dornogal to receive a Pouch of Resonance Crystals.,24,3,2967113,8,1,0
1205,Weathered Ethereal Crests,Speak to Auditor Balwurz in Dornogal to receive 15 Weathered Ethereal Crests. These can be used to increase an item's level. (Requires level 80),24,9,5872061,4,0,0
1213,Weathered Ethereal Crests,Speak to Auditor Balwurz in Dornogal to receive 15 Weathered Ethereal Crests. These can be used to increase an item's level. (Requires level 80),24,11,5872061,4,1,0
1224,Weathered Ethereal Crests,Speak to Auditor Balwurz in Dornogal to receive 15 Weathered Ethereal Crests. These can be used to increase an item's level. (Requires level 80),24,19,5872061,4,0,0
1225,Restored Coffer Key,Speak to Auditor Balwurz in Dornogal to receive a Restored Coffer Key. (Requires level 80),24,17,4622271,4,0,0
1282,Weathered Ethereal Crests,Speak to Auditor Balwurz in Dornogal to receive 15 Weathered Ethereal Crests. These can be used to increase an item's level. (Requires level 80),24,25,5872061,4,1,0
1285,Weathered Ethereal Crests,Speak to Waxmonger Squick in Gundargaz to receive 15 Weathered Ethereal Crests. These can be used to increase an item's level. (Requires level 80),25,11,5872061,4,0,0
1294,Weathered Ethereal Crests,Speak to Auralia Steelstrike in Mereldar to receive 15 Weathered Ethereal Crests. These can be used to increase an item's level. (Requires level 80),26,16,5872061,4,1,0
1301,Weathered Ethereal Crests,Speak to Auralia Steelstrike in Mereldar to receive 15 Weathered Ethereal Crests. These can be used to increase an item's level. (Requires level 80),26,22,5872061,4,0,0
1307,Weathered Ethereal Crests,Speak to Lady Vinazian in The Weaver's Lair to receive 15 Weathered Ethereal Crests. These can be used to increase an item's level. (Requires level 80),27,21,5872061,4,1,0
1335,Valorstones,Speak to Auralia Steelstrike in Mereldar to receive Valorstones. These can be used to empower equipment with Cuzolth in Dornogal and other item upgrade vendors. (Requires level 80),26,7,5868902,4,1,0
1336,Valorstones,Speak to Auralia Steelstrike in Mereldar to receive Valorstones. These can be used to empower equipment with Cuzolth in Dornogal and other item upgrade vendors. (Requires level 80),26,14,5868902,4,2,0
1338,Valorstones,Speak to Auralia Steelstrike in Mereldar to receive Valorstones. These can be used to empower equipment with Cuzolth in Dornogal and other item upgrade vendors. (Requires level 80),26,19,5868902,4,1,0
1339,Bunch of Brave Rocks,Speak to Waxmonger Squick in Gundargaz to receive a Bunch of Brave Rocks. Valorstones can be used to empower equipment with Cuzolth in Dornogal and other item upgrade vendors. (Requires level 80),25,11,5868902,4,1,0
1340,Valorstones,Speak to Waxmonger Squick in Gundargaz to receive Valorstones. These can be used to empower equipment with Cuzolth in Dornogal and other item upgrade vendors. (Requires level 80),25,16,5868902,4,1,0
1342,Valorstones,Speak with Auditor Balwurz in Dornogal to receive Valorstones. These can be used to empower equipment with Cuzolth in Dornogal and other item upgrade vendors. (Requires level 80),24,7,5868902,4,2,0
1343,Valorstones,Speak with Auditor Balwurz in Dornogal to receive Valorstones. These can be used to empower equipment with Cuzolth in Dornogal and other item upgrade vendors. (Requires level 80),24,17,5868902,4,1,0
1344,Valorstones,Speak to Lady Vinazian in The Weaver's Lair to receive Valorstones. These can be used to empower equipment with Cuzolth in Dornogal and other item upgrade vendors. (Requires level 80),27,6,5868902,4,1,0
1345,Valorstones,Speak to Lady Vinazian in The Weaver's Lair to receive Valorstones. These can be used to empower equipment with Cuzolth in Dornogal and other item upgrade vendors. (Requires level 80),27,14,5868902,4,1,0
1346,Valorstones,Speak to Lady Vinazian in The Weaver's Lair to receive Valorstones. These can be used to empower equipment with Cuzolth in Dornogal and other item upgrade vendors. (Requires level 80),27,22,5868902,4,1,0
1348,Valorstones,Speak with Auditor Balwurz in Dornogal to receive Valorstones. These can be used to empower equipment with Cuzolth in Dornogal and other item upgrade vendors. (Requires level 80),24,22,5868902,4,1,0
1359,Wax-Sealed Weathered Crests,"Speak to Waxmonger Squick in Gundargaz to receive Wax-Sealed Weathered Crests, which can be used to obtain 15 Weathered Ethereal Crests. These can be used to increase an item's level. (Requires level 80)",25,6,5872061,4,0,0
1364,Weathered Ethereal Crests,Speak to Waxmonger Squick in Gundargaz to receive 15 Weathered Ethereal Crests. These can be used to increase an item's level. (Requires level 80),25,15,5872061,4,1,0
1385,Weathered Ethereal Crests,Speak to Lady Vinazian in The Weaver's Lair to receive 15 Weathered Ethereal Crests. These can be used to increase an item's level. (Requires level 80),27,6,5872061,12,0,0
1398,Weathered Ethereal Crests,Speak to Waxmonger Squick in Gundargaz to receive 15 Weathered Ethereal Crests. These can be used to increase an item's level. (Requires level 80),25,21,5872061,4,0,0
1399,Bunch of Brave Rocks,Speak to Waxmonger Squick in Gundargaz to receive a Bunch of Brave Rocks. Valorstones can be used to empower equipment with Cuzolth in Dornogal and other item upgrade vendors. (Requires level 80),25,22,5868902,4,1,0
1400,Weathered Ethereal Crests,Speak to Waxmonger Squick in Gundargaz to receive 15 Weathered Ethereal Crests. These can be used to increase an item's level. (Requires level 80),25,23,5872061,4,1,0
1402,Bunch of Brave Rocks,Speak to Waxmonger Squick in Gundargaz to receive a Bunch of Brave Rocks. Valorstones can be used to empower equipment with Cuzolth in Dornogal and other item upgrade vendors. (Requires level 80),25,25,5868902,4,1,0
1410,Weathered Ethereal Crests,Speak to Y'tekhi in The Weaver's Lair to receive 15 Weathered Ethereal Crests. These can be used to increase an item's level. (Requires level 80),27,6,5872061,12,0,0
1411,Valorstones,Speak to Y'tekhi in The Weaver's Lair to receive Valorstones. These can be used to empower equipment with Cuzolth in Dornogal and other item upgrade vendors. (Requires level 80),27,6,5868902,4,1,0
1413,Weathered Ethereal Crests,Speak to Y'tekhi in The Weaver's Lair to receive 15 Weathered Ethereal Crests. These can be used to increase an item's level. (Requires level 80),27,9,5872061,4,1,0
1418,Weathered Ethereal Crests,Speak to Y'tekhi in The Weaver's Lair to receive 15 Weathered Ethereal Crests. These can be used to increase an item's level. (Requires level 80),27,12,5872061,12,0,0
1419,Restored Coffer Key,Speak to Y'tekhi in The Weaver's Lair to receive a Restored Coffer Key. (Requires level 80),27,13,4622271,4,0,0
1421,Valorstones,Speak to Y'tekhi in The Weaver's Lair to receive Valorstones. These can be used to empower equipment with Cuzolth in Dornogal and other item upgrade vendors. (Requires level 80),27,14,5868902,4,1,0
1425,Weathered Ethereal Crests,Speak to Y'tekhi in The Weaver's Lair to receive 15 Weathered Ethereal Crests. These can be used to increase an item's level. (Requires level 80),27,18,5872061,4,1,0
1429,Weathered Ethereal Crests,Speak to Y'tekhi in The Weaver's Lair to receive 15 Weathered Ethereal Crests. These can be used to increase an item's level. (Requires level 80),27,21,5872061,4,1,0
1432,Valorstones,Speak to Y'tekhi in The Weaver's Lair to receive Valorstones. These can be used to empower equipment with Cuzolth in Dornogal and other item upgrade vendors. (Requires level 80),27,22,5868902,4,1,0
1454,Restored Coffer Key,Speak to Smaks Topskimmer at The Incontinental Hotel in Undermine to receive a Restored Coffer Key.,29,9,4622271,12,0,0
1466,A Polished Shine II,Speak to Smaks Topskimmer at The Incontinental Hotel in Undermine to receive a bundle of Resonance Crystals.,29,4,2967113,8,1,0
1467,Time is Money I,Speak to Smaks Topskimmer at The Incontinental Hotel in Undermine to receive a bundle of Valorstones.,29,3,5868902,12,0,0
1468,Weathered Ethereal Crests,Speak to Smaks Topskimmer at The Incontinental Hotel in Undermine to receive a pouch of Weathered Ethereal Crests.,29,6,5872061,12,1,0
1470,A Polished Shine III,Speak to Smaks Topskimmer at The Incontinental Hotel in Undermine to receive a bundle of Resonance Crystals.,29,8,2967113,8,1,0
1471,Weathered Ethereal Crests,Speak to Smaks Topskimmer at The Incontinental Hotel in Undermine to receive a pouch of Weathered Ethereal Crests.,29,9,5872061,12,1,0
1473,Time is Money II,Speak to Smaks Topskimmer at The Incontinental Hotel in Undermine to receive a pouch of Valorstones.,29,11,5868902,12,2,0
1474,Weathered Ethereal Crests,Speak to Smaks Topskimmer at The Incontinental Hotel in Undermine receive a pouch of Weathered Ethereal Crests.,29,12,5872061,12,1,0
1477,Weathered Ethereal Available,Speak to Smaks Topskimmer at The Incontinental Hotel in Undermine to receive a pouch of Weathered Ethereal Crests.,29,15,5872061,12,1,0
1479,Time is Money III,Speak to Smaks Topskimmer at The Incontinental Hotel in Undermine to receive a trove of Valorstones.,29,17,5868902,12,1,0
1480,Weathered Ethereal Crests,Speak to Smaks Topskimmer at The Incontinental Hotel in Undermine to receive a pouch of Weathered Ethereal Crests.,29,18,5872061,12,1,0
1557,Weathered Ethereal Crests,Speak to Om'sirik in Tazavesh to receive 15 Weathered Ethereal Crests. These can be used to increase an item's level (requires level 80).,30,5,5872061,12,1,0
1560,A Brokered Deal I,Speak with Om'sirik in Tazavesh to receive Valorstones. These can be used to empower equipment with Cuzolth in Dornogal and other item upgrade vendors (requires level 80).,30,6,5868902,12,1,0
1563,Weathered Ethereal Crests,Speak to Om'sirik in Tazavesh to receive 15 Weathered Ethereal Crests. These can be used to increase an item's level (requires level 80).,30,8,5872061,12,0,0
1566,A Brokered Deal II,Speak with Om'sirik in Tazavesh to receive Valorstones. These can be used to empower equipment with Cuzolth in Dornogal and other item upgrade vendors (requires level 80).,30,9,5868902,12,1,0
1569,Carved Ethereal Crests,Speak to Om'sirik in Tazavesh to receive 15 Carved Ethereal Crests. These can be used to increase an item's level (requires level 80).,30,12,5872055,12,2,0
1576,Carved Ethereal Crests,Speak to Om'sirik in Tazavesh to receive 15 Carved Ethereal Crests. These can be used to increase an item's level. (Requires level 80),30,17,5872055,12,1,0
1582,Weathered Ethereal Crests,Talk to Lars Bronsmaelt at Morgaen's Tears to receive a pouch of Weathered Ethereal Crests.,33,4,5872061,12,3,0
1583,Weathered Ethereal Crests,Talk to Lars Bronsmaelt at Morgaen's Tears to receive a pouch of Weathered Ethereal Crests.,33,7,5872061,12,3,0
1584,Weathered Ethereal Crests,Talk to Lars Bronsmaelt at Morgaen's Tears to receive a pouch of Weathered Ethereal Crests.,33,10,5872061,12,3,0
1617,Restored Coffer Key,Speak to Om'sirik in Tazavesh to receive a Restored Coffer Key.,30,12,4622271,12,1,0
1618,Carved Ethereal Crests,Speak to Om'sirik in Tazavesh to receive 15 Carved Ethereal Crests. These can be used to increase an item's level (requires level 80).,30,14,5872055,12,1,0
1619,A Brokered Deal III,Speak with Om'sirik in Tazavesh to receive Valorstones. These can be used to empower equipment with Cuzolth in Dornogal and other item upgrade vendors (requires level 80).,30,16,5868902,12,1,0
1819,A Polished Shine I,Speak to Smaks Topskimmer at The Incontinental Hotel in Undermine to receive a bundle of Resonance Crystals.,29,3,2967113,8,0,0
1820,A Polished Shine IV,Speak to Smaks Topskimmer at The Incontinental Hotel in Undermine to receive a bundle of Resonance Crystals.,29,9,2967113,8,0,0
1821,Resonance Crystals,Speak to Y'tekhi in The Weaver's Lair to receive a pouch of Resonance Crystals.,27,6,2967113,8,0,0
1822,Resonance Crystals,Speak to Lady Vinazian in The Weaver's Lair to receive a pouch of Resonance Crystals.,27,12,2967113,8,0,0
1823,Resonance Crystals,Speak to Y'tekhi in The Weaver's Lair to receive a pouch of Resonance Crystals.,27,12,2967113,8,0,0
1824,Resonance Crystals,Speak to Lady Vinazian in The Weaver's Lair to receive a pouch of Resonance Crystals.,27,13,2967113,8,0,0
1825,Resonance Crystals,Speak to Y'tekhi in The Weaver's Lair to receive a pouch of Resonance Crystals.,27,13,2967113,8,0,0
1826,Pouch of Resonance Crystals,Speak to Auralia Steelstrike in Mereldar to receive a Pouch of Resonance Crystals.,26,6,2967113,8,0,0
1827,Resonance Crystals,Speak to Lady Vinazian in The Weaver's Lair to receive a pouch of Resonance Crystals.,27,6,2967113,8,0,0
1828,Resonance Crystals,Speak to Waxmonger Squick in Gundargaz to receive a Pouch of Resonance Crystals.,25,11,2967113,8,0,0
1829,Pouch of Resonance Crystals,Speak with Auditor Balwurz in Dornogal to receive a Pouch of Resonance Crystals.,24,6,2967113,8,0,0
1830,Pouch of Resonance Crystals,Speak with Auditor Balwurz in Dornogal to receive a Pouch of Resonance Crystals.,24,11,2967113,8,0,0
1831,Pouch of Resonance Crystals,Speak with Auditor Balwurz in Dornogal to receive a Pouch of Resonance Crystals.,24,19,2967113,8,0,0
1644,Whispers of the Loa,"You may purchase Profession Knowledge tomes for Skinning, Mining, and Leatherworking from Magovu at Amani'Zar Village in Zul'Aman.",37,6,4624984,8,0,0
1801,Favor of the Court,You may participate in Lord Saltheril's Soiree by speaking with him at Saltheri's Haven in Eversong Woods. Requires level 90.,43,0,132809,10,0,0
