ID,Flags,SoundFilterID,FlavorSoundFilterID,AmbienceID[0],AmbienceID[1],AmbienceStartID[0],AmbienceStartID[1],AmbienceStopID[0],AmbienceStopID[1],SoundKitID[0],SoundKitID[1]
21,0,0,0,4162,4162,0,0,0,0,0,0
22,0,0,0,4163,4204,0,0,0,0,0,0
24,8,0,0,4164,4165,0,0,0,0,130140,130140
25,8,0,0,4166,4167,0,0,0,0,130140,130140
26,0,0,0,4168,4168,0,0,0,0,0,0
27,0,0,0,4169,4169,0,0,0,0,0,0
28,8,0,0,4170,4171,0,0,0,0,130140,130140
29,8,0,0,4172,4173,0,0,0,0,130140,130140
30,8,0,0,4174,4175,0,0,0,0,130140,130140
31,8,0,0,4176,4177,0,0,0,0,130140,130140
32,8,0,0,4178,4179,0,0,0,0,130140,130140
33,8,0,0,4180,4181,0,0,0,0,130140,130140
34,0,0,0,4182,4182,0,0,0,0,0,0
35,8,0,0,4183,4184,0,0,0,0,130140,130140
36,0,0,0,4185,4186,0,0,0,0,0,0
37,8,0,0,4187,4188,0,0,0,0,130140,130140
38,8,0,0,4189,4190,0,0,0,0,130140,130140
39,8,0,0,4191,4192,0,0,0,0,130140,130140
40,8,0,0,4193,4194,0,0,0,0,130140,130140
41,8,0,0,4195,4195,0,0,0,0,130140,130140
42,8,0,0,4196,4197,0,0,0,0,130140,130140
43,8,0,0,4198,4199,0,0,0,0,130140,130140
44,8,0,0,4200,4201,0,0,0,0,130140,130140
45,8,0,0,4202,4203,0,0,0,0,130140,130140
46,8,0,0,210195,210195,0,0,0,0,130140,130140
47,0,0,0,4207,4208,0,0,0,0,0,0
48,8,0,0,4210,4211,0,0,0,0,130140,130140
49,8,0,0,4212,4213,0,0,0,0,130140,130140
50,8,0,0,4214,4214,0,0,0,0,130140,130140
51,0,0,0,4215,4215,0,0,0,0,0,0
52,0,0,0,4216,4216,0,0,0,0,0,0
53,0,0,0,4217,4217,0,0,0,0,0,0
54,0,0,0,4218,4218,0,0,0,0,0,0
55,0,0,0,4220,4220,0,0,0,0,0,0
56,0,0,0,4219,4219,0,0,0,0,0,0
57,0,0,0,4221,4221,0,0,0,0,0,0
58,0,0,0,4223,4223,0,0,0,0,0,0
59,0,0,0,4224,4224,0,0,0,0,0,0
60,0,0,0,4225,4225,0,0,0,0,0,0
70,8,0,0,4234,4234,0,0,0,0,130140,130140
71,0,0,0,4235,4235,0,0,0,0,0,0
90,0,0,0,4256,4256,0,0,0,0,0,0
110,0,0,0,4322,4322,0,0,0,0,0,0
130,0,0,0,4334,4334,0,0,0,0,0,0
150,8,0,0,4375,4375,0,0,0,0,130140,130140
170,0,0,0,4394,4394,0,0,0,0,0,0
190,0,0,0,4515,4515,0,0,0,0,0,0
210,8,0,0,4994,4994,0,0,0,0,130140,130140
230,0,0,0,5034,5034,0,0,0,0,0,0
250,0,0,0,5555,5555,0,0,0,0,0,0
270,0,0,0,6597,6597,0,0,0,0,0,0
271,0,0,0,6599,6599,0,0,0,0,0,0
290,0,0,0,6754,6754,0,0,0,0,0,0
291,0,0,0,6755,6755,0,0,0,0,0,0
310,0,0,0,6854,6854,0,0,0,0,0,0
330,0,0,0,7359,7359,0,0,0,0,0,0
350,0,0,0,8112,8112,0,0,0,0,0,0
351,0,0,0,8472,8471,0,0,0,0,0,0
352,0,0,0,8530,8530,0,0,0,0,0,0
353,0,0,0,8532,8532,0,0,0,0,0,0
354,0,0,0,8539,8539,0,0,0,0,0,0
355,0,0,0,8565,8565,0,0,0,0,0,0
356,0,0,0,8670,8670,0,0,0,0,0,0
357,0,0,0,8675,8675,0,0,0,0,0,0
358,0,0,0,8676,8676,0,0,0,0,0,0
359,0,0,0,8677,8677,0,0,0,0,0,0
360,0,0,0,8678,8678,0,0,0,0,0,0
361,0,0,0,8679,8679,0,0,0,0,0,0
362,0,0,0,8680,8680,0,0,0,0,0,0
363,0,0,0,8695,8696,0,0,0,0,0,0
364,0,0,0,8748,8749,0,0,0,0,0,0
365,0,0,0,8750,8751,0,0,0,0,0,0
366,0,0,0,8948,8949,0,0,0,0,0,0
367,0,0,0,8950,8950,0,0,0,0,0,0
368,0,0,0,8951,8952,0,0,0,0,0,0
369,0,0,0,8953,8954,0,0,0,0,0,0
370,0,0,0,8956,8956,0,0,0,0,0,0
371,0,0,0,8962,8962,0,0,0,0,0,0
372,0,0,0,8963,8963,0,0,0,0,0,0
373,0,0,0,8981,8981,0,0,0,0,0,0
374,8,0,0,9004,9004,0,0,0,0,130140,130140
375,0,0,0,9005,9005,0,0,0,0,0,0
376,0,0,0,9010,9011,0,0,0,0,0,0
377,0,0,0,9014,9014,0,0,0,0,0,0
378,0,0,0,9015,9015,0,0,0,0,0,0
379,8,0,0,9016,9016,0,0,0,0,130140,130140
380,0,0,0,9017,9017,0,0,0,0,0,0
381,0,0,0,9022,9022,0,0,0,0,0,0
382,0,0,0,9023,9023,0,0,0,0,0,0
383,0,0,0,9025,9025,0,0,0,0,0,0
384,0,0,0,9026,9026,0,0,0,0,0,0
385,0,0,0,9027,9027,0,0,0,0,0,0
386,0,0,0,9028,9028,0,0,0,0,0,0
387,0,0,0,9030,9030,0,0,0,0,0,0
388,0,0,0,9029,9029,0,0,0,0,0,0
389,0,0,0,9034,9034,0,0,0,0,0,0
390,0,0,0,9033,9033,0,0,0,0,0,0
392,0,0,0,9048,9049,0,0,0,0,0,0
393,0,0,0,9050,9050,0,0,0,0,0,0
394,0,0,0,9051,9052,0,0,0,0,0,0
395,0,0,0,9061,9062,0,0,0,0,0,0
396,0,0,0,9071,9071,0,0,0,0,0,0
397,8,0,0,9126,9127,0,0,0,0,130140,130140
398,0,0,0,9131,9132,0,0,0,0,0,0
399,0,0,0,9133,9133,0,0,0,0,0,0
400,8,0,0,9148,9148,0,0,0,0,130140,130140
401,0,0,0,210193,210193,0,0,0,0,0,0
402,0,0,0,9990,9990,0,0,0,0,0,0
403,8,0,0,9996,9996,0,0,0,0,130140,130140
404,1,0,0,9997,9997,0,0,0,0,0,0
405,0,0,0,10000,10000,0,0,0,0,0,0
406,0,0,0,10140,10140,0,0,0,0,0,0
407,0,0,0,10141,10141,0,0,0,0,0,0
408,0,0,0,10142,10142,0,0,0,0,0,0
409,0,0,0,10143,10143,0,0,0,0,0,0
410,0,0,0,10144,10145,0,0,0,0,0,0
411,0,0,0,10162,10162,0,0,0,0,0,0
412,0,0,0,10337,10337,0,0,0,0,0,0
413,0,0,0,10377,10377,0,0,0,0,0,0
414,0,0,0,10398,10398,0,0,0,0,0,0
415,0,0,0,10399,10399,0,0,0,0,0,0
416,0,0,0,10481,10481,0,0,0,0,0,0
417,0,0,0,10567,10567,0,0,0,0,0,0
418,0,0,0,10568,10568,0,0,0,0,0,0
419,0,0,0,10569,10569,0,0,0,0,0,0
420,0,0,0,10570,10570,0,0,0,0,0,0
421,0,0,0,10588,10588,0,0,0,0,0,0
422,0,0,0,10587,10587,0,0,0,0,0,0
423,0,0,0,10819,10819,0,0,0,0,0,0
424,0,0,0,10956,10956,0,0,0,0,0,0
425,0,0,0,10957,10957,0,0,0,0,0,0
426,0,0,0,10958,10958,0,0,0,0,0,0
427,0,0,0,10970,10970,0,0,0,0,0,0
428,0,0,0,11647,11647,0,0,0,0,0,0
429,8,0,0,11838,11839,0,0,0,0,130140,130140
430,8,0,0,11878,11878,0,0,0,0,130140,130140
432,0,0,0,11900,11900,0,0,0,0,0,0
433,0,0,0,12250,12250,0,0,0,0,0,0
434,0,0,0,12251,12251,0,0,0,0,0,0
435,0,0,0,12316,12316,0,0,0,0,0,0
436,0,0,0,12317,12317,0,0,0,0,0,0
437,8,0,0,12546,12557,0,0,0,0,130140,130140
438,8,0,0,12547,12555,0,0,0,0,130140,130140
439,8,0,0,12553,12556,0,0,0,0,130140,130140
440,8,0,0,12554,12554,0,0,0,0,130140,130140
441,8,0,0,12688,12689,0,0,0,0,130140,130140
442,0,0,0,12690,12690,0,0,0,0,0,0
443,0,0,0,12691,12691,0,0,0,0,0,0
444,0,0,0,12740,12740,0,0,0,0,0,0
445,0,0,0,12741,12741,0,0,0,0,0,0
446,8,0,0,12752,12752,0,0,0,0,130140,130140
447,8,0,0,12753,12753,0,0,0,0,130140,130140
448,8,0,0,12754,12754,0,0,0,0,130140,130140
449,8,0,0,12755,12755,0,0,0,0,130140,130140
450,8,0,0,12757,12757,0,0,0,0,130140,130140
451,0,0,0,12702,12702,0,0,0,0,0,0
452,8,0,0,12763,12763,0,0,0,0,130140,130140
453,8,0,0,12768,12768,0,0,0,0,130140,130140
454,8,0,0,12769,12769,0,0,0,0,130140,130140
455,8,0,0,12770,12770,0,0,0,0,130140,130140
456,8,0,0,12772,12772,0,0,0,0,130140,130140
457,8,0,0,12778,12777,0,0,0,0,130140,130140
458,8,0,0,12776,12776,0,0,0,0,130140,130140
459,0,0,0,12789,12789,0,0,0,0,0,0
460,0,0,0,12693,12693,0,0,0,0,0,0
461,8,0,0,12864,12865,0,0,0,0,130140,130140
462,0,0,0,4160,4160,0,0,0,0,0,0
463,8,0,0,13111,13112,0,0,0,0,130140,130140
464,8,0,0,13113,13113,0,0,0,0,130140,130140
465,8,0,0,13126,13126,0,0,0,0,130140,130140
466,8,0,0,210191,210191,0,0,0,0,130140,130140
467,0,0,0,13318,13318,0,0,0,0,0,0
468,8,0,0,13316,13317,0,0,0,0,137913,137913
469,0,0,0,13340,13340,0,0,0,0,0,0
470,0,0,0,13374,13374,0,0,0,0,0,0
471,0,0,0,13375,13376,0,0,0,0,0,0
472,0,0,0,13377,13377,0,0,0,0,0,0
473,0,0,0,13378,13378,0,0,0,0,0,0
474,0,0,0,13379,13379,0,0,0,0,0,0
475,0,0,0,13380,13380,0,0,0,0,0,0
476,0,0,0,13381,13381,0,0,0,0,0,0
477,0,0,0,13382,13382,0,0,0,0,0,0
478,0,0,0,13383,13383,0,0,0,0,0,0
479,0,0,0,13384,13384,0,0,0,0,0,0
480,0,0,0,13385,13385,0,0,0,0,0,0
481,0,0,0,13736,13736,0,0,0,0,0,0
482,0,0,0,13875,13875,0,0,0,0,0,0
485,0,0,0,15288,15288,0,0,0,0,0,0
486,0,0,0,15289,15289,0,0,0,0,0,0
487,0,0,0,15290,15290,0,0,0,0,0,0
488,0,0,0,15291,15291,0,0,0,0,0,0
489,0,0,0,15292,15292,0,0,0,0,0,0
490,0,0,0,15293,15293,0,0,0,0,0,0
491,0,0,0,15294,15294,0,0,0,0,0,0
492,0,0,0,15295,15295,0,0,0,0,0,0
493,0,0,0,15296,15296,0,0,0,0,0,0
495,0,0,0,15960,15960,0,0,0,0,0,0
496,0,0,0,15992,15992,0,0,0,0,0,0
497,0,0,0,16005,16005,0,0,0,0,0,0
498,0,0,0,16382,16383,0,0,0,0,0,0
499,8,0,0,16495,16495,0,0,0,0,130140,130140
500,0,0,0,16496,16496,0,0,0,0,0,0
501,0,0,0,16497,16497,0,0,0,0,0,0
502,0,0,0,16498,16498,0,0,0,0,0,0
503,0,0,0,16543,16543,0,0,0,0,0,0
504,0,0,0,17434,17434,0,0,0,0,0,0
505,0,0,0,17488,17488,0,0,0,0,0,0
561,0,0,0,17879,17879,0,0,0,0,0,0
562,0,0,0,17880,17880,0,0,0,0,0,0
563,8,0,0,17881,17882,0,0,0,0,130140,130140
564,8,0,0,17883,17884,0,0,0,0,130140,130140
565,8,0,0,17885,17886,0,0,0,0,130140,130140
566,0,0,0,17887,17888,0,0,0,0,0,0
567,8,0,0,17889,17890,0,0,0,0,130140,130140
568,0,0,0,17891,17892,0,0,0,0,0,0
569,8,0,0,17895,17896,0,0,0,0,130140,130140
570,8,0,0,17897,17898,0,0,0,0,130140,130140
572,8,0,0,17901,17901,0,0,0,0,130140,130140
573,8,0,0,17902,17903,0,0,0,0,130140,130140
574,8,0,0,17904,17905,0,0,0,0,130140,130140
575,8,0,0,17906,17907,0,0,0,0,130140,130140
576,8,0,0,17908,17909,0,0,0,0,130140,130140
577,8,0,0,17910,17911,0,0,0,0,130140,130140
578,0,0,0,17912,17913,0,0,0,0,0,0
579,8,0,0,17914,17915,0,0,0,0,130140,130140
580,8,0,0,17916,17917,0,0,0,0,130140,130140
581,8,0,0,17918,17919,0,0,0,0,130140,130140
582,8,0,0,17920,17921,0,0,0,0,130140,130140
583,8,0,0,17893,17894,0,0,0,0,130140,130140
584,8,0,0,4210,4211,0,0,0,0,130140,130140
585,8,0,0,4191,4192,0,0,0,0,130140,130140
586,8,0,0,4180,4181,0,0,0,0,130140,130140
587,8,0,0,4198,4199,0,0,0,0,130140,130140
588,8,0,0,4170,4171,0,0,0,0,130140,130140
589,8,0,0,4174,4175,0,0,0,0,130140,130140
590,8,0,0,4189,4190,0,0,0,0,130140,130140
591,8,0,0,4166,4167,0,0,0,0,130140,130140
592,8,0,0,4196,4197,0,0,0,0,130140,130140
594,8,0,0,17897,17898,0,0,0,0,130140,130140
595,0,0,0,4994,4994,0,0,0,0,0,0
596,8,0,0,4205,4206,0,0,0,0,130140,130140
597,8,0,0,4212,4213,0,0,0,0,130140,130140
598,8,0,0,4196,4197,0,0,0,0,130140,130140
599,0,0,0,4183,4184,0,0,0,0,0,0
600,8,0,0,4178,4179,0,0,0,0,130140,130140
601,8,0,0,4193,4194,0,0,0,0,130140,130140
602,8,0,0,4207,4208,0,0,0,0,130140,130140
603,8,0,0,4200,4201,0,0,0,0,130140,130140
604,8,0,0,4183,4184,0,0,0,0,130140,130140
605,8,0,0,4176,4177,0,0,0,0,130140,130140
606,8,0,0,4166,4167,0,0,0,0,130140,130140
607,8,0,0,4193,4194,0,0,0,0,130140,130140
608,0,0,0,18021,18021,0,0,0,0,0,0
609,0,0,0,18052,18052,0,0,0,0,0,0
610,0,0,0,18053,18053,0,0,0,0,0,0
611,0,0,0,18054,18054,0,0,0,0,0,0
612,0,0,0,18055,18055,0,0,0,0,0,0
613,0,0,0,18056,18056,0,0,0,0,0,0
614,0,0,0,18088,18089,0,0,0,0,0,0
615,8,0,0,18090,18091,0,0,0,0,130140,130140
616,8,0,0,18092,18093,0,0,0,0,130140,130140
617,0,0,0,18102,18102,0,0,0,0,0,0
618,0,0,0,17895,17896,0,0,0,0,0,0
619,0,0,0,18123,18123,0,0,0,0,0,0
620,0,0,0,18124,18124,0,0,0,0,0,0
621,8,0,0,18126,18126,0,0,0,0,130140,130140
622,0,0,0,0,0,0,0,0,0,0,0
623,8,0,0,18149,18150,0,0,0,0,130140,130140
625,8,0,0,18153,18154,0,0,0,0,130140,130140
626,8,0,0,18155,18156,0,0,0,0,130140,130140
627,8,0,0,18157,18158,0,0,0,0,130140,130140
628,8,0,0,18151,18152,0,0,0,0,130140,130140
629,8,0,0,4189,4190,0,0,0,0,130140,130140
630,8,0,0,4166,4167,0,0,0,0,130140,130140
631,0,0,0,18175,0,0,0,0,0,0,0
632,8,0,0,18174,18174,0,0,0,0,130140,130140
633,8,0,0,18196,18197,0,0,0,0,130140,130140
634,8,0,0,18198,18199,0,0,0,0,130140,130140
635,0,0,0,18200,0,0,0,0,0,0,0
636,8,0,0,18233,18234,0,0,0,0,130140,130140
637,0,0,0,18392,18392,0,0,0,0,0,0
638,0,0,0,0,0,0,0,0,0,0,0
639,0,0,0,18413,18413,0,0,0,0,0,0
640,0,0,0,18414,18414,0,0,0,0,0,0
641,0,0,0,18447,18447,0,0,0,0,0,0
642,0,0,0,18466,18467,0,0,0,0,0,0
646,8,0,0,18473,18474,0,0,0,0,130140,130140
647,8,0,0,18471,18472,0,0,0,0,130140,130140
648,8,0,0,18475,18476,0,0,0,0,130140,130140
649,0,0,0,19270,19271,0,0,0,0,0,0
650,0,0,0,19272,19273,0,0,0,0,0,0
655,8,0,0,19362,19363,0,0,0,0,130140,130140
658,0,0,0,19768,19769,0,0,0,0,0,0
659,0,0,0,19887,19887,0,0,0,0,0,0
660,8,0,0,19970,19970,0,0,0,0,130140,130140
661,8,0,0,20052,20053,0,0,0,0,130140,130140
662,8,0,0,20168,20167,0,0,0,0,130140,130140
674,0,0,0,21436,21436,0,0,0,0,0,0
675,0,0,0,4209,4209,0,0,0,0,0,0
697,0,0,0,18123,18123,0,0,0,0,0,0
733,0,0,0,24416,24416,0,0,0,0,0,0
734,0,0,0,24417,24417,0,0,0,0,0,0
735,0,0,0,24418,24418,0,0,0,0,0,0
757,0,0,0,25244,25244,0,0,0,0,0,0
758,0,0,0,25247,25247,0,0,0,0,0,0
759,0,0,0,25246,25246,0,0,0,0,0,0
770,0,0,0,25491,25491,0,0,0,0,0,0
775,0,0,0,25517,25517,0,0,0,0,0,0
778,0,29,0,25536,25536,0,0,0,0,0,0
779,0,0,0,25537,25537,0,0,0,0,0,0
796,0,0,0,17898,17898,0,0,0,0,0,0
799,0,0,0,25594,25594,0,0,0,0,0,0
800,0,0,0,25603,25603,0,0,0,0,0,0
801,0,0,0,25594,25594,0,0,0,0,0,0
802,0,0,0,25607,25607,0,0,0,0,0,0
803,0,0,0,25608,25608,0,0,0,0,0,0
804,0,0,0,25609,25609,0,0,0,0,0,0
805,0,0,0,25594,25594,0,0,0,0,0,0
806,0,0,0,17902,17902,0,0,0,0,0,0
809,0,0,0,21436,21436,0,0,0,0,0,0
828,0,0,0,25608,25608,0,0,0,0,0,0
829,0,0,0,12553,12556,0,0,0,0,0,0
902,8,0,0,26752,26753,0,0,0,0,130140,130140
916,8,0,0,26745,26746,0,0,0,0,130140,130140
917,8,0,0,26747,26748,0,0,0,0,130140,130140
918,8,0,0,26754,26755,0,0,0,0,130140,130140
919,8,0,0,26750,26751,0,0,0,0,130140,130140
920,8,0,0,26773,26773,0,0,0,0,130140,130140
921,8,0,0,26778,26779,0,0,0,0,130140,130140
922,8,0,0,37835,37836,0,0,0,0,130140,130140
923,8,0,0,26775,26775,0,0,0,0,130140,130140
924,0,0,0,26795,26795,0,0,0,0,0,0
925,0,0,0,26796,26796,0,0,0,0,0,0
926,0,0,0,26799,26799,0,0,0,0,0,0
927,0,0,0,26798,26798,0,0,0,0,0,0
928,8,0,0,26809,26809,0,0,0,0,130140,130140
929,0,0,0,26810,26810,0,0,0,0,0,0
930,0,0,0,26811,26811,0,0,0,0,0,0
931,8,0,0,26774,26774,0,0,0,0,130140,130140
932,0,0,0,26913,26913,0,0,0,0,0,0
933,0,0,0,26914,26914,0,0,0,0,0,0
934,0,0,0,26915,26915,0,0,0,0,0,0
935,0,0,0,26916,26916,0,0,0,0,0,0
936,0,0,0,26917,26917,0,0,0,0,0,0
937,0,0,0,26918,26918,0,0,0,0,0,0
938,0,0,0,26919,26919,0,0,0,0,0,0
939,0,0,0,26950,26950,0,0,0,0,0,0
940,0,0,0,29170,29170,0,0,0,0,0,0
941,0,0,0,27000,27000,0,0,0,0,0,0
942,0,0,0,27001,27001,0,0,0,0,0,0
943,0,0,0,27003,27003,0,0,0,0,0,0
944,0,0,0,27004,27004,0,0,0,0,0,0
945,0,0,0,27030,27030,0,0,0,0,0,0
946,0,0,0,27092,27092,0,0,0,0,0,0
947,0,0,0,27095,27095,0,0,0,0,0,0
948,0,0,0,27091,27091,0,0,0,0,0,0
949,0,0,0,27096,27096,0,0,0,0,0,0
950,0,0,0,27093,27093,0,0,0,0,0,0
951,0,0,0,27094,27094,0,0,0,0,0,0
952,0,0,0,27097,27097,0,0,0,0,0,0
953,0,0,0,27098,27098,0,0,0,0,0,0
954,0,0,0,27099,27099,0,0,0,0,0,0
955,8,0,0,27100,27100,0,0,0,0,130140,130140
956,0,0,0,27102,27102,0,0,0,0,0,0
958,0,0,0,27130,27130,0,0,0,0,0,0
959,0,0,0,27131,27131,0,0,0,0,0,0
960,0,0,0,27157,27157,0,0,0,0,0,0
961,0,0,0,27158,27158,0,0,0,0,0,0
962,0,0,0,27159,27159,0,0,0,0,0,0
963,0,0,0,27163,27163,0,0,0,0,0,0
964,0,0,0,27222,27222,0,0,0,0,0,0
965,0,0,0,26789,26790,0,0,0,0,0,0
966,0,0,0,27030,27030,0,0,0,0,0,0
967,0,0,0,27030,27030,0,0,0,0,0,0
968,0,0,0,27232,27232,0,0,0,0,0,0
969,0,0,0,27102,27102,0,0,0,0,0,0
970,0,0,0,27236,27236,0,0,0,0,0,0
971,0,0,0,37827,37827,0,0,0,0,0,0
972,0,0,0,27236,27236,0,0,0,0,0,0
973,0,0,0,4214,4214,0,0,0,0,0,0
974,0,0,0,27236,27236,0,0,0,0,0,0
975,0,0,0,4214,4214,0,0,0,0,0,0
976,0,0,0,4182,4182,0,0,0,0,0,0
977,0,0,0,26914,26914,0,0,0,0,0,0
978,0,0,0,26914,26914,0,0,0,0,0,0
979,0,0,0,27249,27249,0,0,0,0,0,0
980,0,0,0,27030,27030,0,0,0,0,0,0
981,0,0,0,27030,27030,0,0,0,0,0,0
982,0,0,0,26914,26914,0,0,0,0,0,0
983,0,0,0,4195,27254,0,0,0,0,0,0
984,0,0,0,27099,27099,0,0,0,0,0,0
985,0,0,0,9022,9022,0,0,0,0,0,0
986,0,0,0,27269,27269,0,0,0,0,0,0
987,0,0,0,27268,27268,0,0,0,0,0,0
988,0,0,0,27267,27267,0,0,0,0,0,0
989,0,0,0,27269,27269,0,0,0,0,0,0
990,0,0,0,27270,27270,0,0,0,0,0,0
991,0,0,0,27254,27254,0,0,0,0,0,0
993,0,0,0,9015,9015,0,0,0,0,0,0
994,0,0,0,4214,4214,0,0,0,0,0,0
995,0,0,0,27775,27775,0,0,0,0,0,0
996,8,0,0,28082,28082,0,0,0,0,130140,130140
997,8,0,0,28081,28081,0,0,0,0,130140,130140
998,8,0,0,28080,28080,0,0,0,0,130140,130140
999,8,0,0,28083,28083,0,0,0,0,130140,130140
1002,0,0,0,29167,29167,0,0,0,0,0,0
1003,0,0,0,29168,29168,0,0,0,0,0,0
1004,0,0,0,0,0,0,0,0,0,0,0
1005,0,0,0,26752,26753,0,0,0,0,0,0
1006,0,0,0,31745,31745,0,0,0,0,0,0
1007,0,0,0,31972,31972,0,0,0,0,0,0
1008,8,0,0,17889,17890,0,0,0,0,130140,130140
1009,8,0,0,17885,17886,0,0,0,0,130140,130140
1010,0,0,0,27131,27131,0,0,0,0,0,0
1012,0,0,0,31862,31862,0,0,0,0,0,0
1013,0,0,0,4214,4214,0,0,0,0,0,0
1014,8,0,0,26774,26774,0,0,0,0,130140,130140
1015,0,0,0,4169,4169,0,0,0,0,0,0
1016,0,0,0,31996,31996,0,0,0,0,0,0
1017,0,0,0,31972,31972,0,0,0,0,0,0
1018,8,0,0,9022,9022,0,0,0,0,130140,130140
1019,0,0,0,26789,26790,0,0,0,0,0,0
1021,0,0,0,32096,32096,0,0,0,0,0,0
1022,0,0,0,32109,32109,0,0,0,0,0,0
1023,0,0,0,32109,32109,0,0,0,0,0,0
1024,0,0,0,32110,32110,0,0,0,0,0,0
1025,0,0,0,32110,32110,0,0,0,0,0,0
1026,0,0,0,32110,32110,0,0,0,0,0,0
1027,0,0,0,32109,32109,0,0,0,0,0,0
1028,0,0,0,32109,32109,0,0,0,0,0,0
1029,8,0,0,32182,32182,0,0,0,0,130140,130140
1031,0,0,0,32178,32178,0,0,0,0,0,0
1032,0,0,0,27236,27236,0,0,0,0,0,0
1033,8,0,0,26810,26810,0,0,0,0,130140,130140
1034,0,0,0,0,0,0,0,0,0,0,0
1035,0,0,0,32212,32212,0,0,0,0,0,0
1036,0,0,0,32260,32260,0,0,0,0,0,0
1037,0,0,0,32261,32261,0,0,0,0,0,0
1038,0,0,0,32262,32262,0,0,0,0,0,0
1039,0,0,0,32275,32275,0,0,0,0,0,0
1040,0,0,0,4175,4175,0,0,0,0,0,0
1041,0,0,0,26914,26914,0,0,0,0,0,0
1042,0,0,0,9015,9015,0,0,0,0,0,0
1043,0,0,0,33115,33116,0,0,0,0,0,0
1044,0,0,0,33172,33172,0,0,0,0,0,0
1046,0,0,0,33210,33211,0,0,0,0,0,0
1047,0,0,0,27099,27099,0,0,0,0,0,0
1048,0,0,0,27254,27254,0,0,0,0,0,0
1049,0,0,0,33481,33482,0,0,0,0,0,0
1050,0,0,0,8535,8535,0,0,0,0,0,0
1051,0,0,0,8534,8534,0,0,0,0,0,0
1052,0,0,0,8533,8533,0,0,0,0,0,0
1053,8,0,0,33522,33522,0,0,0,0,130140,130140
1054,8,0,0,33617,33618,0,0,0,0,130140,130140
1055,0,0,0,33631,33631,0,0,0,0,0,0
1056,0,0,0,33638,33638,0,0,0,0,0,0
1057,0,0,0,4182,4182,0,0,0,0,0,0
1058,0,0,0,26914,26914,0,0,0,0,0,0
1059,8,0,0,17885,17886,0,0,0,0,130140,130140
1060,0,0,0,33922,33922,0,0,0,0,0,0
1061,0,0,0,4182,4182,0,0,0,0,0,0
1062,0,0,0,27236,27236,0,0,0,0,0,0
1063,0,0,0,34754,34754,0,0,0,0,0,0
1064,0,0,0,34754,34754,0,0,0,0,0,0
1065,0,0,0,34753,34753,0,0,0,0,0,0
1066,0,0,0,34939,34939,0,0,0,0,0,0
1067,0,0,0,33172,33172,0,0,0,0,0,0
1068,0,0,0,35009,35009,0,0,0,0,0,0
1069,0,0,0,35016,35016,0,0,0,0,0,0
1070,0,0,0,35020,35020,0,0,0,0,0,0
1071,0,0,0,35016,35016,0,0,0,0,0,0
1072,0,0,0,35030,35030,0,0,0,0,0,0
1073,0,0,0,35031,35031,0,0,0,0,0,0
1074,0,0,0,35035,35035,0,0,0,0,0,0
1075,0,0,0,35031,35031,0,0,0,0,0,0
1076,0,0,0,35043,35043,0,0,0,0,0,0
1077,0,0,0,35045,35045,0,0,0,0,0,0
1078,0,0,0,35048,35048,0,0,0,0,0,0
1079,0,0,0,35049,35049,0,0,0,0,0,0
1080,0,0,0,35052,35052,0,0,0,0,0,0
1081,0,0,0,35053,35053,0,0,0,0,0,0
1082,0,0,0,35058,35058,0,0,0,0,0,0
1083,0,0,0,35062,35062,0,0,0,0,0,0
1084,0,0,0,35063,35063,0,0,0,0,0,0
1085,0,0,0,35064,35064,0,0,0,0,0,0
1086,0,0,0,35072,35072,0,0,0,0,0,0
1087,8,0,0,28083,28083,0,0,0,0,130140,130140
1088,0,0,0,35095,35095,0,0,0,0,0,0
1090,0,0,0,35097,35097,0,0,0,0,0,0
1091,0,0,0,35098,35098,0,0,0,0,0,0
1092,0,0,0,9005,9005,0,0,0,0,0,0
1093,0,0,0,35102,35102,0,0,0,0,0,0
1095,0,0,0,35253,35253,0,0,0,0,0,0
1096,0,0,0,36206,36206,0,0,0,0,0,0
1097,0,0,0,36205,36205,0,0,0,0,0,0
1098,0,0,0,27236,27236,0,0,0,0,0,0
1099,0,0,0,35097,35097,0,0,0,0,0,0
1100,0,0,0,35097,35097,0,0,0,0,0,0
1101,0,0,0,9022,9022,0,0,0,0,0,0
1102,8,0,0,26789,26790,0,0,0,0,130140,130140
1103,0,0,0,37496,37496,0,0,0,0,0,0
1104,8,0,0,4182,4182,0,0,0,0,130140,130140
1105,0,0,0,37636,37637,0,0,0,0,0,0
1106,0,0,0,37661,37661,0,0,0,0,0,0
1107,0,0,0,37662,37662,0,0,0,0,0,0
1108,8,0,0,37709,37709,0,0,0,0,130140,130140
1109,0,0,0,37713,37713,0,0,0,0,0,0
1111,0,0,0,37727,37727,0,0,0,0,0,0
1112,0,0,0,26789,26790,0,0,0,0,0,0
1113,0,0,0,37841,37841,0,0,0,0,0,0
1114,0,0,0,37869,37869,0,0,0,0,0,0
1115,0,0,0,37834,37834,0,0,0,0,0,0
1116,0,0,0,37833,37833,0,0,0,0,0,0
1117,0,0,0,37832,37832,0,0,0,0,0,0
1118,0,0,0,37831,37831,0,0,0,0,0,0
1119,0,0,0,37879,37879,0,0,0,0,0,0
1120,0,0,0,37879,37879,0,0,0,0,0,0
1121,0,0,0,37880,37880,0,0,0,0,0,0
1122,0,0,0,37870,37870,0,0,0,0,0,0
1123,0,0,0,37871,37871,0,0,0,0,0,0
1124,0,0,0,38336,38336,0,0,0,0,0,0
1125,0,0,0,38006,38006,0,0,0,0,0,0
1126,0,0,0,37871,37871,0,0,0,0,0,0
1127,0,0,0,37871,37871,0,0,0,0,0,0
1128,0,0,0,38337,38337,0,0,0,0,0,0
1129,0,0,0,37991,37991,0,0,0,0,0,0
1130,0,0,0,37871,37871,0,0,0,0,0,0
1131,0,0,0,37876,37876,0,0,0,0,0,0
1137,0,0,0,26811,26811,0,0,0,0,0,0
1138,0,0,0,39411,39411,0,0,0,0,0,0
1139,0,0,0,39445,39445,0,0,0,0,0,0
1140,0,0,0,39449,39449,0,0,0,0,0,0
1141,8,0,0,39665,39665,0,0,0,0,130140,130140
1142,0,0,0,39675,39676,0,0,0,0,0,0
1143,8,0,0,39780,40227,0,0,0,0,130140,130140
1144,9,0,0,39789,39789,0,0,0,0,130140,130140
1145,0,0,0,39794,39794,0,0,0,0,0,0
1146,9,0,0,39822,39822,0,0,0,0,130140,130140
1147,9,0,0,39821,39821,0,0,0,0,130140,130140
1148,9,0,0,39831,39831,0,0,0,0,130140,130140
1149,9,0,0,39832,39832,0,0,0,0,130140,130140
1150,9,0,0,39833,39833,0,0,0,0,130140,130140
1151,9,0,0,39834,39834,0,0,0,0,130140,130140
1152,0,0,0,39872,39872,0,0,0,0,0,0
1153,0,0,0,39912,39912,0,0,0,0,0,0
1154,0,0,0,39928,39928,0,0,0,0,0,0
1155,0,0,0,39928,39928,0,0,0,0,0,0
1156,0,0,0,39929,39929,0,0,0,0,0,0
1157,0,0,0,39931,39931,0,0,0,0,0,0
1158,0,0,0,39932,39932,0,0,0,0,0,0
1159,0,0,0,39935,39935,0,0,0,0,0,0
1160,0,0,0,39936,39936,0,0,0,0,0,0
1161,8,0,0,39937,39937,0,0,0,0,130140,130140
1162,0,0,0,39940,39940,0,0,0,0,0,0
1163,0,0,0,39947,39947,0,0,0,0,0,0
1164,0,0,0,37827,37827,0,0,0,0,0,0
1165,0,0,0,40032,40032,0,0,0,0,0,0
1166,1,0,0,9017,9017,0,0,0,0,0,0
1167,0,0,0,40042,40042,0,0,0,0,0,0
1168,0,0,0,24418,24418,0,0,0,0,0,0
1169,8,0,0,39831,39831,0,0,0,0,130140,130140
1170,8,0,0,18149,18150,0,0,0,0,130140,130140
1171,0,0,0,40105,40105,0,0,0,0,0,0
1172,0,0,0,40115,40116,0,0,0,0,0,0
1173,1,0,0,40154,40154,0,0,0,0,0,0
1179,8,0,0,40274,40277,0,0,0,0,130140,130140
1180,8,0,0,40288,40289,0,0,0,0,130140,130140
1181,0,0,0,40331,40331,0,0,0,0,0,0
1182,8,0,0,40351,40352,0,0,0,0,130140,130140
1183,8,0,0,43478,43479,0,0,0,0,130140,130140
1184,0,0,0,40351,40352,0,0,0,0,0,0
1185,0,0,0,40351,40352,0,0,0,0,0,0
1186,0,0,0,40351,40352,0,0,0,0,0,0
1187,8,0,0,47368,47369,0,0,0,0,130140,130140
1188,0,0,0,40351,40352,0,0,0,0,0,0
1189,0,0,0,40388,40388,0,0,0,0,0,0
1190,0,0,0,40403,40403,0,0,0,0,0,0
1191,9,0,0,40408,40408,0,0,0,0,130140,130140
1192,8,0,0,40441,40442,0,0,0,0,130140,130140
1193,0,0,0,40467,40467,0,0,0,0,0,0
1194,0,0,0,9014,9014,0,0,0,0,0,0
1195,0,0,0,4214,4214,0,0,0,0,0,0
1196,0,0,0,41070,41070,0,0,0,0,0,0
1197,0,0,0,40867,40867,0,0,0,0,0,0
1198,0,0,0,40871,40871,0,0,0,0,0,0
1199,0,0,0,40878,40878,0,0,0,0,0,0
1200,0,0,0,40879,40879,0,0,0,0,0,0
1201,0,0,0,40880,40880,0,0,0,0,0,0
1202,0,0,0,40881,40881,0,0,0,0,0,0
1203,0,0,0,40882,40882,0,0,0,0,0,0
1204,0,0,0,40883,40883,0,0,0,0,0,0
1205,0,0,0,40884,40884,0,0,0,0,0,0
1206,0,0,0,40885,40885,0,0,0,0,0,0
1207,0,0,0,40886,40886,0,0,0,0,0,0
1208,0,0,0,40887,40887,0,0,0,0,0,0
1209,0,0,0,40888,40888,0,0,0,0,0,0
1210,0,0,0,40893,40893,0,0,0,0,0,0
1211,0,0,0,40894,40894,0,0,0,0,0,0
1212,0,0,0,39789,39789,0,0,0,0,0,0
1213,0,0,0,40288,40289,0,0,0,0,0,0
1216,0,0,0,41071,41071,0,0,0,0,0,0
1217,8,0,0,41072,40442,0,0,0,0,130140,130140
1218,8,0,0,41073,41074,0,0,0,0,130140,130140
1219,8,0,0,41072,40442,0,0,0,0,130140,130140
1220,8,0,0,41118,41119,0,0,0,0,130140,130140
1221,0,0,0,17916,17916,0,0,0,0,0,0
1222,8,0,0,4994,4994,0,0,0,0,130140,130140
1223,0,0,0,17916,17916,0,0,0,0,0,0
1224,8,0,0,17916,17916,0,0,0,0,130140,130140
1225,8,0,0,40115,40116,0,0,0,0,130140,130140
1226,0,0,0,41072,41072,0,0,0,0,0,0
1227,8,0,0,41193,41194,0,0,0,0,130140,130140
1228,0,0,0,39822,39822,0,0,0,0,0,0
1229,1,0,0,58361,41504,3,0,44,0,0,0
1230,0,0,0,41388,41388,0,0,0,0,0,0
1231,9,0,0,41403,41403,0,0,0,0,130140,130140
1232,0,0,0,41423,41423,0,0,0,0,0,0
1233,0,0,0,4214,4214,0,0,0,0,0,0
1234,0,0,0,41511,41511,0,0,0,0,0,0
1235,8,0,0,40154,40154,0,0,0,0,130140,130140
1236,0,0,0,42552,42552,0,0,0,0,0,0
1237,0,0,0,27236,27236,0,0,0,0,0,0
1239,0,0,0,42247,42247,0,0,0,0,0,0
1240,0,0,0,42248,42248,0,0,0,0,0,0
1241,0,0,0,42331,42331,0,0,0,0,0,0
1242,0,0,0,42333,42333,0,0,0,0,0,0
1243,0,0,0,42334,42334,0,0,0,0,0,0
1244,8,0,0,42335,42336,0,0,0,0,130140,130140
1245,0,0,0,40288,40289,0,0,0,0,0,0
1246,0,0,0,42563,42563,0,0,0,0,0,0
1247,0,0,0,42626,42626,0,0,0,0,0,0
1248,9,0,0,42645,42645,0,0,0,0,130140,130140
1249,0,0,0,42776,42776,0,0,0,0,0,0
1250,9,0,0,42847,42848,0,0,0,0,130140,130140
1251,8,0,0,42849,42850,0,0,0,0,130140,130140
1252,8,0,0,42853,42854,0,0,0,0,130140,130140
1253,0,0,0,42987,42987,0,0,0,0,0,0
1254,0,0,0,43107,43107,0,0,0,0,0,0
1255,0,0,0,43132,43132,0,0,0,0,0,0
1256,0,0,0,43382,43382,0,0,0,0,0,0
1257,8,0,0,9015,9015,0,0,0,0,130140,130140
1258,8,0,0,47029,47029,0,0,0,0,130140,130140
1259,0,0,0,9022,9022,0,0,0,0,0,0
1260,0,0,0,9022,9022,0,0,0,0,0,0
1261,0,0,0,43474,43474,0,0,0,0,0,0
1262,0,0,0,37827,37827,0,0,0,0,0,0
1263,0,0,0,40351,40352,0,0,0,0,0,0
1264,8,0,0,33617,33618,0,0,0,0,130140,130140
1265,8,0,0,43827,43828,0,0,0,0,130140,130140
1266,8,0,0,43825,43826,0,0,0,0,130140,130140
1267,0,0,0,4214,4214,0,0,0,0,0,0
1268,0,0,0,4214,4214,0,0,0,0,0,0
1269,0,0,0,4214,4214,0,0,0,0,0,0
1270,0,0,0,4214,4214,0,0,0,0,0,0
1271,0,0,0,4214,4214,0,0,0,0,0,0
1272,0,0,0,4214,4214,0,0,0,0,0,0
1273,0,0,0,4214,4214,0,0,0,0,0,0
1274,8,0,0,44001,44002,0,0,0,0,130140,130140
1275,0,0,0,4214,4214,0,0,0,0,0,0
1276,0,0,0,4214,4214,0,0,0,0,0,0
1277,0,0,0,4214,4214,0,0,0,0,0,0
1278,0,0,0,4214,4214,0,0,0,0,0,0
1279,0,0,0,4214,4214,0,0,0,0,0,0
1280,0,0,0,4214,4214,0,0,0,0,0,0
1281,0,0,0,4214,4214,0,0,0,0,0,0
1282,0,0,0,4214,4214,0,0,0,0,0,0
1283,0,0,0,4214,4214,0,0,0,0,0,0
1284,0,0,0,4214,4214,0,0,0,0,0,0
1285,0,0,0,4322,4322,0,0,0,0,0,0
1286,0,0,0,4195,4195,0,0,0,0,0,0
1287,0,0,0,44184,44185,0,0,0,0,0,0
1288,0,0,0,9023,9023,0,0,0,0,0,0
1290,8,0,0,43825,43826,0,0,0,0,130140,130140
1291,0,0,0,45170,45170,0,0,0,0,0,0
1292,0,0,0,4214,4214,0,0,0,0,0,0
1293,0,0,0,40388,40388,0,0,0,0,0,0
1294,8,0,0,39780,40227,0,0,0,0,130140,130140
1295,8,0,0,4214,4214,0,0,0,0,130140,130140
1296,0,0,0,46825,46826,0,0,0,0,0,0
1297,0,0,0,46916,46916,0,0,0,0,0,0
1298,0,0,0,46923,46923,0,0,0,0,0,0
1299,0,0,0,46940,46940,0,0,0,0,0,0
1300,8,0,0,39780,40227,0,0,0,0,130140,130140
1301,0,0,0,4214,4214,0,0,0,0,0,0
1302,0,0,0,39780,40227,0,0,0,0,0,0
1303,0,0,0,47036,47036,0,0,0,0,0,0
1304,0,0,0,4183,4184,0,0,0,0,0,0
1305,8,0,0,47116,47116,0,0,0,0,130140,130140
1306,0,0,0,47202,47202,0,0,0,0,0,0
1307,0,0,0,47201,47201,0,0,0,0,0,0
1308,0,0,0,4214,4214,0,0,0,0,0,0
1309,0,0,0,4394,4394,0,0,0,0,0,0
1310,0,0,0,4394,4394,0,0,0,0,0,0
1311,0,0,0,4394,4394,0,0,0,0,0,0
1312,0,0,0,4394,4394,0,0,0,0,0,0
1313,8,0,0,4176,4177,0,0,0,0,130140,130140
1314,0,0,0,7359,7359,0,0,0,0,0,0
1315,9,0,0,40408,40408,0,0,0,0,130140,130140
1316,0,0,0,4214,4214,0,0,0,0,0,0
1317,0,0,0,40115,40116,0,0,0,0,0,0
1318,0,0,0,4195,4195,0,0,0,0,0,0
1319,0,0,0,4322,4322,0,0,0,0,0,0
1320,0,0,0,4214,4214,0,0,0,0,0,0
1321,0,0,0,4195,4195,0,0,0,0,0,0
1322,0,0,0,4214,4214,0,0,0,0,0,0
1323,0,0,0,4214,4214,0,0,0,0,0,0
1324,0,0,0,4214,4214,0,0,0,0,0,0
1325,0,0,0,4214,4214,0,0,0,0,0,0
1326,0,0,0,4214,4214,0,0,0,0,0,0
1327,0,0,0,4214,4214,0,0,0,0,0,0
1328,0,0,0,7359,7359,0,0,0,0,0,0
1329,0,0,0,4214,4214,0,0,0,0,0,0
1330,9,0,0,48215,48215,0,0,0,0,130140,130140
1331,8,0,0,48241,48241,0,0,0,0,130140,130140
1332,0,0,0,41403,41403,0,0,0,0,0,0
1333,8,0,0,48277,48278,0,0,0,0,130140,130140
1334,8,0,0,48280,48281,0,0,0,0,130140,130140
1335,0,0,0,41403,41403,0,0,0,0,0,0
1336,0,0,0,41403,41403,0,0,0,0,0,0
1337,0,0,0,12702,12702,0,0,0,0,0,0
1338,1,0,0,8536,8536,0,0,0,0,0,0
1339,0,0,0,48365,48365,0,0,0,0,0,0
1340,0,0,0,4214,4214,0,0,0,0,0,0
1341,8,0,0,48584,48584,0,0,0,0,130140,130140
1342,9,0,0,48585,48585,0,0,0,0,130140,130140
1343,0,0,0,48619,48619,0,0,0,0,0,0
1344,0,0,0,48627,48627,0,0,0,0,0,0
1345,0,0,0,48638,48638,0,0,0,0,0,0
1346,8,0,0,48677,48677,0,0,0,0,130140,130140
1347,8,0,0,48681,48681,0,0,0,0,130140,130140
1348,0,0,0,48696,48696,0,0,0,0,0,0
1349,0,0,0,48704,48704,0,0,0,0,0,0
1350,8,0,0,48705,48705,0,0,0,0,130140,130140
1351,9,0,0,48708,48708,0,0,0,0,130140,130140
1352,0,0,0,4195,4195,0,0,0,0,0,0
1353,0,0,0,4195,4195,0,0,0,0,0,0
1354,0,0,0,4214,4214,0,0,0,0,0,0
1355,8,0,0,17889,17890,0,0,0,0,130140,130140
1356,0,0,0,4214,4214,0,0,0,0,0,0
1357,0,0,0,4214,4214,0,0,0,0,0,0
1358,0,0,0,4214,4214,0,0,0,0,0,0
1359,0,0,0,4214,4214,0,0,0,0,0,0
1360,0,0,0,48365,48365,0,0,0,0,0,0
1361,8,0,0,37827,37827,0,0,0,0,130140,130140
1362,0,0,0,48365,48365,0,0,0,0,0,0
1363,0,0,0,49165,49165,0,0,0,0,0,0
1364,0,0,0,49168,49168,0,0,0,0,0,0
1369,0,0,0,9014,9014,0,0,0,0,0,0
1370,0,0,0,9022,9022,0,0,0,0,0,0
1371,0,0,0,4214,4214,0,0,0,0,0,0
1372,9,0,0,25594,25594,0,0,0,0,130140,130140
1373,0,0,0,35048,35048,0,0,0,0,0,0
1374,8,0,0,18175,0,0,0,0,0,130140,130140
1375,8,0,0,53205,53775,0,0,0,0,130140,130140
1376,8,0,0,17901,17901,0,0,0,0,130140,130140
1377,8,0,0,57789,57789,0,0,0,0,130140,130140
1378,8,0,0,17885,17886,0,0,0,0,130140,130140
1379,8,0,0,17885,17886,0,0,0,0,130140,130140
1380,8,0,0,17885,17886,0,0,0,0,130140,130140
1381,0,0,0,9022,9022,0,0,0,0,0,0
1382,0,0,0,17889,17890,0,0,0,0,0,0
1383,0,0,0,40388,40388,0,0,0,0,0,0
1384,8,0,0,26809,26809,0,0,0,0,130140,130140
1385,8,0,0,26809,26809,0,0,0,0,130140,130140
1386,0,0,0,13113,13113,0,0,0,0,0,0
1387,8,0,0,49558,49559,0,0,0,0,130140,130140
1388,8,0,0,40388,40388,0,0,0,0,130140,130140
1389,0,0,0,17885,17886,0,0,0,0,0,0
1390,8,0,0,26754,26755,0,0,0,0,130140,130140
1391,9,0,0,25594,25594,0,0,0,0,130140,130140
1392,0,0,0,49794,49795,0,0,0,0,0,0
1393,0,0,0,47116,47116,0,0,0,0,0,0
1394,0,0,0,9022,9022,0,0,0,0,0,0
1395,8,0,0,13113,13113,0,0,0,0,130140,130140
1396,8,0,0,49839,49839,0,0,0,0,130140,130140
1397,0,0,0,39940,39940,0,0,0,0,0,0
1398,8,0,0,35095,35095,0,0,0,0,130140,130140
1399,0,0,0,49866,49866,0,0,0,0,0,0
1400,0,0,0,49868,49868,0,0,0,0,0,0
1401,0,0,0,49871,49871,0,0,0,0,0,0
1402,0,0,0,8670,8670,0,0,0,0,0,0
1403,0,0,0,35097,35097,0,0,0,0,0,0
1404,8,0,0,53203,53783,0,0,0,0,130140,130140
1405,8,0,0,53205,53775,0,0,0,0,130140,130140
1406,8,0,0,53254,53821,0,0,0,0,130140,130140
1407,0,0,0,53302,53302,0,0,0,0,0,0
1408,8,0,0,53623,53624,0,0,0,0,130140,130140
1409,0,0,0,53682,53682,0,0,0,0,0,0
1410,1,0,0,53862,53862,0,0,0,0,0,0
1411,0,0,0,53864,53864,0,0,0,0,0,0
1412,1,0,0,8533,8533,0,0,0,0,0,0
1413,0,0,0,56602,56602,0,0,0,0,0,0
1414,0,0,0,53976,53976,0,0,0,0,0,0
1415,0,0,0,26809,26809,0,0,0,0,0,0
1416,0,0,0,53928,53928,0,0,0,0,0,0
1417,0,0,0,35064,35064,0,0,0,0,0,0
1418,8,0,0,58090,58090,0,0,0,0,130140,130140
1419,0,0,0,53983,53983,0,0,0,0,0,0
1420,0,0,0,53972,53972,0,0,0,0,0,0
1421,0,0,0,4214,4214,0,0,0,0,0,0
1422,0,0,0,53682,53682,0,0,0,0,0,0
1423,0,0,0,54222,54222,0,0,0,0,0,0
1424,0,0,0,54223,54223,0,0,0,0,0,0
1425,0,0,0,4214,4214,0,0,0,0,0,0
1426,8,0,0,54235,54235,0,0,0,0,130140,130140
1427,0,0,0,54236,54236,0,0,0,0,0,0
1428,8,0,0,54242,54242,0,0,0,0,130140,130140
1429,0,0,0,9023,9023,0,0,0,0,0,0
1430,0,0,0,54235,54235,0,0,0,0,0,0
1431,0,0,0,4214,4214,0,0,0,0,0,0
1432,8,0,0,54251,54251,0,0,0,0,130140,130140
1433,0,0,0,54255,54255,0,0,0,0,0,0
1434,0,0,0,9022,9022,0,0,0,0,0,0
1435,8,0,0,17885,17886,0,0,0,0,130140,130140
1436,0,0,0,54303,54303,0,0,0,0,0,0
1437,8,0,0,17883,17884,0,0,0,0,130140,130140
1438,8,0,0,54740,54740,0,0,0,0,130140,130140
1439,0,0,0,54739,54739,0,0,0,0,0,0
1440,8,0,0,54947,58017,0,0,0,0,130140,130140
1441,0,0,0,54948,54948,0,0,0,0,0,0
1442,0,0,0,54948,54948,0,0,0,0,0,0
1443,0,0,0,54948,54948,0,0,0,0,0,0
1444,0,0,0,54948,54948,0,0,0,0,0,0
1445,0,0,0,54950,54950,0,0,0,0,0,0
1446,8,0,0,54973,54973,0,0,0,0,130140,130140
1447,8,0,0,54950,54950,0,0,0,0,130140,130140
1448,8,0,0,54972,54972,0,0,0,0,130140,130140
1449,8,0,0,58090,58090,0,0,0,0,130140,130140
1450,8,0,0,54978,54978,0,0,0,0,130140,130140
1451,0,0,0,54235,54235,0,0,0,0,0,0
1452,8,0,0,55482,55482,0,0,0,0,130140,130140
1453,8,0,0,54973,54973,0,0,0,0,130140,130140
1454,0,0,0,54978,54978,0,0,0,0,0,0
1455,0,0,0,35072,35072,0,0,0,0,0,0
1456,0,0,0,41070,41070,0,0,0,0,0,0
1457,0,0,0,55711,55711,0,0,0,0,0,0
1458,0,0,0,57192,57192,0,0,0,0,0,0
1459,1,0,0,57195,57195,0,0,0,0,0,0
1460,1,0,0,57198,57198,0,0,0,0,0,0
1461,0,0,0,53682,53682,0,0,0,0,0,0
1462,0,0,0,53682,53682,0,0,0,0,0,0
1463,0,0,0,57220,57220,0,0,0,0,0,0
1464,0,0,0,54236,54236,0,0,0,0,0,0
1465,0,0,0,41070,41070,0,0,0,0,0,0
1466,0,0,0,74316,74316,0,0,0,0,0,0
1467,0,0,0,74927,74927,0,0,0,0,0,0
1468,0,0,0,57416,57416,0,0,0,0,0,0
1469,8,0,0,58090,58090,0,0,0,0,130140,130140
1470,0,0,0,37661,37661,0,0,0,0,0,0
1471,0,0,0,54235,54235,0,0,0,0,0,0
1472,0,0,0,57504,57504,0,0,0,0,0,0
1473,0,0,0,54251,54251,0,0,0,0,0,0
1474,0,0,0,57573,57573,0,0,0,0,0,0
1475,8,0,0,57752,57752,0,0,0,0,130140,130140
1476,9,0,0,57788,57788,0,0,0,0,130140,130140
1477,0,0,0,17885,17886,0,0,0,0,0,0
1478,8,0,0,57752,57752,0,0,0,0,130140,130140
1479,8,0,0,75999,58703,0,0,0,0,130140,130140
1481,0,0,0,58009,58009,0,0,0,0,0,0
1482,0,0,0,58028,58028,0,0,0,0,0,0
1483,0,0,0,58320,58320,0,0,0,0,0,0
1484,8,0,0,58090,58090,0,0,0,0,130140,130140
1485,8,0,0,53254,53821,0,0,0,0,130140,130140
1486,8,0,0,13374,13374,0,0,0,0,130140,130140
1487,9,0,0,58702,58703,0,0,0,0,130140,130140
1488,8,0,0,58704,58705,0,0,0,0,130140,130140
1489,8,0,0,58853,58854,0,0,0,0,130140,130140
1491,8,0,0,59012,59013,0,0,0,0,130140,130140
1492,0,0,0,56602,56602,0,0,0,0,0,0
1494,2,28,0,0,0,0,0,0,0,0,0
1495,0,0,0,64040,64040,0,0,0,0,0,0
1496,8,0,0,64041,64042,0,0,0,0,130140,130140
1497,0,0,0,26918,26918,0,0,0,0,0,0
1498,0,0,0,64414,64414,0,0,0,0,0,0
1499,0,0,0,64478,64478,0,0,0,0,0,0
1500,0,0,0,64480,64480,0,0,0,0,0,0
1501,0,0,0,64502,64502,0,0,0,0,0,0
1502,0,0,0,4214,4214,0,0,0,0,0,0
1504,0,0,0,71389,71389,0,0,0,0,130140,130140
1505,0,0,0,40882,40882,0,0,0,0,0,0
1507,0,0,0,53976,53976,0,0,0,0,0,0
1508,0,0,0,68037,68037,0,0,0,0,0,0
1509,1,0,30,68232,68232,0,0,0,0,0,0
1510,8,0,0,58703,58703,0,0,0,0,130140,130140
1511,8,0,0,55482,55482,0,0,0,0,130140,130140
1512,0,0,0,69702,69703,0,0,0,0,0,0
1513,0,0,0,69709,69709,0,0,0,0,0,0
1514,0,0,0,69726,69727,0,0,0,0,0,0
1515,8,0,0,69960,69960,0,0,0,0,130140,130140
1516,8,0,0,53624,53624,0,0,0,0,130140,130140
1517,8,0,0,55482,55482,0,0,0,0,130140,130140
1518,0,0,0,70398,70398,0,0,0,0,0,0
1519,0,0,0,4215,4215,0,0,0,0,0,0
1520,8,0,0,58703,58703,0,0,0,0,130140,130140
1521,0,0,0,71389,71389,0,0,0,0,130140,130140
1522,0,28,0,72474,72474,0,0,0,0,0,0
1523,1,0,0,71956,71956,0,0,0,0,0,0
1524,1,0,0,71956,71956,0,0,0,0,0,0
1525,0,0,0,72139,72139,0,0,0,0,0,0
1526,8,0,0,72694,72695,0,0,0,0,130140,130140
1527,0,0,0,4215,4215,0,0,0,0,0,0
1528,0,0,0,64414,64414,0,0,0,0,0,0
1529,0,0,0,72971,72971,0,0,0,0,0,0
1530,0,0,0,73035,0,0,0,0,0,0,0
1531,0,0,0,29170,29169,0,0,0,0,0,0
1532,0,0,0,4210,4211,0,0,0,0,0,0
1533,0,0,28,74457,74457,0,0,0,0,0,0
1534,0,0,0,75027,75027,0,0,0,0,0,0
1535,0,0,0,75055,75054,0,0,0,0,0,0
1536,0,0,0,75086,75086,0,0,0,0,0,0
1537,0,0,0,75670,75670,0,0,0,0,0,0
1538,0,0,0,76275,76275,0,0,0,0,0,0
1539,0,0,0,76741,76741,0,0,0,0,0,0
1540,9,0,30,77406,77406,0,0,0,0,130140,130140
1541,0,0,0,77463,77463,0,0,0,0,0,0
1542,0,0,0,78053,78053,0,0,0,0,0,0
1543,0,0,0,9029,9029,0,0,0,0,0,0
1544,8,0,0,71389,71389,0,0,0,0,130140,130140
1545,0,0,0,79482,79482,0,0,0,0,0,0
1546,0,0,0,56602,56602,0,0,0,0,0,0
1547,8,0,0,79731,79732,0,0,0,0,130140,130140
1548,0,0,0,79770,79770,0,0,0,0,0,0
1549,0,0,0,80043,80043,0,0,0,0,0,0
1550,0,0,0,80044,80044,0,0,0,0,0,0
1551,0,0,0,80373,80373,0,0,0,0,0,0
1552,0,0,0,80374,80374,0,0,0,0,0,0
1553,0,0,0,80386,80386,0,0,0,0,0,0
1554,0,0,0,80450,80450,0,0,0,0,0,0
1555,0,0,0,80454,80454,0,0,0,0,0,0
1556,0,0,0,53983,53983,0,0,0,0,0,0
1557,0,0,0,80920,80920,0,0,0,0,0,0
1558,1,0,0,81069,81069,0,0,0,0,0,0
1559,1,0,0,81240,81240,0,0,0,0,0,0
1560,0,0,0,81556,81556,0,0,0,0,0,0
1561,0,0,0,81932,81932,0,0,0,0,0,0
1562,0,0,0,81933,81933,0,0,0,0,0,0
1563,8,0,0,53682,53682,0,0,0,0,130140,130140
1564,0,0,0,83348,83348,0,0,0,0,0,0
1565,0,0,0,84305,84305,0,0,0,0,0,0
1566,0,0,0,84451,84451,0,0,0,0,0,0
1567,0,0,0,26754,26755,0,0,0,0,0,0
1568,0,0,0,27236,27236,0,0,0,0,0,0
1569,0,0,28,85094,85094,0,0,0,0,0,0
1570,8,0,0,90761,90762,0,0,0,0,130140,130140
1571,8,0,0,94607,94608,0,0,0,0,130140,130140
1572,0,0,0,35095,35095,0,0,0,0,0,0
1573,8,0,0,85247,85247,0,0,0,0,130140,130140
1574,8,0,0,12740,12740,0,0,0,0,130140,130140
1575,8,0,0,49839,49839,0,0,0,0,130140,130140
1576,0,0,0,85576,85576,0,0,0,0,0,0
1577,0,0,0,86058,86058,0,0,0,0,0,0
1578,0,0,0,53983,53983,0,0,0,0,0,0
1579,0,0,0,40403,40403,0,0,0,0,0,0
1580,0,0,0,33172,33172,0,0,0,0,0,0
1581,0,0,0,85729,85729,0,0,0,0,0,0
1583,0,0,0,85978,85978,0,0,0,0,0,0
1584,0,0,0,85981,85981,0,0,0,0,0,0
1585,0,0,0,86007,86007,0,0,0,0,0,0
1586,0,0,0,86057,86057,0,0,0,0,0,0
1587,0,0,0,86408,86408,0,0,0,0,0,0
1588,0,0,0,86416,86416,0,0,0,0,0,0
1589,0,0,0,86058,86058,0,0,0,0,0,0
1590,0,0,0,86423,86423,0,0,0,0,0,0
1591,0,0,0,86425,86425,0,0,0,0,0,0
1592,0,0,0,53983,53983,0,0,0,0,0,0
1594,0,0,0,86479,86479,0,0,0,0,0,0
1595,0,0,0,86571,86571,0,0,0,0,0,0
1596,0,0,0,88199,88199,0,0,0,0,0,0
1597,0,0,0,85978,85978,0,0,0,0,0,0
1598,0,0,0,85978,85978,0,0,0,0,0,0
1599,0,0,0,88934,88934,0,0,0,0,0,0
1600,8,0,0,89082,89082,0,0,0,0,130140,130140
1601,8,0,0,89093,89093,0,0,0,0,130140,130140
1602,8,0,0,89095,89095,0,0,0,0,130140,130140
1603,8,0,0,89096,89096,0,0,0,0,130140,130140
1604,8,0,0,89097,89097,0,0,0,0,130140,130140
1605,8,0,0,89098,89098,0,0,0,0,130140,130140
1606,0,0,0,89306,89306,0,0,0,0,0,0
1607,0,0,0,89366,89366,0,0,0,0,0,0
1608,0,0,0,89403,89403,0,0,0,0,0,0
1609,0,28,0,89734,89734,0,0,0,0,0,0
1610,0,0,0,89932,89932,0,0,0,0,0,0
1611,8,0,0,90701,90702,0,0,0,0,130140,130140
1612,8,0,0,90703,90704,0,0,0,0,130140,130140
1613,8,0,0,90705,90706,0,0,0,0,130140,130140
1614,8,0,30,104317,104318,0,0,0,0,130140,130140
1615,0,0,0,90754,90754,0,0,0,0,0,0
1616,0,0,0,54235,54235,0,0,0,0,0,0
1617,0,0,0,90813,90813,0,0,0,0,0,0
1618,0,0,0,90814,90814,0,0,0,0,0,0
1619,8,0,0,90816,90817,0,0,0,0,130140,130140
1620,0,0,0,90818,90818,0,0,0,0,0,0
1621,0,0,0,90819,90819,0,0,0,0,0,0
1622,8,0,0,90833,90833,0,0,0,0,130140,130140
1623,8,0,0,90834,90834,0,0,0,0,130140,130140
1625,8,0,0,90881,90882,0,0,0,0,130140,130140
1626,8,0,0,95165,95166,0,0,0,0,130140,130140
1627,8,0,0,17895,17896,0,0,0,0,130140,130140
1628,0,0,0,90933,90933,0,0,0,0,0,0
1629,0,0,0,91241,91241,0,0,0,0,0,0
1630,8,0,0,17889,17890,0,0,0,0,130140,130140
1631,0,0,0,90813,90813,0,0,0,0,0,0
1632,0,0,0,116264,116264,0,0,0,0,0,0
1633,8,0,0,90703,90704,0,0,0,0,130140,130140
1634,8,0,0,94346,94347,0,0,0,0,130140,130140
1635,8,0,0,94348,94349,0,0,0,0,130140,130140
1636,9,0,29,94601,94601,0,0,0,0,130140,130140
1637,0,0,29,114478,114479,0,0,0,0,0,0
1638,0,0,0,94623,94623,0,0,0,0,0,0
1639,8,0,0,95165,95166,0,0,0,0,130140,130140
1640,8,0,0,95171,95172,0,0,0,0,130140,130140
1641,0,0,0,95564,95564,0,0,0,0,0,0
1642,0,0,0,41070,41070,0,0,0,0,0,0
1643,8,0,0,97218,97219,0,0,0,0,130140,130140
1644,8,0,0,96440,96440,0,0,0,0,130140,130140
1645,8,0,0,97218,97219,0,0,0,0,130140,130140
1646,0,0,0,97226,97226,0,0,0,0,0,0
1647,0,0,0,0,0,0,0,0,0,0,0
1648,8,0,0,99318,99318,0,0,0,0,130140,130140
1649,8,0,0,99318,99318,0,0,0,0,130140,130140
1650,0,0,29,114478,114479,0,0,0,0,0,0
1651,0,0,0,99341,99341,0,0,0,0,0,0
1652,8,0,0,90703,90704,0,0,0,0,130140,130140
1653,8,0,0,90816,90817,0,0,0,0,130140,130140
1654,8,0,0,4193,4194,0,0,0,0,130140,130140
1655,8,0,0,101411,101412,0,0,0,0,130140,130140
1656,0,0,0,99341,99341,0,0,0,0,0,0
1657,0,0,0,101648,101648,0,0,0,0,0,0
1658,8,0,0,101685,101685,0,0,0,0,130140,130140
1659,8,0,0,101987,101987,0,0,0,0,130140,130140
1660,0,0,0,101988,101988,0,0,0,0,0,0
1661,8,0,0,101990,101990,0,0,0,0,130140,130140
1662,0,0,0,4195,4195,0,0,0,0,0,0
1663,8,0,0,102014,102014,0,0,0,0,130140,130140
1664,0,0,0,102045,102044,0,0,0,0,0,0
1665,8,0,0,95165,95166,0,0,0,0,130140,130140
1666,8,0,0,102053,102054,0,0,0,0,130140,130140
1668,8,0,0,102065,102065,0,0,0,0,130140,130140
1669,0,0,0,90813,90813,0,0,0,0,0,0
1670,8,0,0,104157,104157,0,0,0,0,130140,130140
1671,0,0,0,104544,104544,0,0,0,0,0,0
1672,0,0,0,105008,105008,0,0,0,0,0,0
1673,0,0,0,106089,106089,0,0,0,0,0,0
1674,0,33,0,106133,106133,0,0,0,0,0,0
1692,0,0,0,17885,17886,0,0,0,0,0,0
1693,0,0,0,107425,107425,0,0,0,0,0,0
1694,0,0,0,107435,107435,0,0,0,0,0,0
1695,8,0,0,107448,107449,0,0,0,0,130140,130140
1696,0,0,30,107638,107638,0,0,0,0,0,0
1697,0,0,30,107807,107807,0,0,0,0,0,0
1698,0,0,30,107807,107807,0,0,0,0,0,0
1699,0,0,0,110154,110154,0,0,0,0,0,0
1700,0,0,0,110601,110601,0,0,0,0,0,0
1705,0,0,30,107638,107638,0,0,0,0,0,0
1706,0,0,0,110868,0,0,0,0,0,0,0
1707,8,0,0,27236,27236,0,0,0,0,130140,130140
1708,0,0,0,111023,111023,0,0,0,0,0,0
1709,0,0,0,111023,111023,0,0,0,0,0,0
1710,0,0,0,111206,111206,0,0,0,0,0,0
1711,5,0,30,119067,119067,119077,119077,0,0,0,0
1712,0,0,30,111853,111853,111854,111854,111933,111933,0,0
1713,0,0,0,9016,9016,0,0,0,0,0,0
1714,0,0,30,112016,112016,112017,112017,112018,112018,0,0
1715,8,0,30,112040,112041,0,0,0,0,130140,130140
1716,5,0,0,112402,112402,112478,112478,112686,112686,0,0
1717,5,0,30,112628,112628,112637,112637,112687,112687,0,0
1718,0,0,0,12553,12556,0,0,0,0,0,0
1719,0,0,0,119283,119283,0,0,0,0,0,0
1720,0,0,0,116071,116071,0,0,0,0,0,0
1722,5,0,30,112737,112737,112738,112738,112739,112739,0,0
1723,5,0,0,112759,112759,0,0,0,0,0,0
1724,0,0,0,112761,112761,112765,112765,0,0,0,0
1725,0,0,0,112797,112797,0,0,0,0,0,0
1825,0,0,0,118843,118843,0,0,0,0,0,0
1826,0,0,0,113439,113439,0,0,0,0,0,0
1827,0,0,0,113458,113458,0,0,0,0,0,0
1828,0,0,0,95165,95166,0,0,0,0,0,0
1829,0,0,30,114206,114206,0,0,0,0,0,0
1830,8,0,30,114208,114209,0,0,0,0,130140,130140
1831,1,0,0,114243,114243,0,0,0,0,0,0
1832,0,0,30,114206,114206,0,0,0,0,0,0
1833,0,0,0,97218,97219,0,0,0,0,0,0
1834,0,0,0,114368,114369,0,0,0,0,0,0
1835,8,0,30,112040,112041,0,0,0,0,130140,130140
1836,8,0,0,53205,53775,0,0,0,0,130140,130140
1837,0,0,29,114478,114479,0,0,0,0,0,0
1838,8,0,29,114438,114438,0,0,0,0,130140,130140
1839,0,0,29,114484,114484,0,0,0,0,0,0
1840,0,0,0,0,0,0,0,0,0,0,0
1841,0,0,0,114622,114622,0,0,0,0,0,0
1842,0,0,0,114863,114863,0,0,0,0,0,0
1843,0,0,29,114478,114479,0,0,0,0,0,0
1844,0,0,29,114438,114438,0,0,0,0,0,0
1845,0,0,29,114484,114484,0,0,0,0,0,0
1846,1,0,29,94601,94601,0,0,0,0,0,0
1848,8,0,0,115173,115173,0,0,0,0,130140,130140
1849,0,0,0,95171,95172,0,0,0,0,0,0
1850,0,0,0,13340,13340,0,0,0,0,0,0
1851,0,0,0,116069,116069,0,0,0,0,0,0
1852,5,0,0,111998,111998,0,0,0,0,0,0
1853,5,0,0,112759,112759,0,0,0,0,0,0
1854,5,0,0,115839,115839,0,0,0,0,0,0
1856,0,0,0,115882,115882,0,0,0,0,0,0
1857,0,0,0,115846,115846,0,0,0,0,0,0
1858,0,0,0,115884,115884,0,0,0,0,0,0
1859,0,0,0,115885,115885,0,0,0,0,0,0
1860,0,0,0,115873,115873,0,0,0,0,0,0
1861,0,0,0,115886,115886,0,0,0,0,0,0
1862,0,0,0,115913,115846,0,0,0,0,0,0
1863,5,0,0,111998,111998,0,0,0,0,0,0
1864,0,0,0,115887,115887,0,0,0,0,0,0
1865,0,0,0,115923,115923,0,0,0,0,0,0
1866,4,0,0,115952,115952,0,0,0,0,0,0
1867,4,0,0,115954,115954,0,0,0,0,0,0
1868,0,0,0,115955,115955,0,0,0,0,0,0
1869,0,0,0,115923,115923,0,0,0,0,0,0
1870,0,0,0,115846,115846,0,0,0,0,0,0
1871,0,0,0,116266,116266,0,0,0,0,0,0
1872,0,0,0,116529,116529,0,0,0,0,0,0
1873,0,0,0,117155,117155,0,0,0,0,0,0
1874,8,0,0,117416,117416,0,0,0,0,130140,130140
1875,0,0,0,9015,9015,0,0,0,0,0,0
1876,0,0,0,4216,4216,0,0,0,0,0,0
1877,8,0,0,94346,94347,0,0,0,0,130140,130140
1878,0,0,0,117155,117155,0,0,0,0,0,0
1879,8,0,0,94346,94347,0,0,0,0,130140,130140
1880,8,0,0,118814,118814,0,0,0,0,130140,130140
1881,8,0,0,97218,97219,0,0,0,0,130140,130140
1882,0,0,0,37661,37661,0,0,0,0,0,0
1883,0,0,0,46916,46916,0,0,0,0,0,0
1884,0,0,0,118844,118844,0,0,0,0,0,0
1885,0,0,0,118852,118853,0,0,0,0,0,0
1886,0,0,0,90819,90819,0,0,0,0,0,0
1887,0,0,0,37661,37661,0,0,0,0,0,0
1888,0,0,0,119743,119743,0,0,0,0,0,0
1889,8,0,0,124707,124707,0,0,0,0,130140,130140
1890,0,0,0,121660,121660,0,0,0,0,0,0
1891,0,0,0,121975,121976,0,0,0,0,0,0
1892,0,0,0,121978,121978,0,0,0,0,0,0
1893,0,0,0,95165,95166,0,0,0,0,0,0
1894,0,0,0,122206,122206,0,0,0,0,0,0
1895,0,0,0,122695,122695,0,0,0,0,0,0
1896,8,0,30,123042,123042,0,0,0,0,130140,130140
1897,0,0,30,123043,123043,0,0,0,0,0,0
1898,8,0,30,112040,112041,0,0,0,0,130140,130140
1899,8,0,30,123074,123075,0,0,0,0,130140,130140
1900,8,0,30,123076,123077,0,0,0,0,130140,130140
1901,0,0,0,95171,95172,0,0,0,0,0,0
1902,0,0,0,124502,124502,0,0,0,0,0,0
1903,0,0,0,124524,124524,0,0,0,0,0,0
1904,0,0,0,125134,125134,0,0,0,0,0,0
1905,0,0,0,125136,125136,0,0,0,0,0,0
1906,0,0,0,125134,125134,0,0,0,0,0,0
1907,0,0,0,125198,125198,0,0,0,0,0,0
1908,0,0,0,125241,125241,0,0,0,0,0,0
1909,0,0,0,125225,125225,0,0,0,0,0,0
1910,0,0,0,26754,26755,0,0,0,0,0,0
1911,0,0,0,125600,125600,0,0,0,0,0,0
1912,0,0,0,125608,125608,0,0,0,0,0,0
1913,0,0,0,125627,125627,0,0,0,0,0,0
1914,0,0,0,125805,125805,0,0,0,0,0,0
1915,0,0,0,125960,125960,0,0,0,0,0,0
1916,0,28,0,126158,126158,126182,126182,0,0,0,0
1917,0,0,0,119743,119743,0,0,0,0,0,0
1918,0,0,0,127763,127763,0,0,0,0,0,0
1920,0,0,0,128809,128810,0,0,0,0,0,0
1921,8,0,0,128842,128842,0,0,0,0,130140,130140
1922,0,0,0,95165,95166,0,0,0,0,0,0
1923,0,0,0,129215,129215,0,0,0,0,0,0
1924,8,0,0,135850,135851,0,0,0,0,130140,130140
1925,5,0,30,130036,130036,112637,112637,112687,112687,0,0
1927,0,0,0,130174,130174,0,0,0,0,0,0
1929,0,0,0,4163,4204,0,0,0,0,0,0
1930,0,0,0,4166,4167,0,0,0,0,0,0
1931,0,0,0,4170,4171,0,0,0,0,0,0
1932,0,0,0,4172,4173,0,0,0,0,0,0
1933,0,0,0,4176,4177,0,0,0,0,0,0
1934,0,0,0,4182,4182,0,0,0,0,0,0
1935,0,0,0,4183,4184,0,0,0,0,0,0
1936,0,0,0,4187,4188,0,0,0,0,0,0
1937,0,0,0,4191,4192,0,0,0,0,0,0
1938,0,0,0,4193,4194,0,0,0,0,0,0
1939,0,0,0,4195,4195,0,0,0,0,0,0
1940,0,0,0,4196,4197,0,0,0,0,0,0
1941,0,0,0,4198,4199,0,0,0,0,0,0
1942,0,0,0,4205,4206,0,0,0,0,0,0
1943,0,0,0,4207,4208,0,0,0,0,0,0
1944,0,0,0,4210,4211,0,0,0,0,0,0
1945,0,0,0,4212,4213,0,0,0,0,0,0
1946,0,0,0,4214,4214,0,0,0,0,0,0
1947,0,0,0,4217,4217,0,0,0,0,0,0
1948,0,0,0,4234,4234,0,0,0,0,0,0
1949,0,0,0,4375,4375,0,0,0,0,0,0
1950,0,0,0,4994,4994,0,0,0,0,0,0
1951,0,0,0,8472,8471,0,0,0,0,0,0
1952,0,0,0,8530,8530,0,0,0,0,0,0
1953,0,0,0,8695,8696,0,0,0,0,0,0
1954,0,0,0,8956,8956,0,0,0,0,0,0
1955,0,0,0,9004,9004,0,0,0,0,0,0
1956,0,0,0,9016,9016,0,0,0,0,0,0
1957,0,0,0,9071,9071,0,0,0,0,0,0
1958,0,0,0,9984,9984,0,0,0,0,0,0
1959,1,0,0,9996,9996,0,0,0,0,0,0
1960,0,0,0,10000,10000,0,0,0,0,0,0
1961,0,0,0,11647,11647,0,0,0,0,0,0
1962,0,0,0,11838,11839,0,0,0,0,0,0
1963,0,0,0,12546,12557,0,0,0,0,0,0
1964,0,0,0,12553,12556,0,0,0,0,0,0
1965,0,0,0,12554,12554,0,0,0,0,0,0
1966,0,0,0,12688,12689,0,0,0,0,0,0
1967,0,0,0,12752,12752,0,0,0,0,0,0
1968,0,0,0,12754,12754,0,0,0,0,0,0
1969,0,0,0,12757,12757,0,0,0,0,0,0
1970,0,0,0,12763,12763,0,0,0,0,0,0
1971,0,0,0,12772,12772,0,0,0,0,0,0
1972,0,0,0,12864,12865,0,0,0,0,0,0
1973,0,0,0,13126,13126,0,0,0,0,0,0
1974,0,0,0,13157,13157,0,0,0,0,0,0
1975,0,0,0,13318,13318,0,0,0,0,0,0
1976,0,0,0,13316,13317,0,0,0,0,0,0
1977,0,0,0,15293,15293,0,0,0,0,0,0
1978,0,0,0,16382,16383,0,0,0,0,0,0
1979,0,0,0,16495,16495,0,0,0,0,0,0
1980,0,0,0,17434,17434,0,0,0,0,0,0
1981,0,0,0,17881,17882,0,0,0,0,0,0
1982,0,0,0,17883,17884,0,0,0,0,0,0
1983,0,0,0,17885,17886,0,0,0,0,0,0
1984,0,0,0,17889,17890,0,0,0,0,0,0
1985,0,0,0,17891,17892,0,0,0,0,0,0
1986,0,0,0,17895,17896,0,0,0,0,0,0
1987,0,0,0,17897,17898,0,0,0,0,0,0
1988,0,0,0,17902,17903,0,0,0,0,0,0
1989,0,0,0,17906,17907,0,0,0,0,0,0
1990,0,0,0,17908,17909,0,0,0,0,0,0
1991,0,0,0,17910,17911,0,0,0,0,0,0
1992,0,0,0,17914,17915,0,0,0,0,0,0
1993,0,0,0,17918,17919,0,0,0,0,0,0
1994,0,0,0,17920,17921,0,0,0,0,0,0
1995,0,0,0,4210,4211,0,0,0,0,0,0
1996,0,0,0,4166,4167,0,0,0,0,0,0
1997,0,0,0,4196,4197,0,0,0,0,0,0
1998,0,0,0,4178,4179,0,0,0,0,0,0
1999,0,0,0,4193,4194,0,0,0,0,0,0
2000,0,0,0,4183,4184,0,0,0,0,0,0
2001,0,0,0,18126,18126,0,0,0,0,0,0
2002,0,0,0,18149,18150,0,0,0,0,0,0
2003,0,0,0,18151,18152,0,0,0,0,0,0
2004,0,0,0,4189,4190,0,0,0,0,0,0
2005,0,0,0,18413,18413,0,0,0,0,0,0
2006,0,0,0,18414,18414,0,0,0,0,0,0
2007,0,0,0,19970,19970,0,0,0,0,0,0
2008,0,0,0,20052,20053,0,0,0,0,0,0
2009,0,0,0,20168,20167,0,0,0,0,0,0
2010,0,0,0,24416,24416,0,0,0,0,0,0
2011,0,0,0,25244,25244,0,0,0,0,0,0
2012,0,0,0,25247,25247,0,0,0,0,0,0
2013,0,0,0,25246,25246,0,0,0,0,0,0
2014,0,29,0,25536,25536,0,0,0,0,0,0
2015,0,0,0,25608,25608,0,0,0,0,0,0
2016,0,0,0,26752,26753,0,0,0,0,0,0
2017,0,0,0,26745,26746,0,0,0,0,0,0
2018,0,0,0,26754,26755,0,0,0,0,0,0
2019,0,0,0,26750,26751,0,0,0,0,0,0
2020,0,0,0,26773,26773,0,0,0,0,0,0
2021,0,0,0,26789,26790,0,0,0,0,0,0
2022,0,0,0,26775,26775,0,0,0,0,0,0
2023,0,0,0,26796,26796,0,0,0,0,0,0
2024,0,0,0,26809,26809,0,0,0,0,0,0
2025,0,0,0,26811,26811,0,0,0,0,0,0
2026,0,0,0,26774,26774,0,0,0,0,0,0
2027,0,0,0,26913,26913,0,0,0,0,0,0
2028,0,0,0,27097,27097,0,0,0,0,0,0
2029,0,0,0,27100,27100,0,0,0,0,0,0
2030,0,0,0,27269,27269,0,0,0,0,0,0
2031,0,0,0,28081,28081,0,0,0,0,0,0
2032,0,0,0,27131,27131,0,0,0,0,0,0
2033,0,0,0,31862,31862,0,0,0,0,0,0
2034,0,0,0,9022,9022,0,0,0,0,0,0
2035,0,0,0,32096,32096,0,0,0,0,0,0
2036,0,0,0,26810,26810,0,0,0,0,0,0
2037,0,0,0,4175,4175,0,0,0,0,0,0
2038,0,0,0,35009,35009,0,0,0,0,0,0
2039,0,0,0,35062,35062,0,0,0,0,0,0
2040,0,0,0,35097,35097,0,0,0,0,0,0
2041,0,0,0,4182,4182,0,0,0,0,0,0
2042,0,0,0,37841,37841,0,0,0,0,0,0
2043,0,0,0,37834,37834,0,0,0,0,0,0
2044,0,0,0,37879,37879,0,0,0,0,0,0
2045,0,0,0,39780,40227,0,0,0,0,0,0
2046,1,0,0,39789,39789,0,0,0,0,0,0
2047,1,0,0,39822,39822,0,0,0,0,0,0
2048,1,0,0,39821,39821,0,0,0,0,0,0
2049,1,0,0,39831,39831,0,0,0,0,0,0
2050,1,0,0,39832,39832,0,0,0,0,0,0
2051,0,0,0,40115,40116,0,0,0,0,0,0
2052,0,0,0,40288,40289,0,0,0,0,0,0
2053,0,0,0,40351,40352,0,0,0,0,0,0
2054,0,0,0,40441,40442,0,0,0,0,0,0
2055,0,0,0,17916,17916,0,0,0,0,0,0
2056,0,0,0,42563,42563,0,0,0,0,0,0
2057,0,0,0,9015,9015,0,0,0,0,0,0
2058,0,0,0,33617,33618,0,0,0,0,0,0
2059,0,0,0,37827,37827,0,0,0,0,0,0
2060,0,0,0,40388,40388,0,0,0,0,0,0
2061,0,0,0,49839,49839,0,0,0,0,0,0
2062,0,0,0,53203,53783,0,0,0,0,0,0
2063,0,0,0,53254,53821,0,0,0,0,0,0
2064,0,0,0,54235,54235,0,0,0,0,0,0
2065,0,0,0,54303,54303,0,0,0,0,0,0
2066,0,0,0,54740,54740,0,0,0,0,0,0
2067,0,0,0,54947,58017,0,0,0,0,0,0
2068,0,0,0,54973,54973,0,0,0,0,0,0
2069,0,0,0,54950,54950,0,0,0,0,0,0
2070,0,0,0,54972,54972,0,0,0,0,0,0
2071,0,0,0,54978,54978,0,0,0,0,0,0
2072,0,0,0,55482,55482,0,0,0,0,0,0
2073,0,0,0,57192,57192,0,0,0,0,0,0
2074,0,0,0,57416,57416,0,0,0,0,0,0
2075,0,0,0,64480,64480,0,0,0,0,0,0
2076,0,0,0,4214,4214,0,0,0,0,0,0
2077,0,0,0,71389,71389,0,0,0,0,0,0
2078,0,0,0,58703,58703,0,0,0,0,0,0
2079,0,0,0,69960,69960,0,0,0,0,0,0
2080,0,0,0,71389,71389,0,0,0,0,0,0
2081,0,0,0,81556,81556,0,0,0,0,0,0
2082,0,0,0,94607,94608,0,0,0,0,0,0
2083,0,0,0,86058,86058,0,0,0,0,0,0
2084,0,0,0,86057,86057,0,0,0,0,0,0
2085,0,0,0,86058,86058,0,0,0,0,0,0
2086,0,0,0,88934,88934,0,0,0,0,0,0
2087,0,0,0,90705,90706,0,0,0,0,0,0
2088,0,0,0,90816,90817,0,0,0,0,0,0
2089,0,0,0,90833,90833,0,0,0,0,0,0
2090,0,0,0,90834,90834,0,0,0,0,0,0
2091,8,0,0,95165,95166,0,0,0,0,130140,130140
2092,0,0,0,96440,96440,0,0,0,0,0,0
2093,0,0,0,101987,101987,0,0,0,0,0,0
2094,0,0,0,101990,101990,0,0,0,0,0,0
2095,0,0,0,102014,102014,0,0,0,0,0,0
2096,0,0,0,110868,0,0,0,0,0,0,0
2097,0,0,0,27236,27236,0,0,0,0,0,0
2098,0,0,0,118843,118843,0,0,0,0,0,0
2099,0,0,0,116529,116529,0,0,0,0,0,0
2100,0,0,0,119743,119743,0,0,0,0,0,0
2101,0,0,0,124707,124707,0,0,0,0,0,0
2102,0,0,0,127763,127763,0,0,0,0,0,0
2103,0,0,0,4166,4167,0,0,0,0,0,0
2104,0,0,0,4195,4195,0,0,0,0,0,0
2105,0,0,0,4198,4199,0,0,0,0,0,0
2106,0,0,0,4214,4214,0,0,0,0,0,0
2107,0,0,0,17895,17896,0,0,0,0,0,0
2108,0,0,0,4183,4184,0,0,0,0,0,0
2109,0,0,0,19970,19970,0,0,0,0,0,0
2110,0,0,0,37841,37841,0,0,0,0,0,0
2111,0,0,0,27236,27236,0,0,0,0,0,0
2123,0,0,0,132221,132222,0,0,0,0,0,0
2124,0,0,0,132223,132224,0,0,0,0,0,0
2125,0,0,0,132225,132226,0,0,0,0,0,0
2126,0,0,0,132227,132228,0,0,0,0,0,0
2127,0,0,0,132229,132230,0,0,0,0,0,0
2128,0,0,0,132231,132232,0,0,0,0,0,0
2129,0,0,0,132234,132234,0,0,0,0,0,0
2130,0,0,0,132236,132236,0,0,0,0,0,0
2131,0,0,0,132237,132237,0,0,0,0,0,0
2135,0,0,0,133838,133838,0,0,0,0,0,0
2136,8,0,0,134254,134259,0,0,0,0,135242,135242
2137,0,0,29,134382,134383,0,0,0,0,0,0
2138,0,0,0,134384,134385,0,0,0,0,0,0
2139,0,0,0,134580,134580,0,0,0,0,0,0
2140,0,0,0,134588,134588,0,0,0,0,0,0
2141,0,0,0,134423,134423,0,0,0,0,0,0
2142,0,0,0,134590,134590,0,0,0,0,0,0
2143,0,0,0,134593,134612,0,0,0,0,0,0
2145,0,0,0,134603,134603,0,0,0,0,0,0
2146,0,0,0,134610,134617,0,0,0,0,0,0
2147,0,0,0,134915,134915,0,0,0,0,0,0
2148,0,0,0,134919,134919,0,0,0,0,0,0
2149,0,0,0,134950,134950,0,0,0,0,0,0
2150,0,0,0,35009,35009,0,0,0,0,0,0
2151,0,0,0,135005,135005,0,0,0,0,0,0
2152,0,0,0,135007,135007,0,0,0,0,0,0
2154,8,0,0,135850,135851,0,0,0,0,130140,130140
2155,8,0,0,135934,135935,0,0,0,0,135242,135242
2156,8,0,0,53205,53775,0,0,0,0,130140,130140
2157,0,0,0,135958,135958,0,0,0,0,0,0
2158,0,0,0,136000,136000,0,0,0,0,0,0
2159,0,0,0,136001,136001,0,0,0,0,0,0
2160,0,0,0,136002,136002,0,0,0,0,0,0
2161,8,0,0,135934,135935,0,0,0,0,135242,135242
2162,8,0,0,135850,135851,0,0,0,0,130140,130140
2163,8,0,0,136717,136717,136734,136734,0,0,135242,135242
2164,8,0,0,136718,136718,136735,136735,0,0,135242,135242
2165,0,0,0,137434,137434,0,0,0,0,0,0
2166,0,0,0,137657,137657,0,0,0,0,0,0
2167,0,0,0,137791,137791,0,0,0,0,0,0
2168,0,0,0,135007,135007,0,0,0,0,0,0
2169,0,0,0,130174,130174,0,0,0,0,0,0
2173,8,0,0,17895,17896,0,0,0,0,130140,130140
2178,0,0,0,140369,140369,0,0,0,0,0,0
2179,0,0,0,146763,146763,0,0,0,0,0,0
2180,8,0,0,155555,155555,0,0,0,0,130140,130140
2181,0,0,0,143708,143708,0,0,0,0,0,0
2182,8,0,0,144787,144789,0,0,0,0,130140,130140
2183,0,0,0,171871,171871,0,0,0,0,0,0
2184,0,0,0,145004,145004,0,0,0,0,155336,155336
2185,8,0,0,4189,4190,0,0,0,0,130140,130140
2186,0,0,0,151458,151458,0,0,0,0,0,0
2187,0,0,0,146358,146358,0,0,0,0,0,0
2188,8,0,0,146375,146381,0,0,0,0,130140,130140
2189,0,0,0,146469,146469,0,0,0,0,0,0
2190,8,0,0,146519,146519,0,0,0,0,130140,130140
2191,0,0,0,146529,146529,0,0,0,0,0,0
2192,8,0,0,146764,146768,0,0,0,0,130140,130140
2193,8,0,0,146769,146769,0,0,0,0,130140,130140
2194,8,0,0,146770,146770,0,0,0,0,130140,130140
2195,0,0,0,140369,140369,0,0,0,0,0,0
2196,0,0,0,147339,147339,0,0,0,0,0,0
2197,0,0,0,147773,147773,0,0,0,0,0,0
2198,0,0,0,147858,147858,0,0,0,0,0,0
2199,0,0,0,111023,111023,0,0,0,0,0,0
2200,0,0,0,153451,153451,0,0,0,0,185539,185539
2201,0,0,0,153450,153450,0,0,0,0,185539,185539
2202,0,0,0,153452,153452,0,0,0,0,185539,185539
2203,0,0,0,153471,153471,0,0,0,0,185665,185665
2204,0,0,0,153469,153469,0,0,0,0,185665,185665
2205,0,0,0,153470,153470,0,0,0,0,185665,185665
2206,0,0,0,153472,153472,0,0,0,0,185665,185665
2207,0,0,0,153473,153473,0,0,0,0,185665,185665
2208,0,0,0,155335,155335,0,0,0,0,155336,155336
2209,0,0,0,155438,155438,0,0,0,0,155336,155336
2210,0,0,0,155438,155438,0,0,0,0,155336,155336
2211,0,0,0,155481,155481,0,0,0,0,0,0
2212,0,0,0,155527,155527,0,0,0,0,155336,155336
2213,0,0,0,145004,145004,0,0,0,0,155336,155336
2214,0,0,0,155530,155530,0,0,0,0,155336,155336
2217,8,0,0,155611,155611,0,0,0,0,0,0
2218,0,0,0,156207,156207,0,0,0,0,0,0
2220,0,0,0,157081,157081,0,0,0,0,0,0
2221,0,0,0,157422,157422,0,0,0,0,0,0
2222,8,0,0,158011,158012,0,0,0,0,130140,130140
2223,8,0,0,157437,157437,0,0,0,0,130140,130140
2224,8,0,0,157720,157721,0,0,0,0,130140,130140
2225,0,0,0,157581,157581,0,0,0,0,0,0
2226,0,0,0,136002,136002,0,0,0,0,0,0
2227,0,0,0,9015,9015,0,0,0,0,0,0
2228,8,0,0,53205,53775,0,0,0,0,130140,130140
2229,0,0,0,159890,159890,0,0,0,0,0,0
2230,0,0,0,159891,159891,0,0,0,0,0,0
2231,0,0,0,159894,159894,0,0,0,0,0,0
2232,0,0,0,159897,159897,0,0,0,0,0,0
2233,0,0,0,101990,101990,0,0,0,0,0,0
2234,0,0,0,162351,162351,0,0,0,0,185539,185539
2235,0,0,0,162595,162595,0,0,0,0,0,0
2236,0,0,0,162596,162596,0,0,0,0,0,0
2238,0,0,0,162595,162595,0,0,0,0,0,0
2239,0,0,0,162595,162595,0,0,0,0,0,0
2240,0,0,0,163224,163224,0,0,0,0,185539,185539
2241,0,0,0,163461,153452,0,0,0,0,185539,185539
2242,0,0,0,163466,153452,0,0,0,0,185539,185539
2243,0,0,0,153452,153452,0,0,0,0,185539,185539
2244,0,0,0,153452,153452,0,0,0,0,185539,185539
2245,0,0,0,156207,156207,0,0,0,0,0,0
2246,0,0,0,153452,153452,0,0,0,0,185539,185539
2247,0,0,0,163461,153452,0,0,0,0,185539,185539
2248,0,0,0,153452,153452,0,0,0,0,185539,185539
2249,0,0,0,153451,153451,0,0,0,0,185539,185539
2250,0,0,0,153451,153451,0,0,0,0,185539,185539
2251,0,0,0,153451,153451,0,0,0,0,185539,185539
2252,0,0,0,153452,153452,0,0,0,0,185539,185539
2253,0,0,0,165754,153452,0,0,0,0,185539,185539
2254,0,0,0,167098,153450,0,0,0,0,185539,185539
2255,0,0,0,165404,165404,0,0,0,0,0,0
2256,0,0,0,153469,153469,0,0,0,0,185665,185665
2257,0,0,0,153469,153469,0,0,0,0,185665,185665
2258,0,0,0,165407,165407,0,0,0,0,0,0
2259,0,0,0,165468,165468,0,0,0,0,0,0
2260,0,0,0,156207,156207,0,0,0,0,0,0
2261,0,0,0,155438,155438,0,0,0,0,155336,155336
2262,0,0,0,156207,156207,0,0,0,0,0,0
2263,0,0,0,156207,156207,0,0,0,0,0,0
2264,0,0,0,153469,153469,0,0,0,0,185665,185665
2265,0,0,0,167235,167235,0,0,0,0,185665,185665
2266,0,0,0,165550,165550,0,0,0,0,0,0
2267,0,0,0,153469,153469,0,0,0,0,185665,185665
2268,0,0,0,165971,165971,0,0,0,0,185539,185539
2269,0,0,0,166224,166224,0,0,0,0,185539,185539
2270,0,0,0,153469,153469,0,0,0,0,0,0
2271,0,0,0,153452,153452,0,0,0,0,185539,185539
2272,0,0,0,153451,153451,0,0,0,0,185539,185539
2273,0,0,0,166890,166890,0,0,0,0,0,0
2274,0,0,0,167048,167048,0,0,0,0,0,0
2275,0,0,0,167113,153450,0,0,0,0,185539,185539
2276,0,0,0,167125,167125,0,0,0,0,0,0
2277,0,0,0,153469,153469,0,0,0,0,185665,185665
2278,0,0,0,167212,167212,0,0,0,0,0,0
2279,0,0,0,167236,167236,0,0,0,0,185665,185665
2280,0,0,0,167274,167274,0,0,0,0,0,0
2281,0,0,0,171113,171113,0,0,0,0,0,0
2282,0,0,0,167339,167339,0,0,0,0,0,0
2283,0,0,0,153469,153469,0,0,0,0,185665,185665
2284,0,0,0,153469,153469,0,0,0,0,185665,185665
2285,0,0,0,167436,153451,0,0,0,0,185539,185539
2286,0,0,0,167456,167456,0,0,0,0,0,0
2287,0,0,0,167457,167457,0,0,0,0,0,0
2288,0,0,0,155530,155530,0,0,0,0,155336,155336
2289,0,0,0,153469,153469,0,0,0,0,185665,185665
2290,0,0,0,156207,156207,0,0,0,0,0,0
2291,0,0,0,156207,156207,0,0,0,0,0,0
2292,0,0,0,156207,156207,0,0,0,0,0,0
2293,0,0,0,167829,167829,0,0,0,0,155336,155336
2294,0,0,0,153473,153473,0,0,0,0,185665,185665
2295,0,0,0,155555,155555,0,0,0,0,0,0
2296,0,0,0,168075,168075,0,0,0,0,0,0
2297,4,0,0,157959,157959,0,0,0,0,0,0
2298,4,0,0,157959,157959,0,0,0,0,0,0
2299,4,0,0,168224,168224,0,0,0,0,0,0
2300,4,0,0,168223,168223,0,0,0,0,0,0
2301,5,0,0,168532,168532,0,0,0,0,0,0
2302,0,0,0,156207,156207,0,0,0,0,0,0
2303,0,0,0,156207,156207,0,0,0,0,0,0
2304,5,0,0,168755,168755,0,0,0,0,0,0
2305,5,0,0,168824,168824,0,0,0,0,0,0
2306,5,0,0,0,0,0,0,0,0,0,0
2307,0,0,0,153452,153452,0,0,0,0,185539,185539
2308,2,0,0,169553,169553,0,0,0,0,0,0
2309,0,0,0,169601,169601,0,0,0,0,0,0
2310,8,0,0,155555,155555,0,0,0,0,130140,130140
2311,0,0,0,169980,169980,0,0,0,0,0,0
2312,0,0,0,169980,169980,0,0,0,0,0,0
2313,0,0,0,169980,169980,0,0,0,0,0,0
2314,0,0,0,169980,169980,0,0,0,0,0,0
2315,0,0,0,169980,169980,0,0,0,0,0,0
2316,0,0,0,153452,153452,0,0,0,0,0,0
2317,8,0,0,4198,4199,170277,170277,0,0,130140,130140
2318,8,0,0,170275,170276,0,0,0,0,130140,130140
2319,8,0,0,4166,4167,0,0,0,0,130140,130140
2320,8,0,0,19362,19363,0,0,0,0,130140,130140
2321,8,0,0,18471,18472,0,0,0,0,130140,130140
2322,8,0,0,18475,18476,0,0,0,0,130140,130140
2323,8,0,0,4166,4167,0,0,0,0,130140,130140
2324,8,0,0,17895,17896,0,0,0,0,130140,130140
2325,8,0,0,4166,4167,0,0,0,0,130140,130140
2326,8,0,0,19970,19970,0,0,0,0,130140,130140
2327,0,0,0,153472,153472,0,0,0,0,0,0
2328,0,0,0,170304,170304,0,0,0,0,0,0
2329,0,0,0,153470,153470,0,0,0,0,0,0
2330,0,0,0,153469,153469,0,0,0,0,0,0
2331,1,0,0,0,0,0,0,0,0,0,0
2332,0,0,0,170748,170750,0,0,0,0,0,0
2333,0,0,0,171108,171108,0,0,0,0,0,0
2334,0,0,0,171216,171216,0,0,0,0,0,0
2335,0,0,0,171219,171219,0,0,0,0,0,0
2336,0,0,0,171384,171384,0,0,0,0,0,0
2337,0,0,0,171465,171465,0,0,0,0,0,0
2338,0,0,0,171573,171573,0,0,0,0,0,0
2339,0,0,0,171574,171574,0,0,0,0,0,0
2340,0,0,0,171692,171692,0,0,0,0,0,0
2341,0,0,0,172033,172033,0,0,0,0,0,0
2342,1,0,0,0,0,0,0,0,0,0,0
2343,0,0,0,115846,115846,0,0,0,0,0,0
2344,0,0,0,170304,170304,0,0,0,0,0,0
2345,8,0,0,171848,171848,0,0,0,0,130140,130140
2346,0,0,0,171849,171849,0,0,0,0,0,0
2347,0,0,0,162596,162596,0,0,0,0,0,0
2348,0,0,0,177041,177041,0,0,0,0,0,0
2350,0,0,0,172468,172468,0,0,0,0,0,0
2352,0,0,0,155555,155555,0,0,0,0,0,0
2353,0,0,0,153452,153452,0,0,0,0,185539,185539
2354,0,0,0,173259,173259,0,0,0,0,155336,155336
2358,0,0,0,173270,173270,0,0,0,0,155336,155336
2359,0,0,0,173259,173259,173285,173285,0,0,155336,155336
2360,0,0,0,173259,173259,0,0,0,0,155336,155336
2361,0,0,0,26774,26774,0,0,0,0,0,0
2362,0,0,0,171219,171219,0,0,0,0,0,0
2363,0,0,0,173844,173844,0,0,0,0,0,0
2364,0,0,0,173993,173993,0,0,0,0,0,0
2365,0,0,0,153452,153452,0,0,0,0,185539,185539
2366,0,0,0,174809,174809,0,0,0,0,0,0
2367,0,0,0,174814,174814,0,0,0,0,0,0
2368,0,0,0,174874,174874,0,0,0,0,185665,185665
2369,0,0,0,153451,153451,0,0,0,0,185539,185539
2370,0,0,0,175540,175540,0,0,0,0,0,0
2371,0,0,0,175541,175541,0,0,0,0,0,0
2372,0,0,0,175544,175544,0,0,0,0,0,0
2373,0,0,0,175586,175586,0,0,0,0,0,0
2374,0,0,0,175829,175829,0,0,0,0,130140,130140
2375,8,0,0,175837,175837,0,0,0,0,130140,130140
2376,0,0,0,178142,178142,0,0,0,0,0,0
2377,0,0,0,178144,178144,0,0,0,0,0,0
2380,0,0,0,178749,178749,0,0,0,0,0,0
2381,0,0,0,178756,178756,0,0,0,0,0,0
2382,0,0,0,178768,178768,0,0,0,0,0,0
2383,8,0,0,182026,182026,0,0,0,0,130140,130140
2384,0,0,0,178847,178847,0,0,0,0,0,0
2385,8,0,0,178866,178866,0,0,0,0,130140,130140
2386,0,0,0,179363,179363,0,0,0,0,185540,185540
2387,0,0,0,179364,179364,0,0,0,0,185540,185540
2388,0,0,0,179448,179448,0,0,0,0,185540,185540
2389,0,0,0,179363,179363,0,0,0,0,185540,185540
2390,0,0,0,90813,90813,0,0,0,0,0,0
2391,0,0,0,179634,171108,0,0,0,0,0,0
2392,0,0,0,179363,179363,0,0,0,0,185540,185540
2393,0,0,0,179363,179363,0,0,0,0,185540,185540
2394,0,0,0,179363,179363,0,0,0,0,185540,185540
2395,0,0,0,179363,179363,0,0,0,0,185540,185540
2396,0,0,0,179898,179898,0,0,0,0,0,0
2397,0,0,0,179990,179990,0,0,0,0,0,0
2398,0,0,0,179970,179970,0,0,0,0,0,0
2399,0,0,0,180125,180125,0,0,0,0,0,0
2400,0,0,0,182152,182152,0,0,0,0,0,0
2401,0,0,0,182195,182195,0,0,0,0,0,0
2402,0,0,0,182360,182360,0,0,0,0,0,0
2403,0,0,0,182361,182361,0,0,0,0,0,0
2404,0,0,0,182362,182362,0,0,0,0,0,0
2405,0,0,0,182832,182832,0,0,0,0,0,0
2406,0,0,0,182383,182383,0,0,0,0,0,0
2407,0,0,0,182384,182384,0,0,0,0,0,0
2408,0,0,0,182385,182385,0,0,0,0,0,0
2409,0,0,0,182386,182386,0,0,0,0,0,0
2410,0,0,0,182387,182387,0,0,0,0,0,0
2411,0,0,0,182388,182388,0,0,0,0,0,0
2412,0,0,0,182389,182389,0,0,0,0,0,0
2413,0,0,0,182429,182429,0,0,0,0,185539,185539
2414,0,0,0,182832,182832,0,0,0,0,0,0
2415,0,0,0,179898,179898,0,0,0,0,0,0
2416,0,0,0,183639,183639,0,0,0,0,0,0
2417,0,0,0,178749,178749,0,0,0,0,0,0
2418,0,0,0,186267,186267,0,0,0,0,191958,191958
2419,0,0,0,186267,186267,0,0,0,0,191958,191958
2420,0,0,0,186268,186268,0,0,0,0,0,0
2421,0,0,0,186330,186330,0,0,0,0,0,0
2422,0,0,0,187721,187721,0,0,0,0,0,0
2423,0,0,0,187939,187939,0,0,0,0,0,0
2425,8,0,0,4183,4184,0,0,0,0,0,0
2426,0,0,0,191619,191619,0,0,0,0,0,0
2427,0,0,0,186267,186267,0,0,0,0,191958,191958
2428,0,0,0,192245,192245,0,0,0,0,0,0
2429,0,0,0,192254,192254,0,0,0,0,0,0
2430,0,0,0,192258,192258,0,0,0,0,0,0
2431,0,0,0,191747,191747,0,0,0,0,0,0
2432,0,0,0,186267,186267,0,0,0,0,191958,191958
2433,0,0,0,191747,191747,0,0,0,0,0,0
2434,0,0,0,192485,192258,0,0,0,0,0,0
2435,0,0,0,192563,192563,0,0,0,0,0,0
2436,0,0,0,192579,192579,0,0,0,0,0,0
2437,0,0,0,192580,192580,0,0,0,0,0,0
2438,0,0,0,192592,192592,0,0,0,0,0,0
2440,8,0,0,194845,194845,0,0,0,0,130140,130140
2441,8,0,0,194845,194845,0,0,0,0,130140,130140
2443,0,0,0,194704,194704,0,0,0,0,0,0
2444,8,0,0,194845,194845,0,0,0,0,194954,194954
2445,0,0,0,194863,194863,0,0,0,0,0,0
2446,8,0,0,195190,195190,0,0,0,0,194953,194953
2447,8,0,0,194845,194845,0,0,0,0,130140,130140
2448,8,0,0,194845,194845,0,0,0,0,130140,130140
2449,0,0,0,195032,195032,0,0,0,0,0,0
2450,8,0,0,194845,194845,0,0,0,0,130140,130140
2451,8,0,0,194845,194845,0,0,0,0,194954,194954
2452,8,0,0,194845,194845,0,0,0,0,195071,195071
2453,8,0,0,194845,194845,0,0,0,0,195071,195071
2454,8,0,0,194845,194845,0,0,0,0,195071,195071
2455,0,0,0,195052,195052,0,0,0,0,0,0
2456,8,0,0,194845,194845,0,0,0,0,195071,195071
2457,0,0,0,195052,195052,0,0,0,0,0,0
2458,8,0,0,194845,194845,0,0,0,0,130140,130140
2459,0,0,0,195184,195184,0,0,0,0,0,0
2460,0,0,0,195032,195032,0,0,0,0,0,0
2461,0,0,0,195032,195032,0,0,0,0,0,0
2462,8,0,0,194845,194845,0,0,0,0,194954,194954
2463,8,0,0,194845,194845,0,0,0,0,130140,130140
2464,8,0,0,195250,195250,0,0,0,0,194954,194954
2465,0,0,0,195274,195274,0,0,0,0,130140,130140
2466,0,0,0,195278,195278,0,0,0,0,130140,130140
2467,0,0,0,195279,195279,0,0,0,0,130140,130140
2468,8,0,0,194845,194845,0,0,0,0,194954,194954
2469,0,0,0,195287,195287,0,0,0,0,130140,130140
2470,0,0,0,195288,195288,0,0,0,0,130140,130140
2471,8,0,0,194845,194845,0,0,0,0,194954,194954
2472,0,0,0,199960,199960,0,0,0,0,130140,130140
2473,8,0,0,194845,194845,0,0,0,0,194954,194954
2474,8,0,0,194845,194845,0,0,0,0,194954,194954
2475,0,0,0,101648,101648,0,0,0,0,0,0
2476,0,0,0,195295,195295,0,0,0,0,0,0
2477,8,0,0,195301,195302,0,0,0,0,194954,194954
2478,8,0,0,195303,195304,0,0,0,0,0,0
2479,8,0,0,195303,195304,0,0,0,0,194954,194954
2480,0,0,0,195538,195538,0,0,0,0,0,0
2481,8,0,0,194845,194845,0,0,0,0,130140,130140
2482,0,0,0,195032,195032,0,0,0,0,0,0
2483,8,0,0,194845,194845,0,0,0,0,130140,130140
2484,8,0,0,195444,195444,0,0,0,0,130140,130140
2485,8,0,0,194845,194845,0,0,0,0,130140,130140
2486,8,0,0,194845,194845,0,0,0,0,130140,130140
2487,8,0,0,194845,194845,0,0,0,0,130140,130140
2488,0,0,0,196635,196635,0,0,0,0,194953,194953
2489,0,0,0,196635,196635,0,0,0,0,194953,194953
2490,8,0,0,194845,194845,0,0,0,0,130140,130140
2491,8,0,0,195551,195551,0,0,0,0,130140,130140
2492,8,0,0,195575,195575,0,0,0,0,130140,130140
2493,8,0,0,195566,195576,0,0,0,0,195071,195071
2494,8,0,0,195577,195578,0,0,0,0,195071,195071
2495,8,0,0,195577,195578,0,0,0,0,195071,195071
2496,0,0,0,195190,195190,0,0,0,0,194953,194953
2497,8,0,0,194845,194845,0,0,0,0,130140,130140
2498,8,0,0,194845,194845,0,0,0,0,130140,130140
2499,8,0,0,195741,195741,0,0,0,0,195071,195071
2500,8,0,0,194845,194845,0,0,0,0,195071,195071
2501,8,0,0,196654,196654,0,0,0,0,130140,130140
2502,8,0,0,196654,196654,0,0,0,0,130140,130140
2503,0,0,0,196638,196638,0,0,0,0,0,0
2504,0,0,0,196866,196866,0,0,0,0,0,0
2505,0,0,0,198021,198021,0,0,0,0,0,0
2506,0,0,0,198022,198022,0,0,0,0,0,0
2507,0,0,0,198029,198029,0,0,0,0,0,0
2508,0,0,0,198031,198031,0,0,0,0,0,0
2509,0,0,0,198085,198085,0,0,0,0,0,0
2510,0,0,0,196866,196866,0,0,0,0,0,0
2511,0,0,0,198162,198162,0,0,0,0,0,0
2512,0,0,0,198173,198173,0,0,0,0,0,0
2513,0,0,0,198190,198190,0,0,0,0,0,0
2514,0,0,0,0,0,0,0,0,0,0,0
2515,0,0,0,198267,198267,0,0,0,0,0,0
2516,0,0,0,198269,0,0,0,0,0,0,0
2517,0,0,0,198270,198270,0,0,0,0,0,0
2518,0,0,0,198442,198442,0,0,0,0,0,0
2519,8,0,0,194845,194845,0,0,0,0,130140,130140
2520,0,0,0,199827,199827,0,0,0,0,0,0
2521,8,0,0,194845,194845,0,0,0,0,194954,194954
2522,0,0,0,198085,198085,0,0,0,0,200040,200040
2523,8,0,0,195303,195304,0,0,0,0,200040,200040
2524,0,0,0,199909,199909,0,0,0,0,0,0
2525,8,0,0,195577,195578,0,0,0,0,195071,195071
2526,0,0,0,199941,199941,0,0,0,0,0,0
2527,0,0,0,199959,198021,0,0,0,0,0,0
2529,0,0,0,199969,199969,0,0,0,0,0,0
2530,0,0,0,198021,198021,0,0,0,0,0,0
2531,8,0,0,195303,195304,0,0,0,0,200040,200040
2532,0,0,0,200045,200045,0,0,0,0,0,0
2533,8,0,0,194845,194845,0,0,0,0,195071,195071
2534,8,0,0,194845,194845,0,0,0,0,195071,195071
2535,0,0,0,200176,200176,0,0,0,0,0,0
2536,8,0,0,195575,195575,0,0,0,0,130140,130140
2537,0,0,0,198022,198022,0,0,0,0,0,0
2538,0,0,0,200202,200202,0,0,0,0,0,0
2539,0,0,0,195052,195052,0,0,0,0,0,0
2540,5,0,0,200607,200607,0,0,0,0,0,0
2541,0,0,0,200625,200625,200624,200624,0,0,0,0
2542,0,0,0,200665,200665,0,0,0,0,0,0
2543,0,0,0,200706,200706,0,0,0,0,0,0
2544,0,0,0,200806,200806,0,0,0,0,0,0
2545,0,0,0,200824,200824,0,0,0,0,0,0
2546,0,0,0,201023,201023,201037,201037,0,0,0,0
2547,8,0,0,217745,217745,0,0,0,0,195071,195071
2548,8,0,0,194845,194845,0,0,0,0,195071,195071
2549,0,0,0,201772,0,0,0,0,0,0,0
2550,0,0,0,201778,0,0,0,0,0,0,0
2551,0,0,0,201779,0,0,0,0,0,0,0
2552,8,0,0,194845,194845,0,0,0,0,130140,130140
2553,0,0,0,203793,0,0,0,0,0,0,0
2554,0,0,0,203794,0,0,0,0,0,0,0
2555,0,0,0,203800,0,0,0,0,0,0,0
2556,0,0,0,203804,0,0,0,0,0,0,0
2557,8,0,0,194845,194845,0,0,0,0,130140,130140
2558,0,0,0,203929,203929,0,0,0,0,0,0
2559,0,0,0,203960,203960,0,0,0,0,0,0
2560,0,0,0,204003,204003,0,0,0,0,0,0
2561,0,0,0,204773,204773,0,0,0,0,0,0
2562,0,0,0,204042,204042,0,0,0,0,0,0
2563,8,0,0,204060,204061,0,0,0,0,0,0
2564,5,0,0,204111,204111,112478,112478,112686,112686,0,0
2565,0,0,0,204628,204628,0,0,0,0,0,0
2566,0,0,0,204815,204815,0,0,0,0,0,0
2567,0,0,0,204873,204873,0,0,0,0,0,0
2568,0,0,0,205132,205132,0,0,0,0,0,0
2569,0,0,0,205241,205241,0,0,0,0,0,0
2570,0,0,0,205247,205247,0,0,0,0,0,0
2571,0,0,0,205278,205278,0,0,0,0,0,0
2572,0,0,0,196638,196638,0,0,0,0,0,0
2573,0,0,0,196638,196638,0,0,0,0,0,0
2574,0,0,0,196638,196638,0,0,0,0,0,0
2575,0,0,0,194863,194863,0,0,0,0,0,0
2576,0,0,0,209031,209031,0,0,0,0,0,0
2577,8,0,0,209150,209150,0,0,0,0,130140,130140
2578,8,0,0,195303,195304,0,0,0,0,0,0
2579,8,0,0,209150,209150,0,0,0,0,130140,130140
2580,8,0,0,194845,194845,0,0,0,0,130140,130140
2581,0,0,0,209852,198022,0,0,0,0,0,0
2582,8,0,0,210199,210200,0,0,0,0,130140,130140
2583,0,0,0,210198,210198,0,0,0,0,0,0
2584,8,0,0,210196,210196,0,0,0,0,130140,130140
2585,0,0,0,4160,4160,0,0,0,0,0,0
2586,8,0,0,213820,213820,0,0,0,0,195071,195071
2588,8,0,0,194845,194845,0,0,0,0,194954,194954
2589,0,0,0,195538,195538,0,0,0,0,0,0
2590,0,0,0,215963,215963,0,0,0,0,0,0
2591,0,0,0,216174,216174,0,0,0,0,0,0
2592,0,0,0,217814,217814,0,0,0,0,0,0
2593,8,0,0,218479,218479,0,0,0,0,194953,194953
2594,8,0,0,218479,218479,0,0,0,0,194953,194953
2595,0,0,0,218672,218672,0,0,0,0,0,0
2596,0,0,0,218672,218672,0,0,0,0,0,0
2597,0,0,0,218672,218672,0,0,0,0,0,0
2598,0,0,0,195538,195538,0,0,0,0,0,0
2599,0,0,0,218672,218672,0,0,0,0,0,0
2602,0,0,0,224586,224586,0,0,0,0,0,0
2603,0,0,0,225021,225021,0,0,0,0,0,0
2604,0,0,0,225029,225029,0,0,0,0,0,0
2605,0,0,0,225021,225021,0,0,0,0,0,0
2606,0,0,0,225069,225069,0,0,0,0,0,0
2607,0,0,0,225095,225095,0,0,0,0,0,0
2608,0,0,0,225119,225119,0,0,0,0,0,0
2609,0,0,0,225133,225133,0,0,0,0,0,0
2610,0,0,0,225193,225193,0,0,0,0,0,0
2611,0,0,0,225328,225328,0,0,0,0,0,0
2612,0,0,0,225332,225332,0,0,0,0,0,0
2613,0,0,0,225332,225332,0,0,0,0,0,0
2614,5,0,0,225451,225451,112478,112478,112686,112686,0,0
2615,0,0,0,225532,225532,0,0,0,0,0,0
2616,0,0,0,226494,226494,0,0,0,0,0,0
2617,0,0,0,226495,226495,0,0,0,0,0,0
2618,0,0,0,226494,226494,0,0,0,0,0,0
2619,0,0,0,227703,227703,0,0,0,0,0,0
2620,5,0,0,228014,228014,228015,228015,0,0,0,0
2621,0,0,0,194845,194845,0,0,0,0,0,0
2622,0,0,0,230304,230304,0,0,0,0,0,0
2623,0,0,0,230306,230306,0,0,0,0,0,0
2624,0,0,0,230666,230666,0,0,0,0,0,0
2625,0,0,0,194845,194845,0,0,0,0,0,0
2626,0,0,0,231487,231487,0,0,0,0,0,0
2627,0,0,0,194845,194845,0,0,0,0,0,0
2628,0,0,0,194845,194845,0,0,0,0,0,0
2629,8,0,0,231915,231917,0,0,0,0,130140,130140
2630,0,0,0,231916,231916,0,0,0,0,0,0
2631,0,0,0,194845,194845,0,0,0,0,0,0
2632,0,0,0,232130,232130,0,0,0,0,0,0
2633,8,0,0,16495,16495,0,0,0,0,130140,130140
2634,0,0,0,4214,4214,0,0,0,0,0,0
2635,0,0,0,194845,194845,0,0,0,0,235473,235473
2636,8,0,0,4205,4205,0,0,0,0,130140,130140
2637,0,0,0,194845,194845,0,0,0,0,235473,235473
2638,0,0,0,235528,235528,0,0,0,0,234714,234714
2639,0,0,0,194845,194845,0,0,0,0,235473,235473
2641,0,0,0,235413,235413,0,0,0,0,235473,235473
2642,8,0,0,195577,195578,0,0,0,0,195071,195071
2643,0,0,0,235422,235422,0,0,0,0,235473,235473
2644,0,0,0,235592,235592,0,0,0,0,235473,235473
2645,0,0,0,235422,235422,0,0,0,0,235473,235473
2646,0,0,0,235564,235564,0,0,0,0,235473,235473
2647,0,0,0,235603,235603,0,0,0,0,0,0
2648,0,0,0,236156,236156,0,0,0,0,0,0
2649,0,0,0,31745,31745,0,0,0,0,0,0
2650,0,0,0,236668,236668,0,0,0,0,0,0
2651,0,0,0,236298,236298,0,0,0,0,0,0
2652,0,0,0,236316,236316,0,0,0,0,0,0
2653,0,0,0,236320,236320,0,0,0,0,0,0
2654,0,0,0,236529,236529,0,0,0,0,0,0
2655,0,0,0,236618,236618,0,0,0,0,0,0
2656,0,0,0,236653,236653,0,0,0,0,0,0
2657,0,0,0,236278,236278,0,0,0,0,0,0
2658,0,0,0,236725,236725,0,0,0,0,0,0
2659,0,0,0,236278,236278,0,0,0,0,0,0
2660,0,0,0,236762,236762,0,0,0,0,0,0
2661,0,0,0,236747,236747,0,0,0,0,0,0
2662,0,0,0,236955,236955,0,0,0,0,234714,234714
2663,0,0,0,237469,237469,0,0,0,0,0,0
2664,0,0,0,237823,237823,0,0,0,0,238559,238559
2665,0,0,0,238132,238132,0,0,0,0,0,0
2667,0,0,0,194845,194845,238658,238658,238661,238661,0,0
2668,0,0,0,240175,240175,0,0,0,0,235473,235473
2670,0,0,0,237823,237823,0,0,0,0,238559,238559
2671,0,0,0,240808,240808,0,0,0,0,0,0
2672,4,0,0,240824,240824,0,0,0,0,0,0
2673,0,0,0,240835,240835,0,0,0,0,0,0
2674,0,0,0,240848,240848,0,0,0,0,0,0
2675,0,0,0,240864,240851,0,0,0,0,0,0
2676,0,0,0,240857,240857,0,0,0,0,0,0
2677,0,0,0,194845,194845,0,0,0,0,130140,130140
2678,0,0,0,241449,241449,0,0,0,0,0,0
2679,0,0,0,241659,241659,0,0,0,0,0,0
2684,0,0,0,242581,242581,0,0,0,0,250513,250513
2685,0,0,0,242581,242581,0,0,0,0,250513,250513
2688,0,0,0,242581,242581,0,0,0,0,250513,250513
2689,0,0,0,242727,242727,0,0,0,0,0,0
2690,0,0,0,242581,242581,0,0,0,0,250513,250513
2691,0,0,0,242581,242581,0,0,0,0,250513,250513
2692,0,0,0,242581,242581,0,0,0,0,250513,250513
2693,0,0,0,242581,242581,0,0,0,0,250513,250513
2694,0,0,0,242581,242581,0,0,0,0,250513,250513
2695,0,0,0,242581,242581,0,0,0,0,250513,250513
2696,0,0,0,242581,242581,0,0,0,0,250513,250513
2698,0,0,0,242581,242581,0,0,0,0,250513,250513
2699,0,0,0,242855,242855,0,0,0,0,250513,250513
2700,0,0,0,242581,242581,0,0,0,0,250513,250513
2701,8,0,0,266904,266904,0,0,0,0,130140,130140
2702,8,0,0,246625,246625,0,0,0,0,130140,130140
2703,8,0,0,265332,265332,0,0,0,0,130140,130140
2704,8,0,0,266906,266906,0,0,0,0,130140,130140
2705,8,0,0,243033,242581,0,0,0,0,130140,130140
2706,8,0,0,243033,242581,0,0,0,0,130140,130140
2707,8,0,0,243033,242581,0,0,0,0,130140,130140
2708,0,0,0,198162,198162,0,0,0,0,0,0
2709,8,0,0,243033,242581,0,0,0,0,130140,130140
2710,0,0,0,242581,242581,0,0,0,0,250513,250513
2711,8,0,0,266906,266906,0,0,0,0,130140,130140
2712,0,0,0,242581,242581,0,0,0,0,250513,250513
2713,8,0,0,243033,243033,0,0,0,0,130140,130140
2714,8,0,0,243033,242581,0,0,0,0,130140,130140
2715,8,0,0,243033,242581,0,0,0,0,130140,130140
2716,8,0,0,246301,246301,246308,246308,0,0,130140,130140
2717,0,0,0,246302,246302,0,0,0,0,0,0
2718,0,0,0,246312,246312,0,0,0,0,0,0
2719,0,0,0,246311,246311,0,0,0,0,0,0
2720,0,0,0,246365,246365,0,0,0,0,0,0
2721,0,0,0,246366,246366,0,0,0,0,0,0
2722,0,0,0,246311,246311,0,0,0,0,0,0
2723,0,0,0,246389,246389,0,0,0,0,0,0
2724,0,0,0,252392,252392,0,0,0,0,0,0
2725,0,0,0,246393,246393,0,0,0,0,0,0
2726,0,0,0,246486,246486,0,0,0,0,0,0
2727,0,0,0,242581,242581,0,0,0,0,250513,250513
2728,0,0,0,242581,242581,0,0,0,0,250513,250513
2729,0,0,0,242581,242581,0,0,0,0,250513,250513
2730,8,0,0,266637,266637,0,0,0,0,130140,130140
2731,0,0,0,249945,249946,0,0,0,0,0,0
2732,0,0,0,242581,242581,0,0,0,0,250513,250513
2733,0,0,0,257300,257300,0,0,0,0,250513,250513
2734,0,0,0,242855,242855,0,0,0,0,250513,250513
2737,0,0,0,246665,246665,0,0,0,0,0,0
2738,0,0,0,246671,246671,0,0,0,0,0,0
2739,0,0,0,246670,246670,0,0,0,0,0,0
2740,0,0,0,246723,246723,0,0,0,0,0,0
2741,0,0,0,246896,246896,0,0,0,0,0,0
2742,0,0,0,242581,242581,0,0,0,0,250513,250513
2743,0,0,0,246914,246914,0,0,0,0,0,0
2744,0,0,0,0,0,0,0,0,0,0,0
2745,0,0,0,242581,242581,0,0,0,0,250513,250513
2746,0,0,0,242581,242581,0,0,0,0,250513,250513
2747,0,0,0,242581,242581,0,0,0,0,250513,250513
2748,0,0,0,246914,246914,0,0,0,0,0,0
2749,0,0,0,242581,242581,0,0,0,0,250513,250513
2750,0,0,0,242581,242581,0,0,0,0,250513,250513
2751,0,0,0,246936,246936,0,0,0,0,0,0
2752,0,0,0,242581,242581,0,0,0,0,250513,250513
2753,0,0,0,247027,247027,0,0,0,0,0,0
2754,0,0,0,247037,247037,0,0,0,0,250513,250513
2755,0,0,0,247037,247037,0,0,0,0,250513,250513
2756,0,0,0,246896,246896,0,0,0,0,0,0
2757,0,0,0,247124,247124,0,0,0,0,250513,250513
2758,0,0,0,258337,258337,0,0,0,0,0,0
2760,0,0,0,242581,242581,0,0,0,0,250513,250513
2761,8,0,0,243033,242581,0,0,0,0,130140,130140
2762,0,0,0,248618,248618,0,0,0,0,0,0
2763,0,0,0,248668,248668,0,0,0,0,0,0
2764,0,0,0,248697,248697,0,0,0,0,0,0
2766,0,0,0,246896,246896,0,0,0,0,0,0
2767,0,0,0,249931,249931,0,0,0,0,250513,250513
2768,0,0,0,249932,249932,0,0,0,0,0,0
2769,0,0,0,246670,246670,0,0,0,0,0,0
2771,0,0,0,250531,250531,0,0,0,0,0,0
2772,0,0,0,251065,251065,0,0,0,0,0,0
2773,0,0,0,251283,251283,0,0,0,0,0,0
2774,0,0,0,251314,251314,0,0,0,0,0,0
2775,0,0,0,251327,251327,0,0,0,0,0,0
2776,0,0,0,251615,251615,0,0,0,0,0,0
2777,0,0,0,251753,251753,0,0,0,0,0,0
2778,0,0,0,251755,251755,0,0,0,0,0,0
2779,0,0,0,251838,251838,0,0,0,0,0,0
2780,0,0,0,252293,252293,0,0,0,0,0,0
2781,0,0,0,252393,252393,0,0,0,0,0,0
2782,0,0,0,252394,252394,0,0,0,0,0,0
2783,8,0,0,243033,242581,0,0,0,0,130140,130140
2784,0,0,0,252746,252746,0,0,0,0,0,0
2785,0,0,0,252868,252868,0,0,0,0,130140,130140
2786,0,0,0,252804,252804,0,0,0,0,0,0
2787,0,0,0,252809,252809,0,0,0,0,0,0
2788,0,0,0,252818,252818,0,0,0,0,0,0
2789,0,0,0,252829,252829,0,0,0,0,130140,130140
2790,0,0,0,242409,242409,0,0,0,0,0,0
2791,0,0,0,252877,252877,0,0,0,0,0,0
2792,8,0,0,243033,243033,0,0,0,0,130140,130140
2793,0,0,0,252891,252891,0,0,0,0,0,0
2794,0,0,0,252892,252892,0,0,0,0,0,0
2795,0,0,0,252903,252903,0,0,0,0,0,0
2796,0,0,0,252905,252905,0,0,0,0,0,0
2797,0,0,0,252906,252906,0,0,0,0,0,0
2798,0,0,0,252911,252911,0,0,0,0,0,0
2799,0,0,0,251615,251615,0,0,0,0,0,0
2800,0,0,0,252828,252828,0,0,0,0,0,0
2801,0,0,0,251615,251615,0,0,0,0,0,0
2802,0,0,0,252969,252969,0,0,0,0,0,0
2803,0,0,0,252829,252829,0,0,0,0,130140,130140
2804,0,0,0,251615,251615,0,0,0,0,0,0
2805,0,0,0,251615,251615,0,0,0,0,0,0
2806,0,0,0,246539,246539,246801,246801,0,0,0,0
2807,0,0,0,252828,252828,0,0,0,0,0,0
2808,0,0,0,252828,252828,0,0,0,0,0,0
2809,0,0,0,254550,254550,254555,254555,0,0,0,0
2810,0,0,0,254185,254185,0,0,0,0,0,0
2812,0,0,0,251283,251283,0,0,0,0,0,0
2813,0,0,0,251283,251283,0,0,0,0,0,0
2814,0,0,0,254870,254870,0,0,0,0,0,0
2815,8,0,0,254813,254813,0,0,0,0,130140,130140
2816,0,0,0,256240,256240,0,0,0,0,0,0
2817,0,0,0,242581,242581,0,0,0,0,250513,250513
2818,0,0,0,246914,246914,0,0,0,0,0,0
2819,5,0,0,256893,256893,0,0,0,0,0,0
2820,0,0,0,246665,246665,0,0,0,0,0,0
2821,0,0,0,257462,257469,0,0,0,0,0,0
2822,0,0,0,257617,257617,0,0,0,0,250513,250513
2823,0,0,0,257900,257900,0,0,0,0,0,0
2824,0,0,0,258068,258068,0,0,0,0,0,0
2825,0,0,0,242855,242855,0,0,0,0,250513,250513
2826,0,0,0,242581,242581,0,0,0,0,250513,250513
2827,0,0,0,242581,242581,0,0,0,0,250513,250513
2828,0,0,0,242855,242855,0,0,0,0,250513,250513
2829,0,0,0,242581,242581,0,0,0,0,250513,250513
2830,0,0,0,258830,258830,0,0,0,0,0,0
2831,0,0,0,243033,243033,0,0,0,0,0,0
2832,0,0,0,198162,198162,0,0,0,0,0,0
2833,0,0,0,242581,242581,0,0,0,0,250513,250513
2834,0,0,0,259235,259235,0,0,0,0,0,0
2835,0,0,0,242581,242581,0,0,0,0,250513,250513
2836,0,0,0,242581,242581,0,0,0,0,250513,250513
2837,0,0,0,259812,259812,0,0,0,0,0,0
2838,0,0,0,259834,259834,0,0,0,0,0,0
2839,0,0,0,259852,259852,0,0,0,0,0,0
2840,0,0,0,259857,259857,0,0,0,0,0,0
2841,0,0,0,259897,259897,0,0,0,0,0,0
2842,0,0,0,46916,46916,0,0,0,0,0,0
2843,0,0,0,259899,259899,0,0,0,0,0,0
2844,0,0,0,259900,259900,0,0,0,0,0,0
2845,0,0,0,259904,259904,0,0,0,0,0,0
2846,0,0,0,259913,259913,0,0,0,0,0,0
2847,0,0,0,259914,259914,0,0,0,0,0,0
2848,0,0,0,259915,259915,0,0,0,0,0,0
2849,0,0,0,259916,259914,0,0,0,0,0,0
2850,0,0,0,259918,259918,0,0,0,0,0,0
2851,0,0,0,259921,259921,0,0,0,0,0,0
2852,0,0,0,259922,259922,0,0,0,0,0,0
2853,0,0,0,259924,259924,0,0,0,0,0,0
2854,0,0,0,259812,259812,0,0,0,0,0,0
2855,0,0,0,260126,260126,0,0,0,0,0,0
2856,0,0,0,260131,260131,0,0,0,0,0,0
2857,0,0,0,260647,260647,0,0,0,0,0,0
2858,0,0,0,260675,0,0,0,0,0,0,0
2859,0,0,0,260678,0,0,0,0,0,0,0
2861,0,0,0,242855,242855,0,0,0,0,250513,250513
2862,0,0,0,263071,263071,0,0,0,0,0,0
2863,0,0,0,263079,263079,0,0,0,0,0,0
2865,0,0,0,263071,263071,0,0,0,0,0,0
2866,0,0,0,263702,263702,0,0,0,0,0,0
2867,0,0,0,263400,263400,263405,263405,0,0,0,0
2868,0,0,0,284489,284489,0,0,0,0,0,0
2869,0,0,0,266449,0,0,0,0,0,0,0
2870,0,0,0,266503,266503,0,0,0,0,0,0
2873,0,0,0,242581,242581,0,0,0,0,250513,250513
2874,0,0,0,242581,242581,0,0,0,0,250513,250513
2875,0,0,0,242581,242581,0,0,0,0,250513,250513
2876,0,0,0,242581,242581,0,0,0,0,250513,250513
2877,0,0,0,246896,246896,0,0,0,0,0,0
2878,8,0,0,272350,272350,0,0,0,0,272351,272351
2879,0,0,0,198162,198162,0,0,0,0,0,0
2880,0,0,0,272402,272402,0,0,0,0,0,0
2881,0,0,0,272404,272404,0,0,0,0,0,0
2882,8,0,0,272405,272405,0,0,0,0,272351,272351
2883,0,0,0,111999,111999,272410,272410,0,0,0,0
2884,0,0,0,272496,272496,0,0,0,0,0,0
2885,0,0,0,242581,242581,0,0,0,0,250513,250513
2886,0,0,0,272770,272770,0,0,0,0,0,0
2887,0,0,0,272773,272773,0,0,0,0,0,0
2888,0,0,0,272798,272798,0,0,0,0,0,0
2889,0,0,0,272797,272797,0,0,0,0,0,0
2890,0,0,0,272797,272797,0,0,0,0,0,0
2891,0,0,0,274257,274257,0,0,0,0,0,0
2892,0,0,0,272876,272876,0,0,0,0,0,0
2893,8,0,0,272797,272797,0,0,0,0,0,0
2894,0,0,0,273107,273107,0,0,0,0,0,0
2895,8,0,0,272797,272797,0,0,0,0,0,0
2896,8,0,0,272797,272797,0,0,0,0,0,0
2897,0,0,0,273924,273924,0,0,0,0,0,0
2898,0,0,0,274143,274143,0,0,0,0,0,0
2899,0,0,0,274259,274259,0,0,0,0,0,0
2900,0,0,0,274260,274260,0,0,0,0,0,0
2901,0,0,0,274306,274306,0,0,0,0,0,0
2902,0,0,0,279976,280099,0,0,0,0,0,0
2903,0,0,0,279905,279905,0,0,0,0,0,0
2904,0,0,0,279950,279951,0,0,0,0,0,0
2905,0,0,0,280211,280211,0,0,0,0,0,0
2907,0,0,0,274558,90813,0,0,0,0,0,0
2908,8,0,0,194845,194845,0,0,0,0,0,0
2909,0,0,0,274701,274701,274699,274699,274700,274700,0,0
2910,0,0,0,274712,274712,0,0,0,0,0,0
2911,0,0,0,274724,274724,0,0,0,0,0,0
2912,0,0,0,274728,274728,0,0,0,0,0,0
2913,0,0,0,274306,274306,0,0,0,0,0,0
2914,0,0,0,274260,274260,0,0,0,0,0,0
2915,0,0,0,275071,275071,0,0,0,0,0,0
2916,0,0,0,275085,275085,0,0,0,0,0,0
2917,0,0,0,275482,275482,0,0,0,0,0,0
2918,8,0,0,276085,276085,0,0,0,0,0,0
2919,0,0,0,276268,276268,276269,276269,276270,276270,0,0
2920,0,0,0,276317,276268,276360,276360,276361,276361,0,0
2921,0,0,0,246896,246896,0,0,0,0,0,0
2922,0,0,0,276377,276377,0,0,0,0,0,0
2923,0,0,0,276377,276377,0,0,0,0,0,0
2924,0,0,0,276445,276445,0,0,0,0,0,0
2925,0,0,0,276450,276450,0,0,0,0,0,0
2926,8,0,0,276455,276455,0,0,0,0,0,0
2927,0,0,0,274260,274260,0,0,0,0,0,0
2928,0,0,0,276628,276628,0,0,0,0,0,0
2929,0,0,0,276870,276870,0,0,0,0,0,0
2930,0,0,0,276934,276934,0,0,0,0,0,0
2931,0,0,0,276870,276870,0,0,0,0,0,0
2932,0,0,0,272797,272797,0,0,0,0,0,0
2933,0,0,0,283358,283358,0,0,0,0,0,0
2934,0,0,0,272797,272797,0,0,0,0,0,0
2935,0,0,0,272797,272797,0,0,0,0,0,0
2936,0,0,0,278473,278473,0,0,0,0,0,0
2937,0,0,0,279414,279414,0,0,0,0,0,0
2940,8,0,0,280082,280082,0,0,0,0,0,0
2942,0,0,0,258830,258830,0,0,0,0,0,0
2944,0,0,0,282226,282226,282227,282227,0,0,0,0
2946,0,0,0,283257,283257,0,0,0,0,0,0
2947,0,0,0,283844,283844,0,0,0,0,0,0
2948,0,0,0,283959,283959,0,0,0,0,0,0
2949,0,0,0,284022,284022,0,0,0,0,0,0
