ID,SpellID,RequiredTotemCategoryID[0],RequiredTotemCategoryID[1],Totem[0],Totem[1]
6,2661,162,0,0,0
7,2662,162,0,0,0
8,2663,162,0,0,0
9,2664,162,0,0,0
10,2666,162,0,0,0
11,2667,162,0,0,0
12,2668,162,0,0,0
13,2670,162,0,0,0
14,2671,162,0,0,0
15,2672,162,0,0,0
16,2673,162,0,0,0
17,2675,162,0,0,0
18,2737,162,0,0,0
19,2738,162,0,0,0
20,2739,162,0,0,0
21,2740,162,0,0,0
22,2741,162,0,0,0
23,2742,162,0,0,0
25,3292,162,0,0,0
26,3293,162,0,0,0
27,3294,162,0,0,0
28,3295,162,0,0,0
29,3296,162,0,0,0
30,3297,162,0,0,0
31,3319,162,0,0,0
32,3321,162,0,0,0
33,3323,162,0,0,0
34,3324,162,0,0,0
35,3325,162,0,0,0
36,3328,162,0,0,0
37,3330,162,0,0,0
38,3331,162,0,0,0
39,3333,162,0,0,0
40,3334,162,0,0,0
41,3336,162,0,0,0
42,3491,162,0,0,0
43,3492,162,0,0,0
44,3493,162,0,0,0
45,3494,162,0,0,0
46,3495,162,0,0,0
47,3496,162,0,0,0
48,3497,162,0,0,0
49,3498,162,0,0,0
50,3500,162,0,0,0
51,3501,162,0,0,0
52,3502,162,0,0,0
53,3503,162,0,0,0
54,3504,162,0,0,0
55,3505,162,0,0,0
56,3506,162,0,0,0
57,3507,162,0,0,0
58,3508,162,0,0,0
59,3511,162,0,0,0
60,3513,162,0,0,0
61,3515,162,0,0,0
65,3922,162,0,0,0
66,3923,162,0,0,0
67,3924,162,0,0,0
68,3925,162,0,0,0
70,3928,162,14,0,0
71,3932,162,14,0,0
72,3934,14,0,0,0
73,3936,162,14,0,0
74,3937,162,0,0,0
75,3938,162,0,0,0
76,3939,162,14,0,0
77,3941,162,0,0,0
78,3942,162,14,0,0
79,3944,162,14,0,0
80,3950,162,14,0,0
81,3954,162,14,0,0
82,3955,162,14,0,0
83,3956,14,0,0,0
84,3957,162,14,0,0
85,3958,162,0,0,0
86,3959,162,14,0,0
87,3960,162,14,0,0
88,3961,162,14,0,0
89,3962,162,0,0,0
90,3963,162,14,0,0
91,3965,162,14,0,0
92,3966,14,15,0,0
93,3967,162,14,0,0
94,3968,162,14,0,0
95,3969,162,14,0,0
96,3971,162,14,0,0
97,3977,14,0,0,0
98,3978,14,0,0,0
99,3979,14,15,0,0
109,5809,0,0,5251,0
110,6517,162,0,0,0
111,6518,162,0,0,0
112,6620,0,0,5638,0
113,6671,0,0,5251,0
114,7221,162,0,0,0
115,7222,162,0,0,0
116,7223,162,0,0,0
117,7224,162,0,0,0
118,7408,162,0,0,0
119,7418,6,0,0,0
120,7420,6,0,0,0
121,7426,6,0,0,0
122,7428,6,0,0,0
123,7430,162,0,0,0
124,7443,6,0,0,0
126,7457,6,0,0,0
127,7745,6,0,0,0
128,7748,6,0,0,0
129,7766,6,0,0,0
130,7771,6,0,0,0
131,7776,6,0,0,0
132,7779,6,0,0,0
133,7782,6,0,0,0
134,7786,6,0,0,0
135,7788,6,0,0,0
136,7793,6,0,0,0
137,7817,162,0,0,0
139,7857,7,0,0,0
140,7859,7,0,0,0
142,7863,7,0,0,0
143,7867,7,0,0,0
151,8262,5,0,0,0
152,8264,4,0,0,0
153,8334,162,0,0,0
154,8366,162,0,0,0
155,8367,162,0,0,0
156,8368,162,0,0,0
157,8512,3,0,0,0
161,8768,162,0,0,0
162,8880,162,0,0,0
163,8895,162,14,0,0
164,9269,162,14,0,0
165,9489,0,0,7667,0
166,9811,162,0,0,0
167,9813,162,0,0,0
168,9814,162,0,0,0
169,9818,162,0,0,0
170,9820,162,0,0,0
171,9916,162,0,0,0
172,9926,162,0,0,0
173,9928,162,0,0,0
174,9931,162,0,0,0
175,9933,162,0,0,0
176,9935,162,0,0,0
177,9937,162,0,0,0
178,9939,162,0,0,0
179,9942,162,0,0,0
180,9945,162,0,0,0
181,9950,162,0,0,0
182,9952,162,0,0,0
183,9954,162,0,0,0
184,9957,162,0,0,0
185,9959,162,0,0,0
186,9961,162,0,0,0
187,9964,162,0,0,0
188,9966,162,0,0,0
189,9968,162,0,0,0
190,9970,162,0,0,0
191,9972,162,0,0,0
192,9974,162,0,0,0
193,9979,162,0,0,0
194,9980,162,0,0,0
195,9983,162,0,0,0
196,9985,162,0,0,0
197,9986,162,0,0,0
198,9987,162,0,0,0
199,9993,162,0,0,0
200,9995,162,0,0,0
201,9997,162,0,0,0
202,10001,162,0,0,0
203,10003,162,0,0,0
204,10005,162,0,0,0
205,10007,162,0,0,0
206,10009,162,0,0,0
207,10011,162,0,0,0
208,10013,162,0,0,0
209,10015,162,0,0,0
212,11454,162,0,0,0
213,11479,12,0,0,0
214,11480,12,0,0,0
215,11643,162,0,0,0
216,11759,0,0,8523,0
217,11760,0,0,8523,0
218,11761,0,0,8523,0
219,11923,162,0,0,0
220,12259,162,0,0,0
221,12260,162,0,0,0
222,12584,162,14,0,0
223,12587,14,15,0,0
224,12589,162,0,0,0
225,12590,162,0,0,0
226,12591,162,14,0,0
227,12594,14,15,0,0
228,12595,162,14,0,0
230,12597,162,14,0,0
231,12599,162,14,0,0
232,12603,162,14,0,0
233,12607,14,15,0,0
234,12614,162,14,0,0
235,12615,14,15,0,0
236,12616,14,15,0,0
237,12617,162,14,0,0
238,12618,14,15,0,0
239,12619,162,14,0,0
240,12620,162,14,0,0
242,12622,14,15,0,0
243,12624,162,14,0,0
244,12716,162,14,0,0
245,12717,162,14,0,0
246,12718,162,14,0,0
250,12754,162,14,0,0
251,12755,162,14,0,0
252,12758,162,14,0,0
253,12759,162,14,0,0
254,12897,14,15,0,0
255,12899,162,14,0,0
256,12900,162,14,0,0
257,12902,162,14,0,0
258,12903,162,14,0,0
260,12905,162,14,0,0
261,12906,162,14,0,0
262,12907,162,14,0,0
263,12908,162,14,0,0
264,13240,162,14,0,0
265,13378,6,0,0,0
266,13380,6,0,0,0
267,13419,7,0,0,0
268,13421,6,0,0,0
269,13464,7,0,0,0
270,13485,7,0,0,0
271,13501,7,0,0,0
272,13503,7,0,0,0
274,13529,7,0,0,0
275,13536,7,0,0,0
276,13538,7,0,0,0
277,13607,7,0,0,0
278,13612,7,0,0,0
279,13617,7,0,0,0
280,13620,7,0,0,0
281,13622,7,0,0,0
282,13626,7,0,0,0
283,13631,8,0,0,0
284,13635,8,0,0,0
285,13637,8,0,0,0
286,13640,8,0,0,0
287,13642,8,0,0,0
288,13644,8,0,0,0
289,13646,8,0,0,0
290,13648,8,0,0,0
291,13653,8,0,0,0
292,13655,8,0,0,0
294,13659,8,0,0,0
295,13661,8,0,0,0
296,13663,8,0,0,0
297,13687,8,0,0,0
298,13689,8,0,0,0
299,13693,8,0,0,0
300,13695,8,0,0,0
301,13698,8,0,0,0
302,13700,8,0,0,0
303,13746,9,0,0,0
305,13815,9,0,0,0
306,13817,9,0,0,0
307,13822,9,0,0,0
308,13836,9,0,0,0
309,13841,9,0,0,0
310,13846,9,0,0,0
311,13858,9,0,0,0
312,13868,9,0,0,0
313,13882,9,0,0,0
314,13887,9,0,0,0
315,13890,9,0,0,0
316,13898,9,0,0,0
317,13905,9,0,0,0
318,13915,9,0,0,0
319,13917,9,0,0,0
320,13931,9,0,0,0
322,13935,9,0,0,0
323,13937,9,0,0,0
324,13939,9,0,0,0
325,13941,9,0,0,0
326,13943,9,0,0,0
327,13945,9,0,0,0
328,13947,9,0,0,0
329,13948,9,0,0,0
330,14293,6,0,0,0
333,14807,6,0,0,0
334,14809,8,0,0,0
335,14810,8,0,0,0
337,15066,0,0,5251,0
338,15255,162,14,0,0
339,15292,162,0,0,0
340,15293,162,0,0,0
341,15294,162,0,0,0
342,15295,162,0,0,0
343,15296,162,0,0,0
344,15628,162,14,0,0
345,15633,162,14,0,0
347,15787,4,0,0,0
348,15972,162,0,0,0
349,15973,162,0,0,0
351,16321,0,0,12384,0
352,16322,0,0,12384,0
353,16323,0,0,12384,0
354,16325,0,0,12384,0
355,16326,0,0,12384,0
356,16327,0,0,12384,0
357,16329,0,0,12384,0
359,16642,162,0,0,0
360,16643,162,0,0,0
361,16644,162,0,0,0
362,16645,162,0,0,0
363,16646,162,0,0,0
364,16647,162,0,0,0
365,16648,162,0,0,0
366,16649,162,0,0,0
367,16650,162,0,0,0
368,16651,162,0,0,0
369,16652,162,0,0,0
370,16653,162,0,0,0
371,16654,162,0,0,0
372,16655,162,0,0,0
373,16656,162,0,0,0
374,16657,162,0,0,0
375,16658,162,0,0,0
376,16659,162,0,0,0
377,16660,162,0,0,0
378,16661,162,0,0,0
379,16662,162,0,0,0
380,16663,162,0,0,0
381,16664,162,0,0,0
382,16665,162,0,0,0
383,16667,162,0,0,0
384,16724,162,0,0,0
385,16725,162,0,0,0
386,16726,162,0,0,0
387,16728,162,0,0,0
388,16729,162,0,0,0
389,16730,162,0,0,0
390,16731,162,0,0,0
391,16732,162,0,0,0
392,16741,162,0,0,0
393,16742,162,0,0,0
394,16744,162,0,0,0
395,16745,162,0,0,0
396,16746,162,0,0,0
397,16960,162,0,0,0
398,16965,162,0,0,0
399,16967,162,0,0,0
400,16969,162,0,0,0
401,16970,162,0,0,0
402,16971,162,0,0,0
403,16973,162,0,0,0
404,16978,162,0,0,0
405,16980,162,0,0,0
406,16983,162,0,0,0
407,16984,162,0,0,0
408,16985,162,0,0,0
409,16986,162,0,0,0
410,16987,162,0,0,0
411,16988,162,0,0,0
412,16990,162,0,0,0
413,16991,162,0,0,0
414,16992,162,0,0,0
415,16993,162,0,0,0
416,16994,162,0,0,0
417,16995,162,0,0,0
418,17180,9,0,0,0
419,17181,9,0,0,0
420,17187,12,0,0,0
421,17366,4,0,0,0
422,17559,12,0,0,0
423,17560,12,0,0,0
424,17561,12,0,0,0
425,17562,12,0,0,0
426,17563,12,0,0,0
427,17564,12,0,0,0
428,17565,12,0,0,0
429,17566,12,0,0,0
430,18432,4,0,0,0
431,19512,0,0,15826,0
433,19666,162,0,0,0
434,19667,162,0,0,0
435,19668,162,0,0,0
436,19669,162,0,0,0
437,19790,162,0,0,0
438,19791,162,14,0,0
439,19792,162,14,0,0
440,19793,162,14,0,0
441,19794,14,15,0,0
442,19795,162,14,0,0
443,19796,162,14,0,0
444,19799,162,0,0,0
446,19814,162,14,0,0
447,19815,162,14,0,0
448,19819,162,14,0,0
449,19825,14,15,0,0
450,19830,162,14,0,0
451,19831,162,0,0,0
452,19833,162,14,0,0
453,20008,9,0,0,0
454,20009,9,0,0,0
455,20010,9,0,0,0
456,20011,9,0,0,0
457,20012,9,0,0,0
458,20013,9,0,0,0
460,20015,9,0,0,0
461,20016,9,0,0,0
462,20017,9,0,0,0
463,20020,9,0,0,0
464,20023,9,0,0,0
465,20024,9,0,0,0
466,20025,10,0,0,0
467,20026,9,0,0,0
468,20028,9,0,0,0
469,20029,9,0,0,0
470,20030,10,0,0,0
471,20031,10,0,0,0
472,20032,10,0,0,0
473,20033,10,0,0,0
474,20034,10,0,0,0
475,20035,10,0,0,0
476,20036,10,0,0,0
478,20602,4,0,0,0
479,20872,162,0,0,0
480,20873,162,0,0,0
481,20874,162,0,0,0
482,20876,162,0,0,0
483,20890,162,0,0,0
484,20897,162,0,0,0
485,21161,162,0,0,0
486,21913,162,0,0,0
487,21931,8,0,0,0
488,21940,162,14,0,0
490,22704,162,14,0,0
491,22749,10,0,0,0
492,22750,10,0,0,0
493,22793,162,14,0,0
494,22795,162,14,0,0
495,22797,162,14,0,0
496,23071,162,14,0,0
497,23077,162,14,0,0
498,23081,162,14,0,0
499,23082,162,14,0,0
500,23096,162,14,0,0
501,23129,162,0,0,0
502,23486,162,14,0,0
503,23489,162,14,0,0
504,23628,162,0,0,0
505,23629,162,0,0,0
506,23632,162,0,0,0
507,23633,162,0,0,0
508,23636,162,0,0,0
509,23637,162,0,0,0
510,23638,162,0,0,0
511,23639,162,0,0,0
512,23650,162,0,0,0
513,23652,162,0,0,0
514,23653,162,0,0,0
515,23799,10,0,0,0
516,23800,10,0,0,0
517,23801,10,0,0,0
518,23802,10,0,0,0
519,23803,10,0,0,0
520,23804,10,0,0,0
521,24136,162,0,0,0
522,24137,162,0,0,0
523,24138,162,0,0,0
524,24139,162,0,0,0
525,24140,162,0,0,0
526,24141,162,0,0,0
527,24265,0,0,19960,0
528,24356,15,14,0,0
529,24357,15,14,0,0
530,24376,0,0,19775,0
531,24399,162,0,0,0
532,24912,162,0,0,0
533,24913,162,0,0,0
534,24914,162,0,0,0
535,25072,10,0,0,0
536,25073,10,0,0,0
537,25074,10,0,0,0
538,25078,10,0,0,0
539,25079,10,0,0,0
540,25080,10,0,0,0
543,25083,10,0,0,0
544,25084,10,0,0,0
545,25086,10,0,0,0
546,25124,6,0,0,0
547,25125,7,0,0,0
548,25126,8,0,0,0
549,25127,9,0,0,0
550,25128,9,0,0,0
551,25129,10,0,0,0
552,25130,10,0,0,0
553,25146,12,0,0,0
554,25278,238,0,0,0
555,25280,238,0,0,0
556,25283,238,0,0,0
557,25284,238,0,0,0
558,25287,238,0,0,0
559,25305,238,0,0,0
560,25317,238,0,0,0
561,25318,238,0,0,0
562,25320,238,0,0,0
563,25321,238,0,0,0
564,25323,238,0,0,0
565,25339,238,0,0,0
566,25490,238,0,0,0
567,25498,238,0,0,0
568,25610,238,0,0,0
569,25612,238,0,0,0
570,25613,238,0,0,0
571,25614,238,0,0,0
572,25615,238,0,0,0
573,25617,238,0,0,0
574,25618,238,0,0,0
575,25619,238,0,0,0
576,25620,238,0,0,0
577,25621,238,0,0,0
578,25622,238,0,0,0
579,26011,162,14,0,0
580,26872,238,0,0,0
581,26873,238,0,0,0
582,26874,238,0,0,0
583,26875,238,0,0,0
584,26876,238,0,0,0
585,26878,238,0,0,0
586,26880,238,0,0,0
587,26881,238,0,0,0
588,26882,238,0,0,0
589,26883,238,0,0,0
590,26885,238,0,0,0
591,26887,238,0,0,0
592,26896,238,0,0,0
593,26897,238,0,0,0
594,26900,238,0,0,0
595,26902,238,0,0,0
596,26903,238,0,0,0
597,26904,238,0,0,0
598,26905,238,0,0,0
599,26906,238,0,0,0
600,26907,238,0,0,0
601,26908,238,0,0,0
602,26909,238,0,0,0
603,26910,238,0,0,0
604,26911,238,0,0,0
605,26912,238,0,0,0
606,26914,238,0,0,0
607,26915,238,0,0,0
608,26916,238,0,0,0
609,26918,238,0,0,0
610,26920,238,0,0,0
611,26926,238,0,0,0
612,26927,238,0,0,0
613,26928,238,0,0,0
614,27585,162,0,0,0
615,27586,162,0,0,0
616,27587,162,0,0,0
617,27588,162,0,0,0
618,27589,162,0,0,0
619,27590,162,0,0,0
620,27829,162,0,0,0
621,27830,162,0,0,0
622,27832,162,0,0,0
623,27837,10,0,0,0
624,27899,9,0,0,0
625,27905,41,0,0,0
626,27906,41,0,0,0
627,27911,41,0,0,0
628,27913,41,0,0,0
629,27914,62,0,0,0
630,27917,62,0,0,0
635,27944,9,0,0,0
636,27945,41,0,0,0
637,27946,41,0,0,0
639,27948,41,0,0,0
640,27950,41,0,0,0
641,27951,41,0,0,0
642,27954,41,0,0,0
643,27957,41,0,0,0
644,27958,62,0,0,0
645,27960,41,0,0,0
646,27961,9,0,0,0
649,27967,41,0,0,0
650,27968,41,0,0,0
651,27971,62,0,0,0
652,27972,62,0,0,0
653,27975,62,0,0,0
654,27977,62,0,0,0
655,27981,63,0,0,0
656,27982,63,0,0,0
657,27984,63,0,0,0
658,28003,62,0,0,0
659,28004,62,0,0,0
660,28016,41,0,0,0
661,28019,41,0,0,0
662,28021,41,0,0,0
663,28022,41,0,0,0
664,28027,41,0,0,0
665,28028,62,0,0,0
666,28242,162,0,0,0
667,28243,162,0,0,0
668,28244,162,0,0,0
670,28327,162,14,0,0
671,28461,162,0,0,0
672,28462,162,0,0,0
673,28463,162,0,0,0
674,28566,12,0,0,0
675,28567,12,0,0,0
676,28568,12,0,0,0
677,28569,12,0,0,0
678,28580,12,0,0,0
679,28581,12,0,0,0
680,28582,12,0,0,0
681,28583,12,0,0,0
682,28584,12,0,0,0
683,28585,12,0,0,0
684,28903,238,0,0,0
685,28905,238,0,0,0
688,28910,238,0,0,0
689,28912,238,0,0,0
690,28914,238,0,0,0
691,28915,238,0,0,0
692,28916,238,0,0,0
693,28917,238,0,0,0
694,28918,238,0,0,0
696,28925,238,0,0,0
697,28927,238,0,0,0
698,28933,238,0,0,0
699,28936,238,0,0,0
701,28944,238,0,0,0
702,28947,238,0,0,0
703,28948,238,0,0,0
704,28950,238,0,0,0
705,28953,238,0,0,0
706,28955,238,0,0,0
709,29545,162,0,0,0
710,29547,162,0,0,0
711,29548,162,0,0,0
712,29549,162,0,0,0
713,29550,162,0,0,0
714,29551,162,0,0,0
715,29552,162,0,0,0
716,29553,162,0,0,0
717,29556,162,0,0,0
718,29557,162,0,0,0
719,29558,162,0,0,0
720,29565,162,0,0,0
721,29566,162,0,0,0
722,29568,162,0,0,0
723,29569,162,0,0,0
724,29571,162,0,0,0
725,29603,162,0,0,0
726,29605,162,0,0,0
727,29606,162,0,0,0
728,29608,162,0,0,0
729,29610,162,0,0,0
730,29611,162,0,0,0
731,29613,162,0,0,0
732,29614,162,0,0,0
733,29615,162,0,0,0
734,29616,162,0,0,0
735,29617,162,0,0,0
736,29619,162,0,0,0
737,29620,162,0,0,0
738,29621,162,0,0,0
739,29622,162,0,0,0
740,29628,162,0,0,0
741,29629,162,0,0,0
742,29630,162,0,0,0
743,29642,162,0,0,0
744,29643,162,0,0,0
745,29645,162,0,0,0
746,29648,162,0,0,0
747,29649,162,0,0,0
748,29657,162,0,0,0
749,29658,162,0,0,0
750,29662,162,0,0,0
751,29663,162,0,0,0
752,29664,162,0,0,0
753,29668,162,0,0,0
754,29669,162,0,0,0
755,29671,162,0,0,0
756,29672,162,0,0,0
757,29688,12,0,0,0
758,29692,162,0,0,0
759,29693,162,0,0,0
760,29694,162,0,0,0
761,29695,162,0,0,0
762,29696,162,0,0,0
763,29697,162,0,0,0
764,29698,162,0,0,0
765,29699,162,0,0,0
766,29700,162,0,0,0
767,30304,162,14,0,0
768,30305,162,14,0,0
769,30306,162,14,0,0
770,30307,162,14,0,0
771,30308,162,14,0,0
772,30309,162,14,0,0
773,30310,162,0,0,0
774,30311,162,0,0,0
775,30312,162,14,0,0
776,30313,162,14,0,0
777,30314,162,14,0,0
778,30315,162,14,0,0
779,30316,14,15,0,0
780,30317,14,15,0,0
781,30318,14,15,0,0
782,30325,14,15,0,0
783,30329,162,14,0,0
784,30332,162,14,0,0
785,30334,162,14,0,0
786,30337,162,14,0,0
789,30348,162,14,0,0
790,30349,162,14,0,0
791,30548,162,14,0,0
793,30551,0,14,0,0
794,30552,0,14,0,0
795,30555,162,14,0,0
796,30556,162,14,0,0
797,30558,162,14,0,0
799,30563,162,14,0,0
800,30565,162,14,0,0
801,30566,162,14,0,0
802,30568,162,14,0,0
803,30569,162,14,0,0
804,30570,162,14,0,0
806,30574,14,15,0,0
807,30575,14,15,0,0
809,31048,238,0,0,0
810,31049,238,0,0,0
811,31050,238,0,0,0
812,31051,238,0,0,0
813,31052,238,0,0,0
814,31053,238,0,0,0
815,31054,238,0,0,0
816,31055,238,0,0,0
817,31056,238,0,0,0
818,31057,238,0,0,0
819,31058,238,0,0,0
820,31060,238,0,0,0
821,31061,238,0,0,0
822,31062,238,0,0,0
823,31063,238,0,0,0
824,31064,238,0,0,0
825,31065,238,0,0,0
826,31066,238,0,0,0
827,31067,238,0,0,0
828,31068,238,0,0,0
829,31070,238,0,0,0
830,31071,238,0,0,0
831,31072,238,0,0,0
832,31076,238,0,0,0
833,31077,238,0,0,0
834,31078,238,0,0,0
835,31079,238,0,0,0
836,31080,238,0,0,0
837,31081,238,0,0,0
838,31082,238,0,0,0
839,31083,238,0,0,0
840,31084,238,0,0,0
841,31085,238,0,0,0
843,31088,238,0,0,0
845,31090,238,0,0,0
846,31091,238,0,0,0
847,31092,238,0,0,0
849,31095,238,0,0,0
851,31097,238,0,0,0
852,31098,238,0,0,0
855,31101,238,0,0,0
856,31102,238,0,0,0
857,31103,238,0,0,0
858,31104,238,0,0,0
860,31106,238,0,0,0
861,31107,238,0,0,0
862,31108,238,0,0,0
863,31109,238,0,0,0
865,31111,238,0,0,0
866,31112,238,0,0,0
867,31113,238,0,0,0
868,31149,238,0,0,0
869,31633,2,0,0,0
870,32167,4,0,0,0
871,32178,238,0,0,0
872,32179,238,0,0,0
878,32765,12,0,0,0
879,32766,12,0,0,0
880,32866,238,0,0,0
881,32867,238,0,0,0
882,32868,238,0,0,0
883,32869,238,0,0,0
884,32870,238,0,0,0
885,32871,238,0,0,0
886,32872,238,0,0,0
887,32873,238,0,0,0
888,32874,238,0,0,0
889,33017,0,0,5060,0
890,33570,2,0,0,0
891,33775,4,0,0,0
892,33990,41,0,0,0
893,33991,9,0,0,0
894,33992,41,0,0,0
895,33993,9,0,0,0
896,33994,62,0,0,0
897,33995,41,0,0,0
898,33996,41,0,0,0
899,33997,62,0,0,0
900,33999,62,0,0,0
901,34001,9,0,0,0
902,34002,9,0,0,0
903,34003,41,0,0,0
904,34004,41,0,0,0
907,34007,62,0,0,0
908,34008,62,0,0,0
909,34009,41,0,0,0
910,34010,62,0,0,0
912,34079,3,0,0,0
913,34529,162,0,0,0
914,34530,162,0,0,0
915,34533,162,0,0,0
916,34534,162,0,0,0
917,34535,162,0,0,0
918,34537,162,0,0,0
919,34538,162,0,0,0
920,34540,162,0,0,0
921,34541,162,0,0,0
922,34542,162,0,0,0
923,34543,162,0,0,0
924,34544,162,0,0,0
925,34545,162,0,0,0
926,34546,162,0,0,0
927,34547,162,0,0,0
928,34548,162,0,0,0
929,34590,238,0,0,0
930,34955,238,0,0,0
931,34959,238,0,0,0
932,34960,238,0,0,0
933,34961,238,0,0,0
938,36122,162,0,0,0
939,36124,162,0,0,0
940,36125,162,0,0,0
941,36126,162,0,0,0
942,36128,162,0,0,0
943,36129,162,0,0,0
944,36130,162,0,0,0
945,36131,162,0,0,0
946,36133,162,0,0,0
947,36134,162,0,0,0
948,36135,162,0,0,0
949,36136,162,0,0,0
950,36137,162,0,0,0
951,36256,162,0,0,0
952,36257,162,0,0,0
953,36258,162,0,0,0
954,36259,162,0,0,0
955,36260,162,0,0,0
956,36261,162,0,0,0
957,36262,162,0,0,0
958,36263,162,0,0,0
959,36389,162,0,0,0
960,36390,162,0,0,0
961,36391,162,0,0,0
962,36392,162,0,0,0
963,36523,238,0,0,0
964,36524,238,0,0,0
965,36525,238,0,0,0
966,36526,238,0,0,0
967,36954,162,14,0,0
968,36955,162,14,0,0
969,37371,4,0,0,0
970,37818,238,0,0,0
971,37855,238,0,0,0
973,38115,2,0,0,0
974,38116,4,0,0,0
975,38175,238,0,0,0
976,38236,4,0,0,0
977,38304,2,0,0,0
978,38306,5,0,0,0
979,38445,4,0,0,0
980,38449,4,0,0,0
981,38473,162,0,0,0
982,38475,162,0,0,0
983,38476,162,0,0,0
984,38477,162,0,0,0
985,38478,162,0,0,0
986,38479,162,0,0,0
987,38503,238,0,0,0
988,38504,238,0,0,0
989,38581,4,0,0,0
996,39466,238,0,0,0
997,39467,238,0,0,0
998,39470,238,0,0,0
999,39471,238,0,0,0
1000,39588,4,0,0,0
1001,39589,3,0,0,0
1003,39705,238,0,0,0
1004,39706,238,0,0,0
1006,39711,238,0,0,0
1008,39713,238,0,0,0
1009,39714,238,0,0,0
1010,39715,238,0,0,0
1011,39716,238,0,0,0
1013,39718,238,0,0,0
1015,39720,238,0,0,0
1016,39721,238,0,0,0
1019,39724,238,0,0,0
1021,39727,238,0,0,0
1022,39728,238,0,0,0
1025,39731,238,0,0,0
1027,39733,238,0,0,0
1028,39734,238,0,0,0
1030,39736,238,0,0,0
1031,39737,238,0,0,0
1032,39738,238,0,0,0
1033,39739,238,0,0,0
1034,39740,238,0,0,0
1035,39741,238,0,0,0
1036,39742,238,0,0,0
1037,39895,14,0,0,0
1038,39961,238,0,0,0
1039,39963,238,0,0,0
1040,39971,162,0,0,0
1041,40033,162,0,0,0
1042,40034,162,0,0,0
1043,40035,162,0,0,0
1044,40036,162,0,0,0
1045,40274,14,15,0,0
1046,40514,238,0,0,0
1047,40658,0,0,32578,0
1048,40659,0,0,32578,0
1049,40660,0,0,32578,0
1050,40661,0,0,32578,0
1051,40741,0,0,32578,0
1052,41132,162,0,0,0
1053,41133,162,0,0,0
1054,41134,162,0,0,0
1055,41135,162,0,0,0
1056,41307,162,14,0,0
1057,41311,14,15,0,0
1058,41312,14,15,0,0
1059,41314,14,15,0,0
1060,41315,14,15,0,0
1061,41316,14,15,0,0
1062,41317,14,15,0,0
1063,41318,14,15,0,0
1064,41319,14,15,0,0
1065,41320,14,15,0,0
1066,41321,14,15,0,0
1067,41414,238,0,0,0
1068,41415,238,0,0,0
1069,41418,238,0,0,0
1070,42558,238,0,0,0
1071,42588,238,0,0,0
1072,42589,238,0,0,0
1073,42590,238,0,0,0
1074,42591,238,0,0,0
1075,42592,238,0,0,0
1076,42593,238,0,0,0
1078,42615,41,0,0,0
1079,42620,41,0,0,0
1080,42662,162,0,0,0
1081,42688,162,0,0,0
1082,42829,4,0,0,0
1083,42974,63,0,0,0
1084,43493,238,0,0,0
1085,43549,162,0,0,0
1086,43676,14,0,0,0
1087,43846,162,0,0,0
1088,44119,62,0,0,0
1089,44155,14,162,0,0
1090,44157,14,162,0,0
1091,44383,41,0,0,0
1092,44391,162,14,0,0
1094,44484,63,0,0,0
1095,44488,63,0,0,0
1096,44489,63,0,0,0
1097,44492,63,0,0,0
1099,44500,63,0,0,0
1100,44506,62,0,0,0
1101,44508,63,0,0,0
1102,44509,63,0,0,0
1103,44510,63,0,0,0
1104,44513,63,0,0,0
1105,44524,63,0,0,0
1106,44528,62,0,0,0
1107,44529,63,0,0,0
1108,44555,62,0,0,0
1110,44575,190,0,0,0
1111,44576,190,0,0,0
1112,44582,62,0,0,0
1113,44584,63,0,0,0
1114,44588,63,0,0,0
1115,44589,63,0,0,0
1117,44591,190,0,0,0
1118,44592,62,0,0,0
1119,44593,63,0,0,0
1120,44595,190,0,0,0
1122,44598,63,0,0,0
1123,44612,63,0,0,0
1124,44616,63,0,0,0
1125,44621,190,0,0,0
1126,44623,62,0,0,0
1127,44625,190,0,0,0
1128,44629,63,0,0,0
1129,44630,63,0,0,0
1130,44631,190,0,0,0
1131,44633,63,0,0,0
1132,44635,63,0,0,0
1135,44794,238,0,0,0
1136,45382,121,0,0,0
1137,45765,63,0,0,0
1138,46106,14,15,0,0
1139,46107,14,15,0,0
1140,46108,14,15,0,0
1141,46109,14,15,0,0
1142,46110,14,15,0,0
1143,46111,14,15,0,0
1144,46112,14,15,0,0
1145,46113,14,15,0,0
1146,46114,14,15,0,0
1147,46115,14,15,0,0
1148,46116,14,15,0,0
1149,46122,238,0,0,0
1150,46123,238,0,0,0
1151,46124,238,0,0,0
1152,46125,238,0,0,0
1153,46126,238,0,0,0
1154,46127,238,0,0,0
1155,46140,162,0,0,0
1156,46141,162,0,0,0
1157,46142,162,0,0,0
1158,46144,162,0,0,0
1159,46403,238,0,0,0
1161,46405,238,0,0,0
1162,46578,62,0,0,0
1163,46594,41,0,0,0
1164,46597,238,0,0,0
1165,46601,238,0,0,0
1166,46697,162,14,0,0
1167,46775,238,0,0,0
1168,46776,238,0,0,0
1169,46777,238,0,0,0
1170,46778,238,0,0,0
1171,46779,238,0,0,0
1172,46803,238,0,0,0
1173,47051,62,0,0,0
1174,47053,238,0,0,0
1175,47054,238,0,0,0
1176,47055,238,0,0,0
1177,47056,238,0,0,0
1178,47672,190,0,0,0
1179,47715,63,0,0,0
1180,47766,63,0,0,0
1181,47898,190,0,0,0
1182,47899,190,0,0,0
1183,47900,63,0,0,0
1184,47901,190,0,0,0
1185,48114,121,0,0,0
1186,48116,121,0,0,0
1188,48247,121,0,0,0
1189,48248,121,0,0,0
1191,49383,14,0,0,0
1194,50598,121,0,0,0
1195,50599,121,0,0,0
1196,50600,121,0,0,0
1197,50601,121,0,0,0
1198,50602,121,0,0,0
1199,50603,121,0,0,0
1200,50604,121,0,0,0
1201,50605,121,0,0,0
1202,50606,121,0,0,0
1203,50607,121,0,0,0
1204,50608,121,0,0,0
1205,50609,121,0,0,0
1206,50610,121,0,0,0
1207,50611,121,0,0,0
1208,50612,121,0,0,0
1209,50614,121,0,0,0
1210,50616,121,0,0,0
1211,50617,121,0,0,0
1212,50618,121,0,0,0
1213,50619,121,0,0,0
1214,50620,121,0,0,0
1216,52567,162,0,0,0
1217,52568,162,0,0,0
1218,52569,162,0,0,0
1219,52570,162,0,0,0
1220,52571,162,0,0,0
1221,52572,162,0,0,0
1223,52739,121,0,0,0
1224,52843,121,0,0,0
1225,53281,15,0,0,0
1226,53462,121,0,0,0
1227,53681,141,0,0,0
1228,53771,12,0,0,0
1229,53773,12,0,0,0
1230,53774,12,0,0,0
1231,53775,12,0,0,0
1232,53776,12,0,0,0
1233,53777,12,0,0,0
1234,53779,12,0,0,0
1235,53780,12,0,0,0
1236,53781,12,0,0,0
1237,53782,12,0,0,0
1238,53783,12,0,0,0
1239,53784,12,0,0,0
1240,53830,238,0,0,0
1241,53831,238,0,0,0
1242,53832,238,0,0,0
1245,53843,238,0,0,0
1246,53844,238,0,0,0
1247,53845,238,0,0,0
1249,53852,238,0,0,0
1251,53854,238,0,0,0
1253,53856,238,0,0,0
1254,53857,238,0,0,0
1255,53859,238,0,0,0
1256,53860,238,0,0,0
1257,53861,238,0,0,0
1261,53865,238,0,0,0
1265,53869,238,0,0,0
1266,53870,238,0,0,0
1267,53871,238,0,0,0
1268,53872,238,0,0,0
1269,53873,238,0,0,0
1270,53874,238,0,0,0
1271,53875,238,0,0,0
1272,53876,238,0,0,0
1273,53877,238,0,0,0
1275,53879,238,0,0,0
1276,53880,238,0,0,0
1278,53882,238,0,0,0
1279,53883,238,0,0,0
1280,53884,238,0,0,0
1281,53885,238,0,0,0
1287,53891,238,0,0,0
1288,53892,238,0,0,0
1289,53893,238,0,0,0
1290,53894,238,0,0,0
1292,53917,238,0,0,0
1293,53918,238,0,0,0
1294,53919,238,0,0,0
1295,53920,238,0,0,0
1296,53921,238,0,0,0
1297,53922,238,0,0,0
1298,53923,238,0,0,0
1299,53924,238,0,0,0
1300,53925,238,0,0,0
1307,53932,238,0,0,0
1308,53933,238,0,0,0
1309,53934,238,0,0,0
1311,53941,238,0,0,0
1312,53943,238,0,0,0
1313,53945,238,0,0,0
1314,53946,238,0,0,0
1316,53948,238,0,0,0
1317,53949,238,0,0,0
1319,53951,238,0,0,0
1320,53952,238,0,0,0
1322,53954,238,0,0,0
1323,53955,238,0,0,0
1325,53957,238,0,0,0
1326,53958,238,0,0,0
1328,53960,238,0,0,0
1329,53961,238,0,0,0
1330,53962,238,0,0,0
1331,53963,238,0,0,0
1333,53965,238,0,0,0
1334,53966,238,0,0,0
1336,53968,238,0,0,0
1340,53972,238,0,0,0
1342,53974,238,0,0,0
1343,53975,238,0,0,0
1344,53976,238,0,0,0
1345,53977,238,0,0,0
1346,53978,238,0,0,0
1347,53979,238,0,0,0
1348,53980,238,0,0,0
1349,53981,238,0,0,0
1352,53984,238,0,0,0
1353,53985,238,0,0,0
1354,53986,238,0,0,0
1355,53987,238,0,0,0
1356,53988,238,0,0,0
1359,53991,238,0,0,0
1361,53993,238,0,0,0
1362,53994,238,0,0,0
1364,53996,238,0,0,0
1365,53997,238,0,0,0
1366,53998,238,0,0,0
1367,54000,238,0,0,0
1368,54001,238,0,0,0
1370,54003,238,0,0,0
1372,54005,238,0,0,0
1376,54009,238,0,0,0
1378,54011,238,0,0,0
1379,54012,238,0,0,0
1381,54014,238,0,0,0
1382,54017,238,0,0,0
1383,54019,238,0,0,0
1384,54020,12,0,0,0
1385,54023,238,0,0,0
1386,54353,15,0,0,0
1387,54550,162,0,0,0
1388,54551,162,0,0,0
1389,54552,162,0,0,0
1390,54553,162,0,0,0
1391,54554,162,0,0,0
1392,54555,162,0,0,0
1393,54556,162,0,0,0
1394,54557,162,0,0,0
1395,54736,14,0,0,0
1396,54793,14,0,0,0
1397,54917,162,0,0,0
1398,54918,162,0,0,0
1399,54941,162,0,0,0
1400,54944,162,0,0,0
1401,54945,162,0,0,0
1402,54946,162,0,0,0
1403,54947,162,0,0,0
1404,54948,162,0,0,0
1405,54949,162,0,0,0
1406,54978,162,0,0,0
1407,54979,162,0,0,0
1408,54980,162,0,0,0
1409,54981,162,0,0,0
1412,55002,14,0,0,0
1413,55013,162,0,0,0
1414,55014,162,0,0,0
1415,55015,162,0,0,0
1416,55016,14,0,0,0
1417,55017,162,0,0,0
1418,55055,162,0,0,0
1419,55056,162,0,0,0
1420,55057,162,0,0,0
1421,55058,162,0,0,0
1422,55174,162,0,0,0
1423,55177,162,0,0,0
1424,55179,162,0,0,0
1425,55181,162,0,0,0
1426,55182,162,0,0,0
1427,55183,162,0,0,0
1428,55184,162,0,0,0
1429,55185,162,0,0,0
1430,55186,162,0,0,0
1431,55187,162,0,0,0
1432,55200,162,0,0,0
1433,55201,162,0,0,0
1435,55203,162,0,0,0
1436,55204,162,0,0,0
1437,55206,162,0,0,0
1438,55298,162,0,0,0
1439,55300,162,0,0,0
1440,55301,162,0,0,0
1441,55302,162,0,0,0
1442,55303,162,0,0,0
1443,55304,162,0,0,0
1444,55305,162,0,0,0
1445,55306,162,0,0,0
1446,55307,162,0,0,0
1447,55308,162,0,0,0
1448,55309,162,0,0,0
1449,55310,162,0,0,0
1450,55311,162,0,0,0
1451,55312,162,0,0,0
1452,55369,162,0,0,0
1453,55370,162,0,0,0
1454,55371,162,0,0,0
1455,55372,162,0,0,0
1456,55373,162,0,0,0
1457,55374,162,0,0,0
1458,55375,162,0,0,0
1459,55376,162,0,0,0
1460,55377,162,0,0,0
1461,55384,238,0,0,0
1462,55386,238,0,0,0
1463,55387,238,0,0,0
1464,55388,238,0,0,0
1465,55389,238,0,0,0
1466,55390,238,0,0,0
1467,55392,238,0,0,0
1468,55393,238,0,0,0
1469,55394,238,0,0,0
1470,55395,238,0,0,0
1471,55396,238,0,0,0
1472,55397,238,0,0,0
1473,55398,238,0,0,0
1474,55399,238,0,0,0
1475,55400,238,0,0,0
1476,55401,238,0,0,0
1477,55402,238,0,0,0
1478,55403,238,0,0,0
1479,55404,238,0,0,0
1480,55405,238,0,0,0
1481,55407,238,0,0,0
1487,55834,162,0,0,0
1488,55835,162,0,0,0
1489,55839,162,0,0,0
1490,56049,238,0,0,0
1491,56052,238,0,0,0
1492,56053,238,0,0,0
1494,56055,238,0,0,0
1495,56056,238,0,0,0
1499,56079,238,0,0,0
1500,56081,238,0,0,0
1501,56083,238,0,0,0
1502,56084,238,0,0,0
1503,56085,238,0,0,0
1504,56086,238,0,0,0
1505,56087,238,0,0,0
1506,56088,238,0,0,0
1508,56193,238,0,0,0
1509,56194,238,0,0,0
1510,56195,238,0,0,0
1511,56196,238,0,0,0
1512,56197,238,0,0,0
1513,56199,238,0,0,0
1514,56201,238,0,0,0
1515,56202,238,0,0,0
1516,56203,238,0,0,0
1517,56205,238,0,0,0
1518,56206,238,0,0,0
1519,56208,238,0,0,0
1520,56234,162,0,0,0
1521,56273,0,0,42440,0
1522,56280,162,0,0,0
1523,56349,162,0,0,0
1524,56357,162,0,0,0
1525,56400,162,0,0,0
1526,56459,162,0,0,0
1527,56460,14,15,0,0
1528,56461,162,0,0,0
1529,56462,162,0,0,0
1530,56463,14,15,0,0
1531,56464,162,0,0,0
1532,56465,162,0,0,0
1533,56466,162,0,0,0
1534,56467,162,0,0,0
1535,56468,162,15,0,0
1536,56469,162,0,0,0
1537,56470,162,0,0,0
1538,56471,162,0,0,0
1539,56472,162,0,0,0
1540,56473,162,0,0,0
1543,56476,162,0,0,0
1544,56477,162,0,0,0
1545,56478,162,0,0,0
1546,56479,162,0,0,0
1547,56480,162,0,0,0
1548,56481,162,0,0,0
1549,56483,162,0,0,0
1550,56484,162,0,0,0
1551,56486,162,0,0,0
1552,56487,162,0,0,0
1553,56496,238,0,0,0
1554,56497,238,0,0,0
1555,56498,238,0,0,0
1556,56499,238,0,0,0
1557,56500,238,0,0,0
1558,56501,238,0,0,0
1559,56514,162,15,0,0
1560,56549,162,0,0,0
1561,56550,162,0,0,0
1562,56551,162,0,0,0
1563,56552,162,0,0,0
1564,56553,162,0,0,0
1565,56554,162,0,0,0
1566,56555,162,0,0,0
1567,56556,162,0,0,0
1568,56574,162,0,0,0
1574,56948,121,0,0,0
1590,56965,121,0,0,0
1608,56986,121,0,0,0
1654,57032,121,0,0,0
1748,57209,121,0,0,0
1763,57224,121,0,0,0
1802,57263,121,0,0,0
1821,57425,12,0,0,0
1822,57427,12,0,0,0
1823,57703,121,0,0,0
1824,57704,121,0,0,0
1825,57706,121,0,0,0
1826,57707,121,0,0,0
1827,57708,121,0,0,0
1828,57709,121,0,0,0
1829,57710,121,0,0,0
1830,57711,121,0,0,0
1831,57712,121,0,0,0
1832,57713,121,0,0,0
1833,57714,121,0,0,0
1834,57715,121,0,0,0
1835,57716,121,0,0,0
1837,58141,238,0,0,0
1838,58142,238,0,0,0
1839,58143,238,0,0,0
1840,58144,238,0,0,0
1841,58145,238,0,0,0
1842,58146,238,0,0,0
1843,58147,238,0,0,0
1844,58148,238,0,0,0
1845,58149,238,0,0,0
1846,58150,238,0,0,0
1848,58287,121,0,0,0
1860,58301,121,0,0,0
1870,58312,121,0,0,0
1874,58316,121,0,0,0
1878,58320,121,0,0,0
1890,58332,121,0,0,0
1899,58341,121,0,0,0
1903,58345,121,0,0,0
1905,58347,121,0,0,0
1906,58472,121,0,0,0
1907,58473,121,0,0,0
1908,58476,121,0,0,0
1909,58478,121,0,0,0
1910,58480,121,0,0,0
1911,58481,121,0,0,0
1912,58482,121,0,0,0
1913,58483,121,0,0,0
1914,58484,121,0,0,0
1915,58485,121,0,0,0
1916,58486,121,0,0,0
1917,58487,121,0,0,0
1918,58488,121,0,0,0
1919,58489,121,0,0,0
1920,58490,121,0,0,0
1921,58491,121,0,0,0
1922,58492,238,0,0,0
1923,58507,238,0,0,0
1924,58565,121,0,0,0
1925,58856,0,0,43567,43568
1926,58954,238,0,0,0
1932,59387,121,0,0,0
1933,59405,162,0,0,0
1934,59406,162,0,0,0
1935,59436,162,0,0,0
1936,59438,162,0,0,0
1937,59440,162,0,0,0
1938,59441,162,0,0,0
1939,59442,162,0,0,0
1940,59475,121,0,0,0
1941,59478,121,0,0,0
1942,59480,121,0,0,0
1943,59484,121,0,0,0
1944,59486,121,0,0,0
1945,59487,121,0,0,0
1947,59489,121,0,0,0
1948,59490,121,0,0,0
1949,59491,121,0,0,0
1950,59493,121,0,0,0
1951,59494,121,0,0,0
1952,59495,121,0,0,0
1953,59496,121,0,0,0
1954,59497,121,0,0,0
1955,59498,121,0,0,0
1959,59502,121,0,0,0
1960,59503,121,0,0,0
1961,59504,121,0,0,0
1965,59619,190,0,0,0
1966,59621,190,0,0,0
1967,59625,190,0,0,0
1969,59759,238,0,0,0
1970,60336,121,0,0,0
1971,60337,121,0,0,0
1972,60350,12,0,0,0
1973,60606,62,0,0,0
1974,60609,62,0,0,0
1975,60616,62,0,0,0
1976,60621,63,0,0,0
1977,60623,63,0,0,0
1978,60653,63,0,0,0
1979,60663,63,0,0,0
1980,60668,63,0,0,0
1981,60691,190,0,0,0
1982,60692,190,0,0,0
1983,60707,190,0,0,0
1984,60714,190,0,0,0
1985,60763,190,0,0,0
1986,60767,190,0,0,0
1988,60867,14,15,0,0
1989,60874,162,0,0,0
1990,61008,162,0,0,0
1991,61009,162,0,0,0
1992,61010,162,0,0,0
1995,61471,15,0,0,0
1996,61481,162,0,0,0
1997,61482,162,0,0,0
1998,61483,162,0,0,0
2001,62202,162,0,0,0
2002,62256,190,0,0,0
2003,62257,190,0,0,0
2004,62271,162,0,0,0
2005,62941,238,0,0,0
2006,62948,190,0,0,0
2007,62959,63,0,0,0
2008,63182,162,0,0,0
2009,63187,162,0,0,0
2010,63188,162,0,0,0
2011,63189,162,0,0,0
2012,63190,162,0,0,0
2013,63191,162,0,0,0
2014,63192,162,0,0,0
2015,63743,238,0,0,0
2016,63746,9,0,0,0
2017,63750,162,14,0,0
2020,64051,121,0,0,0
2021,64053,121,0,0,0
2026,64250,121,0,0,0
2036,64260,121,0,0,0
2086,64441,190,0,0,0
2087,64579,190,0,0,0
2088,64725,238,0,0,0
2089,64726,238,0,0,0
2090,64727,238,0,0,0
2091,64728,238,0,0,0
2093,66338,238,0,0,0
2094,66428,238,0,0,0
2095,66429,238,0,0,0
2097,66431,238,0,0,0
2098,66432,238,0,0,0
2100,66434,238,0,0,0
2101,66435,238,0,0,0
2105,66439,238,0,0,0
2107,66441,238,0,0,0
2108,66442,238,0,0,0
2109,66443,238,0,0,0
2111,66445,238,0,0,0
2112,66446,238,0,0,0
2113,66447,238,0,0,0
2114,66448,238,0,0,0
2116,66450,238,0,0,0
2118,66452,238,0,0,0
2119,66453,238,0,0,0
2120,66497,238,0,0,0
2121,66498,238,0,0,0
2122,66499,238,0,0,0
2124,66501,238,0,0,0
2125,66502,238,0,0,0
2128,66505,238,0,0,0
2129,66506,238,0,0,0
2131,66554,238,0,0,0
2133,66556,238,0,0,0
2134,66557,238,0,0,0
2137,66560,238,0,0,0
2138,66561,238,0,0,0
2139,66562,238,0,0,0
2144,66567,238,0,0,0
2145,66568,238,0,0,0
2146,66569,238,0,0,0
2147,66570,238,0,0,0
2148,66571,238,0,0,0
2149,66572,238,0,0,0
2150,66573,238,0,0,0
2151,66574,238,0,0,0
2153,66576,238,0,0,0
2156,66579,238,0,0,0
2158,66581,238,0,0,0
2159,66582,238,0,0,0
2160,66583,238,0,0,0
2161,66584,238,0,0,0
2162,66585,238,0,0,0
2163,66586,238,0,0,0
2165,66658,12,0,0,0
2166,66659,12,0,0,0
2167,66660,12,0,0,0
2168,66662,12,0,0,0
2169,66663,12,0,0,0
2170,66664,12,0,0,0
2171,67091,162,0,0,0
2172,67092,162,0,0,0
2173,67093,162,0,0,0
2174,67094,162,0,0,0
2175,67095,162,0,0,0
2176,67096,162,0,0,0
2177,67130,162,0,0,0
2178,67131,162,0,0,0
2179,67132,162,0,0,0
2180,67133,162,0,0,0
2181,67134,162,0,0,0
2182,67135,162,0,0,0
2183,67326,14,15,0,0
2185,67790,162,0,0,0
2186,67824,14,15,0,0
2187,67839,14,0,0,0
2188,67920,14,15,0,0
2189,68067,162,14,0,0
2190,68166,121,0,0,0
2191,68835,4,0,0,0
2192,69385,121,0,0,0
2193,69412,63,0,0,0
2194,69996,121,0,0,0
2195,70562,162,0,0,0
2196,70563,162,0,0,0
2197,70565,162,0,0,0
2198,70566,162,0,0,0
2199,70567,162,0,0,0
2200,70568,162,0,0,0
2204,71692,63,0,0,0
2208,73223,238,0,0,0
2209,73224,238,0,0,0
2210,73225,238,0,0,0
2211,73226,238,0,0,0
2213,73228,238,0,0,0
2214,73229,238,0,0,0
2215,73230,238,0,0,0
2216,73231,238,0,0,0
2217,73232,238,0,0,0
2218,73233,238,0,0,0
2219,73234,238,0,0,0
2220,73239,238,0,0,0
2221,73240,238,0,0,0
2222,73241,238,0,0,0
2223,73242,238,0,0,0
2224,73243,238,0,0,0
2225,73244,238,0,0,0
2226,73245,238,0,0,0
2227,73246,238,0,0,0
2228,73247,238,0,0,0
2229,73248,238,0,0,0
2230,73249,238,0,0,0
2231,73250,238,0,0,0
2232,73258,238,0,0,0
2233,73259,238,0,0,0
2234,73260,238,0,0,0
2235,73262,238,0,0,0
2236,73263,238,0,0,0
2237,73264,238,0,0,0
2238,73265,238,0,0,0
2239,73266,238,0,0,0
2240,73267,238,0,0,0
2241,73268,238,0,0,0
2242,73269,238,0,0,0
2243,73270,238,0,0,0
2244,73271,238,0,0,0
2245,73272,238,0,0,0
2246,73273,238,0,0,0
2248,73275,238,0,0,0
2249,73276,238,0,0,0
2250,73277,238,0,0,0
2251,73278,238,0,0,0
2252,73279,238,0,0,0
2253,73280,238,0,0,0
2255,73290,0,0,20815,0
2272,15786,2,0,0,0
2315,55656,162,0,0,0
2323,60866,14,15,0,0
2328,73222,238,0,0,0
2329,73227,238,0,0,0
2330,73274,238,0,0,0
2331,73281,238,0,0,0
2332,73335,238,0,0,0
2333,73336,238,0,0,0
2334,73337,238,0,0,0
2335,73338,238,0,0,0
2336,73339,238,0,0,0
2337,73340,238,0,0,0
2338,73341,238,0,0,0
2339,73343,238,0,0,0
2340,73344,238,0,0,0
2341,73345,238,0,0,0
2342,73346,238,0,0,0
2343,73347,238,0,0,0
2344,73348,238,0,0,0
2345,73349,238,0,0,0
2346,73350,238,0,0,0
2347,73351,238,0,0,0
2348,73352,238,0,0,0
2349,73353,238,0,0,0
2350,73354,238,0,0,0
2351,73355,238,0,0,0
2352,73356,238,0,0,0
2353,73357,238,0,0,0
2354,73358,238,0,0,0
2355,73359,238,0,0,0
2356,73360,238,0,0,0
2357,73361,238,0,0,0
2358,73362,238,0,0,0
2359,73364,238,0,0,0
2360,73365,238,0,0,0
2361,73366,238,0,0,0
2362,73367,238,0,0,0
2363,73368,238,0,0,0
2364,73369,238,0,0,0
2365,73370,238,0,0,0
2366,73371,238,0,0,0
2367,73372,238,0,0,0
2368,73373,238,0,0,0
2369,73374,238,0,0,0
2370,73375,238,0,0,0
2371,73376,238,0,0,0
2372,73377,238,0,0,0
2373,73378,238,0,0,0
2374,73379,238,0,0,0
2375,73380,238,0,0,0
2376,73381,238,0,0,0
2377,73382,238,0,0,0
2378,73383,238,0,0,0
2379,73384,238,0,0,0
2380,73396,238,0,0,0
2381,73397,238,0,0,0
2382,73398,238,0,0,0
2383,73399,238,0,0,0
2384,73400,238,0,0,0
2385,73401,238,0,0,0
2386,73402,238,0,0,0
2387,73403,238,0,0,0
2388,73404,238,0,0,0
2389,73405,238,0,0,0
2390,73406,238,0,0,0
2391,73407,238,0,0,0
2392,73408,238,0,0,0
2393,73409,238,0,0,0
2394,73464,238,0,0,0
2395,73465,238,0,0,0
2396,73466,238,0,0,0
2397,73467,238,0,0,0
2398,73468,238,0,0,0
2399,73469,238,0,0,0
2400,73470,238,0,0,0
2401,73471,238,0,0,0
2402,73472,238,0,0,0
2403,73473,238,0,0,0
2404,73474,238,0,0,0
2405,73475,238,0,0,0
2406,73476,238,0,0,0
2407,73620,238,0,0,0
2408,73621,238,0,0,0
2409,73622,238,0,0,0
2410,73623,238,0,0,0
2411,73624,0,0,20815,0
2412,73625,238,0,0,0
2413,73626,238,0,0,0
2414,73627,238,0,0,0
2415,73639,0,0,20815,0
2416,73640,0,0,20815,0
2417,73641,0,0,20815,0
2418,73642,0,0,20815,0
2419,73643,0,0,20815,0
2420,74132,190,0,0,0
2421,74189,190,0,0,0
2422,74191,190,0,0,0
2423,74192,190,0,0,0
2424,74193,190,0,0,0
2425,74195,190,0,0,0
2426,74197,190,0,0,0
2427,74198,190,0,0,0
2428,74199,190,0,0,0
2429,74200,190,0,0,0
2430,74201,190,0,0,0
2431,74202,190,0,0,0
2432,74207,190,0,0,0
2433,74211,190,0,0,0
2434,74212,190,0,0,0
2435,74213,190,0,0,0
2436,74214,190,0,0,0
2441,74220,190,0,0,0
2442,74223,190,0,0,0
2443,74225,190,0,0,0
2444,74226,190,0,0,0
2445,74229,190,0,0,0
2446,74230,190,0,0,0
2447,74231,190,0,0,0
2448,74232,190,0,0,0
2449,74234,190,0,0,0
2450,74235,190,0,0,0
2451,74236,190,0,0,0
2452,74237,190,0,0,0
2453,74238,190,0,0,0
2454,74239,190,0,0,0
2455,74240,190,0,0,0
2456,74242,209,0,0,0
2457,74244,209,0,0,0
2458,74246,209,0,0,0
2459,74247,209,0,0,0
2460,74248,190,0,0,0
2461,74250,209,0,0,0
2462,74251,190,0,0,0
2463,74252,209,0,0,0
2464,74253,209,0,0,0
2465,74254,190,0,0,0
2466,74255,190,0,0,0
2467,74256,190,0,0,0
2470,76178,162,0,0,0
2471,76179,162,0,0,0
2472,76180,162,0,0,0
2473,76181,162,0,0,0
2474,76182,162,0,0,0
2475,76258,162,0,0,0
2476,76259,162,0,0,0
2477,76260,162,0,0,0
2478,76261,162,0,0,0
2479,76262,162,0,0,0
2480,76263,162,0,0,0
2481,76264,162,0,0,0
2482,76265,162,0,0,0
2483,76266,162,0,0,0
2484,76267,162,0,0,0
2485,76269,162,0,0,0
2486,76270,162,0,0,0
2487,76280,162,0,0,0
2488,76281,162,0,0,0
2489,76283,162,0,0,0
2490,76285,162,0,0,0
2491,76286,162,0,0,0
2492,76287,162,0,0,0
2493,76288,162,0,0,0
2494,76289,162,0,0,0
2495,76291,162,0,0,0
2496,76293,162,0,0,0
2497,76433,162,0,0,0
2498,76434,162,0,0,0
2499,76435,162,0,0,0
2500,76436,162,0,0,0
2501,76437,162,0,0,0
2502,76438,162,0,0,0
2503,76439,162,0,0,0
2504,76440,162,0,0,0
2505,76441,162,0,0,0
2506,76442,162,0,0,0
2507,76443,162,0,0,0
2508,76444,162,0,0,0
2509,76445,162,0,0,0
2510,76446,162,0,0,0
2511,76447,162,0,0,0
2512,76448,162,0,0,0
2513,76449,162,0,0,0
2514,76450,162,0,0,0
2515,76451,162,0,0,0
2516,76452,162,0,0,0
2517,76453,162,0,0,0
2518,76454,162,0,0,0
2519,76455,162,0,0,0
2520,76456,162,0,0,0
2521,76457,162,0,0,0
2522,76458,162,0,0,0
2523,76459,162,0,0,0
2524,76461,162,0,0,0
2525,76462,162,0,0,0
2526,76463,162,0,0,0
2527,76464,162,0,0,0
2528,76465,162,0,0,0
2529,76466,162,0,0,0
2530,76467,162,0,0,0
2531,76468,162,0,0,0
2532,76469,162,0,0,0
2533,76470,162,0,0,0
2534,76471,162,0,0,0
2535,76472,162,0,0,0
2536,76474,162,0,0,0
2537,78866,12,0,0,0
2538,80237,12,0,0,0
2539,80243,12,0,0,0
2540,80244,12,0,0,0
2541,80245,12,0,0,0
2542,80246,12,0,0,0
2543,80247,12,0,0,0
2544,80248,12,0,0,0
2545,80250,12,0,0,0
2546,80251,12,0,0,0
2547,81418,4,0,0,0
2563,82200,14,0,0,0
2615,84403,162,0,0,0
2616,84406,15,0,0,0
2618,84408,162,15,0,0
2619,84409,15,0,0,0
2620,84410,15,0,0,0
2621,84411,162,15,0,0
2622,84412,210,162,0,0
2623,84413,210,14,0,0
2624,84415,162,210,0,0
2625,84416,162,0,0,0
2626,84417,162,15,0,0
2627,84418,162,210,0,0
2628,84420,162,14,0,0
2629,84421,162,14,0,0
2632,84424,14,0,0,0
2633,84425,14,0,0,0
2634,84427,14,0,0,0
2635,84428,162,15,0,0
2636,84429,210,14,0,0
2637,84430,14,15,0,0
2638,84431,162,14,0,0
2639,84432,162,14,0,0
2642,84973,0,0,61037,0
2644,85785,121,0,0,0
2645,86004,121,0,0,0
2646,86005,121,0,0,0
2647,86609,121,0,0,0
2648,86615,121,0,0,0
2649,86616,121,0,0,0
2650,86640,121,0,0,0
2651,86641,121,0,0,0
2652,86642,121,0,0,0
2653,86643,121,0,0,0
2654,86644,121,0,0,0
2655,86645,121,0,0,0
2656,86646,121,0,0,0
2658,86648,121,0,0,0
2659,86649,121,0,0,0
2661,86652,121,0,0,0
2662,86653,121,0,0,0
2663,86654,121,0,0,0
2684,89244,121,0,0,0
2686,89368,121,0,0,0
2687,89369,121,0,0,0
2688,89370,121,0,0,0
2689,89371,121,0,0,0
2690,89372,121,0,0,0
2691,89373,121,0,0,0
2693,90255,4,0,0,0
2701,92026,121,0,0,0
2706,93743,121,0,0,0
2717,94718,162,0,0,0
2718,94732,162,0,0,0
2719,94748,14,0,0,0
2737,95471,190,0,0,0
2738,95703,162,14,0,0
2739,95705,14,15,0,0
2740,95707,162,15,0,0
2741,81722,14,15,0,0
2742,81724,14,15,0,0
2743,81716,14,15,0,0
2744,81720,14,15,0,0
2745,81725,14,15,0,0
2746,81714,14,15,0,0
2747,81715,14,15,0,0
2749,95754,238,0,0,0
2750,95755,238,0,0,0
2751,95756,238,0,0,0
2763,96226,238,0,0,0
2764,96255,238,0,0,0
2765,96256,238,0,0,0
2766,96257,238,0,0,0
2767,96261,190,0,0,0
2768,96262,209,0,0,0
2769,96264,209,0,0,0
2785,96690,4,0,0,0
2916,99439,162,0,0,0
2917,99440,162,0,0,0
2918,99441,162,0,0,0
2919,99452,162,0,0,0
2920,99453,162,0,0,0
2921,99454,162,0,0,0
2925,99624,162,15,0,0
2926,99652,162,0,0,0
2927,99653,162,0,0,0
2928,99654,162,0,0,0
2929,99655,162,0,0,0
2930,99656,162,0,0,0
2931,99657,162,0,0,0
2932,99658,162,0,0,0
2933,99660,162,0,0,0
2941,100687,162,14,0,0
2944,100587,15,14,0,0
2945,101735,238,0,0,0
2946,101740,238,0,0,0
2947,101741,238,0,0,0
2948,101742,238,0,0,0
2949,101743,238,0,0,0
2950,101744,238,0,0,0
2951,101745,238,0,0,0
2952,101746,238,0,0,0
2953,101747,238,0,0,0
2954,101748,238,0,0,0
2955,101749,238,0,0,0
2956,101750,238,0,0,0
2957,101751,238,0,0,0
2958,101752,238,0,0,0
2959,101753,238,0,0,0
2960,101754,238,0,0,0
2961,101755,238,0,0,0
2962,101756,238,0,0,0
2963,101757,238,0,0,0
2964,101758,238,0,0,0
2965,101759,238,0,0,0
2966,101760,238,0,0,0
2967,101761,238,0,0,0
2968,101762,238,0,0,0
2969,101763,238,0,0,0
2970,101764,238,0,0,0
2971,101765,238,0,0,0
2972,101766,238,0,0,0
2973,101767,238,0,0,0
2974,101768,238,0,0,0
2975,101769,238,0,0,0
2976,101770,238,0,0,0
2977,101771,238,0,0,0
2978,101772,238,0,0,0
2979,101773,238,0,0,0
2980,101774,238,0,0,0
2981,101775,238,0,0,0
2982,101776,238,0,0,0
2983,101777,238,0,0,0
2984,101778,238,0,0,0
2985,101779,238,0,0,0
2986,101780,238,0,0,0
2987,101781,238,0,0,0
2988,101782,238,0,0,0
2989,101783,238,0,0,0
2990,101784,238,0,0,0
2991,101785,238,0,0,0
2992,101786,238,0,0,0
2993,101787,238,0,0,0
2994,101788,238,0,0,0
2995,101789,238,0,0,0
2996,101790,238,0,0,0
2997,101791,238,0,0,0
2998,101792,238,0,0,0
2999,101793,238,0,0,0
3000,101794,238,0,0,0
3001,101795,238,0,0,0
3002,101796,238,0,0,0
3003,101797,238,0,0,0
3004,101798,238,0,0,0
3005,101799,238,0,0,0
3006,101800,238,0,0,0
3007,101801,238,0,0,0
3008,101802,238,0,0,0
3009,101803,238,0,0,0
3010,101804,238,0,0,0
3017,101924,162,0,0,0
3018,101925,162,0,0,0
3019,101928,162,0,0,0
3020,101929,162,0,0,0
3021,101931,162,0,0,0
3022,101932,162,0,0,0
3073,104338,209,0,0,0
3074,104385,209,0,0,0
3076,104389,209,0,0,0
3077,104390,209,0,0,0
3078,104391,209,0,0,0
3079,104392,209,0,0,0
3080,104393,209,0,0,0
3081,104395,209,0,0,0
3082,104397,209,0,0,0
3083,104398,209,0,0,0
3084,104401,209,0,0,0
3085,104403,209,0,0,0
3086,104404,209,0,0,0
3088,104407,209,0,0,0
3089,104408,209,0,0,0
3090,104409,209,0,0,0
3091,104414,209,0,0,0
3092,104416,209,0,0,0
3093,104417,209,0,0,0
3094,104419,209,0,0,0
3095,104420,209,0,0,0
3096,104425,209,0,0,0
3097,104427,209,0,0,0
3098,104430,209,0,0,0
3099,104434,209,0,0,0
3100,104440,209,0,0,0
3101,104442,209,0,0,0
3102,104445,209,0,0,0
3114,104698,209,0,0,0
3134,106284,0,0,76362,0
3145,106947,238,0,0,0
3146,106948,238,0,0,0
3147,106949,238,0,0,0
3148,106950,238,0,0,0
3149,106953,238,0,0,0
3150,106954,238,0,0,0
3151,106955,238,0,0,0
3152,106956,238,0,0,0
3153,106957,238,0,0,0
3154,106958,238,0,0,0
3155,106960,238,0,0,0
3156,106961,238,0,0,0
3157,106962,238,0,0,0
3195,107694,238,0,0,0
3196,107695,238,0,0,0
3197,107696,238,0,0,0
3198,107697,238,0,0,0
3199,107698,238,0,0,0
3200,107699,238,0,0,0
3201,107700,238,0,0,0
3202,107701,238,0,0,0
3203,107702,238,0,0,0
3204,107703,238,0,0,0
3205,107704,238,0,0,0
3206,107705,238,0,0,0
3207,107706,238,0,0,0
3208,107707,238,0,0,0
3209,107708,238,0,0,0
3210,107709,238,0,0,0
3211,107710,238,0,0,0
3212,107711,238,0,0,0
3213,107712,238,0,0,0
3214,107713,238,0,0,0
3215,107714,238,0,0,0
3216,107715,238,0,0,0
3217,107716,238,0,0,0
3218,107717,238,0,0,0
3219,107718,238,0,0,0
3220,107719,238,0,0,0
3221,107720,238,0,0,0
3222,107721,238,0,0,0
3223,107722,238,0,0,0
3224,107723,238,0,0,0
3225,107724,238,0,0,0
3226,107725,238,0,0,0
3227,107726,238,0,0,0
3228,107727,238,0,0,0
3229,107728,238,0,0,0
3230,107729,238,0,0,0
3231,107730,238,0,0,0
3232,107731,238,0,0,0
3233,107732,238,0,0,0
3234,107733,238,0,0,0
3235,107734,238,0,0,0
3236,107735,238,0,0,0
3237,107736,238,0,0,0
3238,107737,238,0,0,0
3239,107738,238,0,0,0
3240,107739,238,0,0,0
3241,107740,238,0,0,0
3243,107742,238,0,0,0
3244,107743,238,0,0,0
3245,107744,238,0,0,0
3246,107745,238,0,0,0
3247,107746,238,0,0,0
3248,107753,238,0,0,0
3249,107754,238,0,0,0
3250,107756,238,0,0,0
3251,107757,238,0,0,0
3252,107758,238,0,0,0
3253,107759,238,0,0,0
3254,107760,238,0,0,0
3255,107762,238,0,0,0
3256,107763,238,0,0,0
3257,107764,238,0,0,0
3258,107765,238,0,0,0
3259,107766,238,0,0,0
3260,107767,238,0,0,0
3261,107768,238,0,0,0
3272,107907,121,0,0,0
3311,109099,14,0,0,0
3348,110764,190,0,0,0
3393,111627,121,0,0,0
3394,111645,121,0,0,0
3395,111646,121,0,0,0
3396,111830,121,0,0,0
3397,111908,121,0,0,0
3398,111909,121,0,0,0
3399,111910,121,0,0,0
3400,111917,121,0,0,0
3401,111918,121,0,0,0
3402,111919,121,0,0,0
3403,111920,121,0,0,0
3404,111921,121,0,0,0
3405,112045,121,0,0,0
3407,112059,190,0,0,0
3736,112429,121,0,0,0
3737,112430,121,0,0,0
3769,112462,121,0,0,0
3771,112464,121,0,0,0
3773,112466,121,0,0,0
3776,112469,121,0,0,0
3780,112996,121,0,0,0
3854,114766,12,0,0,0
3855,114767,12,0,0,0
3857,114776,12,0,0,0
3858,114777,12,0,0,0
3859,114778,12,0,0,0
3860,114780,12,0,0,0
3861,114781,12,0,0,0
3873,116266,162,0,0,0
3888,118237,209,0,0,0
3889,118238,209,0,0,0
3890,118239,209,0,0,0
4021,122568,162,0,0,0
4022,122569,162,0,0,0
4023,122570,162,0,0,0
4024,122571,162,0,0,0
4025,122572,162,0,0,0
4026,122573,162,0,0,0
4027,122574,162,0,0,0
4028,122575,162,0,0,0
4029,122576,162,0,0,0
4030,122577,162,0,0,0
4031,122578,162,0,0,0
4032,122579,162,0,0,0
4033,122580,162,0,0,0
4034,122581,162,0,0,0
4035,122582,162,0,0,0
4036,122583,162,0,0,0
4037,122584,162,0,0,0
4038,122585,162,0,0,0
4039,122586,162,0,0,0
4040,122587,162,0,0,0
4041,122588,162,0,0,0
4042,122589,162,0,0,0
4043,122590,162,0,0,0
4044,122591,162,0,0,0
4045,122592,162,0,0,0
4046,122593,162,0,0,0
4047,122594,162,0,0,0
4048,122595,162,0,0,0
4049,122596,162,0,0,0
4050,122597,162,0,0,0
4051,122598,162,0,0,0
4052,122599,162,0,0,0
4061,122608,162,0,0,0
4062,122609,162,0,0,0
4063,122610,162,0,0,0
4064,122611,162,0,0,0
4065,122612,162,0,0,0
4066,122613,162,0,0,0
4067,122614,162,0,0,0
4068,122615,162,0,0,0
4069,122616,162,0,0,0
4070,122617,162,0,0,0
4071,122618,162,0,0,0
4072,122619,162,0,0,0
4073,122620,162,0,0,0
4074,122621,162,0,0,0
4075,122622,162,0,0,0
4076,122623,162,0,0,0
4077,122624,162,0,0,0
4078,122625,162,0,0,0
4079,122626,162,0,0,0
4080,122627,162,0,0,0
4081,122628,162,0,0,0
4082,122629,162,0,0,0
4083,122630,162,0,0,0
4084,122631,162,0,0,0
4085,122632,162,0,0,0
4086,122633,162,0,0,0
4088,122635,162,0,0,0
4089,122636,162,0,0,0
4090,122637,162,0,0,0
4091,122638,162,0,0,0
4092,122639,162,0,0,0
4093,122640,162,0,0,0
4094,122641,162,0,0,0
4095,122642,162,0,0,0
4096,122643,162,0,0,0
4097,122644,162,0,0,0
4098,122645,162,0,0,0
4099,122646,162,0,0,0
4100,122647,162,0,0,0
4101,122648,162,0,0,0
4102,122649,162,0,0,0
4103,122650,162,0,0,0
4104,122651,162,0,0,0
4105,122652,162,0,0,0
4106,122653,162,0,0,0
4107,122654,162,0,0,0
4113,123270,0,0,84771,0
4116,123781,121,0,0,0
4144,124466,121,0,0,0
4156,126392,14,0,0,0
4158,126696,121,0,0,0
4162,126800,121,0,0,0
4164,126850,162,0,0,0
4165,126851,162,0,0,0
4166,126852,162,0,0,0
4167,126853,162,0,0,0
4168,126854,162,0,0,0
4169,126855,162,0,0,0
4173,126869,162,0,0,0
4174,126988,121,0,0,0
4175,126989,121,0,0,0
4176,126992,121,0,0,0
4177,126993,121,0,0,0
4178,126994,121,0,0,0
4179,126995,121,0,0,0
4180,126996,121,0,0,0
4181,126997,121,0,0,0
4186,127007,121,0,0,0
4187,127009,121,0,0,0
4188,127016,121,0,0,0
4189,127017,121,0,0,0
4190,127018,121,0,0,0
4191,127019,121,0,0,0
4192,127020,121,0,0,0
4193,127021,121,0,0,0
4194,127022,121,0,0,0
4195,127023,121,0,0,0
4196,127024,121,0,0,0
4198,127113,162,0,0,0
4200,127115,14,15,0,0
4201,127116,14,15,0,0
4202,127117,14,15,0,0
4203,127118,14,15,0,0
4204,127119,14,15,0,0
4205,127120,14,15,0,0
4206,127121,14,15,0,0
4207,127122,14,15,0,0
4208,127123,14,15,0,0
4209,127124,0,15,0,0
4212,127127,0,15,0,0
4213,127128,14,15,0,0
4214,127129,14,162,0,0
4215,127130,14,15,0,0
4216,127131,162,0,0,0
4217,127132,14,15,0,0
4219,127134,14,162,0,0
4220,127135,14,15,0,0
4221,127136,162,15,0,0
4222,127137,162,15,0,0
4223,127138,14,15,0,0
4224,127139,14,15,0,0
4228,127475,121,0,0,0
4269,128940,121,0,0,0
4286,129411,2,0,0,0
4290,108129,0,0,77281,0
4292,130326,12,0,0,0
4293,130407,121,0,0,0
4295,105794,0,0,0,0
4298,106041,0,0,0,0
4299,130575,0,0,0,0
4300,130657,238,0,0,0
4301,130658,238,0,0,0
4303,114784,12,0,0,0
4304,114783,12,0,0,0
4305,130749,209,0,0,0
4306,130758,209,0,0,0
4325,131152,121,0,0,0
4328,131211,162,0,0,0
4330,131212,162,0,0,0
4331,131213,162,0,0,0
4332,131214,162,0,0,0
4333,131215,162,0,0,0
4334,131216,162,0,0,0
4335,131217,162,0,0,0
4336,131218,162,0,0,0
4355,116499,6,0,0,0
4356,116498,6,0,0,0
4357,116497,6,0,0,0
4358,131563,15,14,0,0
4364,131928,162,0,0,0
4365,131929,162,0,0,0
4440,25255,238,0,0,0
4441,25493,238,0,0,0
4442,26925,238,0,0,0
4443,32259,238,0,0,0
4444,32801,238,0,0,0
4445,32807,238,0,0,0
4446,32808,238,0,0,0
4447,32809,238,0,0,0
4448,32810,238,0,0,0
4449,38068,238,0,0,0
4450,41420,238,0,0,0
4451,41429,238,0,0,0
4452,47280,238,0,0,0
4453,56530,238,0,0,0
4454,56531,238,0,0,0
4455,62242,238,0,0,0
4456,68253,238,0,0,0
4457,73478,238,0,0,0
4458,73494,238,0,0,0
4459,73495,238,0,0,0
4460,73496,238,0,0,0
4461,73497,238,0,0,0
4462,73498,238,0,0,0
4463,73502,238,0,0,0
4464,73503,238,0,0,0
4465,73504,238,0,0,0
4466,73505,238,0,0,0
4467,73506,238,0,0,0
4468,73520,238,0,0,0
4469,73521,238,0,0,0
4470,98921,238,0,0,0
4471,99539,238,0,0,0
4472,99540,238,0,0,0
4473,99541,238,0,0,0
4474,99542,238,0,0,0
4475,99543,238,0,0,0
4476,99544,238,0,0,0
4477,107598,238,0,0,0
4478,107599,238,0,0,0
4479,107600,238,0,0,0
4480,107601,238,0,0,0
4481,107602,238,0,0,0
4482,107604,238,0,0,0
4483,107605,238,0,0,0
4484,107606,238,0,0,0
4485,107607,238,0,0,0
4486,107608,238,0,0,0
4487,107609,238,0,0,0
4488,107610,238,0,0,0
4489,107611,238,0,0,0
4490,107612,238,0,0,0
4491,107613,238,0,0,0
4492,107614,238,0,0,0
4493,107615,238,0,0,0
4494,107616,238,0,0,0
4495,107617,238,0,0,0
4496,107619,238,0,0,0
4497,107620,238,0,0,0
4498,107621,238,0,0,0
4499,107622,238,0,0,0
4500,107623,238,0,0,0
4501,107624,238,0,0,0
4502,107625,238,0,0,0
4503,107626,238,0,0,0
4504,107627,238,0,0,0
4505,107628,238,0,0,0
4506,107630,238,0,0,0
4507,107631,238,0,0,0
4508,107632,238,0,0,0
4509,107633,238,0,0,0
4510,107634,238,0,0,0
4511,107635,238,0,0,0
4512,107636,238,0,0,0
4513,107637,238,0,0,0
4514,107638,238,0,0,0
4515,107639,238,0,0,0
4516,107640,238,0,0,0
4517,107641,238,0,0,0
4518,107642,238,0,0,0
4519,107643,238,0,0,0
4520,107644,238,0,0,0
4521,107645,238,0,0,0
4522,107646,238,0,0,0
4523,107647,238,0,0,0
4524,107648,238,0,0,0
4525,107649,238,0,0,0
4526,107650,238,0,0,0
4527,107651,238,0,0,0
4528,107652,238,0,0,0
4529,107653,238,0,0,0
4530,107654,238,0,0,0
4531,107655,238,0,0,0
4532,107656,238,0,0,0
4533,107657,238,0,0,0
4534,107658,238,0,0,0
4535,107659,238,0,0,0
4536,107660,238,0,0,0
4537,107661,238,0,0,0
4538,107662,238,0,0,0
4539,107663,238,0,0,0
4540,107665,238,0,0,0
4541,107666,238,0,0,0
4542,107667,238,0,0,0
4543,107693,238,0,0,0
4544,120045,238,0,0,0
4545,121841,238,0,0,0
4546,121842,238,0,0,0
4547,121843,238,0,0,0
4548,121844,238,0,0,0
4549,122661,238,0,0,0
4550,122662,238,0,0,0
4551,122663,238,0,0,0
4552,122664,238,0,0,0
4553,122665,238,0,0,0
4554,122666,238,0,0,0
4555,122667,238,0,0,0
4556,122668,238,0,0,0
4557,122669,238,0,0,0
4558,122670,238,0,0,0
4559,122671,238,0,0,0
4560,122672,238,0,0,0
4561,122673,238,0,0,0
4562,122674,238,0,0,0
4563,122675,238,0,0,0
4564,122676,238,0,0,0
4565,122677,238,0,0,0
4566,122678,238,0,0,0
4567,122679,238,0,0,0
4568,122680,238,0,0,0
4569,122681,238,0,0,0
4570,122682,238,0,0,0
4571,122683,238,0,0,0
4572,122684,238,0,0,0
4573,122685,238,0,0,0
4574,130655,238,0,0,0
4575,130656,238,0,0,0
4576,131593,238,0,0,0
4577,131686,238,0,0,0
4578,131688,238,0,0,0
4579,131690,238,0,0,0
4580,131691,238,0,0,0
4581,131695,238,0,0,0
4582,131759,238,0,0,0
4583,131897,238,0,0,0
4584,131898,238,0,0,0
4854,134871,41,0,0,0
4857,133979,0,0,92493,0
4866,136269,238,0,0,0
4867,136270,238,0,0,0
4869,136272,238,0,0,0
4870,136273,238,0,0,0
4871,136274,238,0,0,0
4872,136275,238,0,0,0
4910,137754,162,0,0,0
4911,137766,162,0,0,0
4912,137767,162,0,0,0
4913,137768,162,0,0,0
4914,137769,162,0,0,0
4915,137770,162,0,0,0
4916,137771,162,0,0,0
4917,137772,162,0,0,0
4918,137773,162,0,0,0
4919,137774,162,0,0,0
4920,137775,162,0,0,0
4921,137776,162,0,0,0
4922,137777,162,0,0,0
4923,137778,162,0,0,0
4924,137779,162,0,0,0
4925,137780,162,0,0,0
4926,137781,162,0,0,0
4927,137782,162,0,0,0
4928,137783,162,0,0,0
4929,137784,162,0,0,0
4930,137785,162,0,0,0
4931,137786,162,0,0,0
4932,137787,162,0,0,0
4933,137788,162,0,0,0
4934,137789,162,0,0,0
4935,137790,162,0,0,0
4936,137791,162,0,0,0
4937,137792,162,0,0,0
4938,137793,162,0,0,0
4939,137794,162,0,0,0
4940,137795,162,0,0,0
4941,137796,162,0,0,0
4942,137797,162,0,0,0
4965,138876,162,0,0,0
4966,138877,162,0,0,0
4967,138878,162,0,0,0
4968,138879,162,0,0,0
4969,138880,162,0,0,0
4970,138881,162,0,0,0
4971,138882,162,0,0,0
4972,138883,162,0,0,0
4973,138884,162,0,0,0
4974,138885,162,0,0,0
4975,138886,162,0,0,0
4976,138887,162,0,0,0
4977,138888,162,0,0,0
4978,138889,162,0,0,0
4979,138890,162,0,0,0
4980,138891,162,0,0,0
4981,138892,162,0,0,0
4982,138893,162,0,0,0
4985,138646,162,0,0,0
4987,139192,162,0,0,0
4988,139196,162,14,0,0
4989,139197,162,0,0,0
5018,139631,209,0,0,0
5051,140050,238,0,0,0
5052,140060,238,0,0,0
5075,140841,162,0,0,0
5076,140842,162,0,0,0
5077,140843,162,0,0,0
5078,140844,162,0,0,0
5079,140845,162,0,0,0
5080,140846,162,0,0,0
5188,142468,209,0,0,0
5189,142469,209,0,0,0
5194,142954,162,0,0,0
5195,142958,162,0,0,0
5196,142959,162,0,0,0
5197,142963,162,0,0,0
5198,142967,162,0,0,0
5199,142968,162,0,0,0
5205,143163,162,0,0,0
5206,143164,162,0,0,0
5207,143165,162,0,0,0
5208,143166,162,0,0,0
5209,143167,162,0,0,0
5210,143168,162,0,0,0
5211,143169,162,0,0,0
5212,143170,162,0,0,0
5213,143171,162,0,0,0
5214,143172,162,0,0,0
5215,143173,162,0,0,0
5216,143174,162,0,0,0
5217,143175,162,0,0,0
5218,143176,162,0,0,0
5219,143177,162,0,0,0
5220,143178,162,0,0,0
5221,143179,162,0,0,0
5222,143180,162,0,0,0
5223,143181,162,0,0,0
5224,143182,162,0,0,0
5225,143183,162,0,0,0
5226,143184,162,0,0,0
5227,143185,162,0,0,0
5228,143186,162,0,0,0
5229,143187,162,0,0,0
5230,143188,162,0,0,0
5231,143189,162,0,0,0
5232,143190,162,0,0,0
5233,143191,162,0,0,0
5234,143192,162,0,0,0
5235,143193,162,0,0,0
5236,143194,162,0,0,0
5237,143195,162,0,0,0
5238,143196,162,0,0,0
5239,143197,162,0,0,0
5244,143255,162,0,0,0
5258,143714,162,14,0,0
5280,144736,7,0,0,0
5283,144890,0,0,0,0
5330,139176,14,0,0,0
5331,146921,162,0,0,0
5380,148266,121,0,0,0
5384,148270,121,0,0,0
5385,148271,121,0,0,0
5388,148274,121,0,0,0
5389,148275,121,0,0,0
5390,148276,121,0,0,0
5392,148278,121,0,0,0
5395,148281,121,0,0,0
5396,148282,121,0,0,0
5406,148292,121,0,0,0
5478,150302,2,0,0,0
5778,153206,0,0,0,0
5814,153604,162,0,0,0
5922,155692,10,0,0,0
5999,158081,0,0,0,0
6015,158877,209,0,0,0
6016,158878,209,0,0,0
6017,158879,209,0,0,0
6018,158880,209,0,0,0
6019,158881,209,0,0,0
6022,158884,209,0,0,0
6023,158885,209,0,0,0
6024,158886,209,0,0,0
6025,158887,209,0,0,0
6026,158889,209,0,0,0
6029,158892,209,0,0,0
6030,158893,209,0,0,0
6031,158894,209,0,0,0
6032,158895,209,0,0,0
6033,158896,209,0,0,0
6036,158899,209,0,0,0
6037,158900,209,0,0,0
6038,158901,209,0,0,0
6039,158902,209,0,0,0
6040,158903,209,0,0,0
6043,158907,209,0,0,0
6044,158908,209,0,0,0
6045,158909,209,0,0,0
6046,158910,209,0,0,0
6047,158911,209,0,0,0
6050,158914,209,0,0,0
6051,158915,209,0,0,0
6052,158916,209,0,0,0
6053,158917,209,0,0,0
6054,158918,209,0,0,0
6067,159235,209,0,0,0
6068,159236,209,0,0,0
6069,159671,209,0,0,0
6070,159672,209,0,0,0
6071,159673,209,0,0,0
6072,159674,209,0,0,0
6074,160103,4,0,0,0
6092,161455,14,15,0,0
6118,162195,15,0,0,0
6119,162196,14,15,0,0
6120,162197,15,0,0,0
6121,162198,15,0,0,0
6122,162199,15,0,0,0
6125,162202,0,15,0,0
6126,162203,14,0,0,0
6127,162204,14,0,0,0
6128,162205,162,0,0,0
6129,162206,15,0,0,0
6130,162207,15,0,0,0
6132,162209,14,0,0,0
6133,162210,0,15,0,0
6137,162214,0,15,0,0
6139,162216,162,14,0,0
6140,162217,14,0,0,0
6141,162218,162,15,0,0
6230,163294,121,0,0,0
6231,163345,0,0,20815,0
6232,163521,0,0,20815,0
6253,165304,121,0,0,0
6254,165456,121,0,0,0
6255,165460,121,0,0,0
6256,165461,121,0,0,0
6257,165463,121,0,0,0
6258,165464,121,0,0,0
6259,165465,121,0,0,0
6260,165466,121,0,0,0
6261,165467,121,0,0,0
6263,165564,121,0,0,0
6264,165774,2,0,0,0
6265,165804,121,0,0,0
6266,166356,121,0,0,0
6267,166359,121,0,0,0
6268,166363,121,0,0,0
6269,166366,121,0,0,0
6270,166367,121,0,0,0
6274,166432,121,0,0,0
6275,166669,121,0,0,0
6281,167950,121,0,0,0
6288,169076,15,0,0,0
6289,169077,15,0,0,0
6290,169078,15,0,0,0
6292,169081,121,0,0,0
6294,169145,238,0,0,0
6295,169215,4,0,0,0
6299,170627,209,0,0,0
6300,170628,209,0,0,0
6301,170629,209,0,0,0
6302,170630,209,0,0,0
6303,170631,209,0,0,0
6304,170700,238,0,0,0
6305,170701,238,0,0,0
6306,170702,238,0,0,0
6307,170703,238,0,0,0
6308,170704,238,0,0,0
6309,170705,238,0,0,0
6310,170706,238,0,0,0
6311,170707,238,0,0,0
6312,170708,238,0,0,0
6313,170709,238,0,0,0
6314,170710,238,0,0,0
6315,170711,238,0,0,0
6316,170712,238,0,0,0
6317,170713,238,0,0,0
6318,170714,238,0,0,0
6319,170715,238,0,0,0
6320,170716,238,0,0,0
6321,170717,238,0,0,0
6322,170718,238,0,0,0
6323,170719,238,0,0,0
6324,170720,238,0,0,0
6325,170721,238,0,0,0
6326,170722,238,0,0,0
6327,170723,238,0,0,0
6328,170724,238,0,0,0
6329,170725,238,0,0,0
6330,170726,238,0,0,0
6331,170727,238,0,0,0
6332,170728,238,0,0,0
6333,170729,238,0,0,0
6334,170730,238,0,0,0
6335,170731,238,0,0,0
6336,170732,238,0,0,0
6337,170832,238,0,0,0
6344,171690,162,0,0,0
6345,171691,162,0,0,0
6346,171692,162,0,0,0
6347,171693,162,0,0,0
6348,171694,162,0,0,0
6349,171695,162,0,0,0
6350,171696,162,0,0,0
6351,171697,162,0,0,0
6352,171698,162,0,0,0
6353,171699,162,0,0,0
6354,171700,162,0,0,0
6355,171701,162,0,0,0
6356,171702,162,0,0,0
6357,171703,162,0,0,0
6358,171704,162,0,0,0
6359,171705,162,0,0,0
6360,171706,162,0,0,0
6361,171707,162,0,0,0
6362,171708,162,0,0,0
6363,171709,162,0,0,0
6364,171710,162,0,0,0
6365,171711,162,0,0,0
6366,171718,162,0,0,0
6372,173289,14,0,0,0
6373,173308,14,0,0,0
6374,173309,14,0,0,0
6375,173323,209,0,0,0
6376,173355,162,0,0,0
6381,175389,121,0,0,0
6382,175390,121,0,0,0
6383,175392,121,0,0,0
6391,176087,238,0,0,0
6392,176090,162,0,0,0
6393,176732,14,0,0,0
6394,177045,121,0,0,0
6396,177169,162,0,0,0
6397,177363,162,0,0,0
6398,177364,162,0,0,0
6403,178134,0,0,120186,0
6407,178240,121,0,0,0
6408,178243,162,0,0,0
6409,178245,162,0,0,0
6410,178248,121,0,0,0
6411,178249,121,0,0,0
6416,178497,121,0,0,0
6463,181625,12,0,0,0
6464,181627,12,0,0,0
6465,181628,12,0,0,0
6466,181629,12,0,0,0
6467,181630,12,0,0,0
6468,181631,12,0,0,0
6469,181632,12,0,0,0
6470,181633,12,0,0,0
6471,181634,12,0,0,0
6472,181635,12,0,0,0
6473,181636,12,0,0,0
6474,181637,12,0,0,0
6475,181643,12,0,0,0
6480,182116,162,0,0,0
6481,182125,121,0,0,0
6482,182127,238,0,0,0
6487,182158,121,0,0,0
6490,182928,162,0,0,0
6491,182929,162,0,0,0
6492,182930,162,0,0,0
6493,182931,162,0,0,0
6494,182932,162,0,0,0
6495,182933,162,0,0,0
6496,182934,162,0,0,0
6497,182935,162,0,0,0
6498,182944,162,0,0,0
6499,182945,162,0,0,0
6500,182946,162,0,0,0
6501,182947,162,0,0,0
6502,182948,162,0,0,0
6503,182949,162,0,0,0
6504,182950,162,0,0,0
6505,182951,162,0,0,0
6506,182962,162,0,0,0
6507,182963,162,0,0,0
6508,182964,162,0,0,0
6509,182965,162,0,0,0
6510,182966,162,0,0,0
6511,182967,162,0,0,0
6512,182968,162,0,0,0
6513,182969,162,0,0,0
6514,182970,162,0,0,0
6515,182971,162,0,0,0
6516,182972,162,0,0,0
6517,182973,162,0,0,0
6518,182974,162,0,0,0
6519,182975,162,0,0,0
6520,182976,162,0,0,0
6521,182977,162,0,0,0
6522,182978,162,0,0,0
6523,182979,162,0,0,0
6524,182980,162,0,0,0
6525,182981,162,0,0,0
6526,182982,162,0,0,0
6527,182983,162,0,0,0
6528,182984,162,0,0,0
6529,182985,162,0,0,0
6530,182986,162,0,0,0
6531,182987,162,0,0,0
6532,182988,162,0,0,0
6533,182989,162,0,0,0
6534,182999,162,0,0,0
6562,184184,162,0,0,0
6563,184185,162,0,0,0
6564,184310,162,0,0,0
6565,184315,162,0,0,0
6566,184337,162,0,0,0
6567,184338,162,0,0,0
6568,184339,162,0,0,0
6569,184340,162,0,0,0
6570,184341,162,0,0,0
6571,184342,162,0,0,0
6572,184343,162,0,0,0
6573,184344,162,0,0,0
6574,184345,162,0,0,0
6575,184403,162,0,0,0
6576,184405,162,0,0,0
6577,184408,162,0,0,0
6578,184442,162,0,0,0
6651,187634,238,0,0,0
6652,187635,238,0,0,0
6653,187636,238,0,0,0
6654,187637,238,0,0,0
6655,187639,238,0,0,0
6656,187640,238,0,0,0
6657,188523,2,0,0,0
6672,190866,209,0,0,0
6673,190867,209,0,0,0
6674,190868,209,0,0,0
6675,190869,209,0,0,0
6676,190870,209,0,0,0
6677,190871,209,0,0,0
6678,190872,209,0,0,0
6679,190873,209,0,0,0
6680,190874,209,0,0,0
6681,190875,209,0,0,0
6682,190876,209,0,0,0
6683,190877,209,0,0,0
6684,190878,209,0,0,0
6685,190879,209,0,0,0
6686,190892,209,0,0,0
6687,190893,209,0,0,0
6688,190894,209,0,0,0
6689,190954,209,0,0,0
6690,190955,209,0,0,0
6691,190956,209,0,0,0
6692,190957,209,0,0,0
6693,190988,209,0,0,0
6694,190989,209,0,0,0
6695,190990,209,0,0,0
6696,190991,209,0,0,0
6697,190992,209,0,0,0
6698,190993,209,0,0,0
6699,190994,209,0,0,0
6700,190995,209,0,0,0
6701,190996,209,0,0,0
6702,190997,209,0,0,0
6703,190998,209,0,0,0
6704,190999,209,0,0,0
6705,191000,209,0,0,0
6706,191001,209,0,0,0
6707,191002,209,0,0,0
6708,191003,209,0,0,0
6709,191004,209,0,0,0
6710,191005,209,0,0,0
6711,191006,209,0,0,0
6712,191007,209,0,0,0
6713,191008,209,0,0,0
6714,191009,209,0,0,0
6715,191010,209,0,0,0
6716,191011,209,0,0,0
6717,191012,209,0,0,0
6718,191013,209,0,0,0
6719,191014,209,0,0,0
6720,191015,209,0,0,0
6721,191016,209,0,0,0
6722,191017,209,0,0,0
6723,191018,209,0,0,0
6724,191019,209,0,0,0
6725,191020,209,0,0,0
6726,191021,209,0,0,0
6727,191022,209,0,0,0
6728,191023,209,0,0,0
6729,191024,209,0,0,0
6730,191025,209,0,0,0
6735,191659,121,0,0,0
6737,191928,162,0,0,0
6738,191929,162,0,0,0
6739,191930,162,0,0,0
6740,191931,162,0,0,0
6750,192859,121,0,0,0
6751,192890,121,0,0,0
6869,195848,238,0,0,0
6870,195849,238,0,0,0
6871,195850,238,0,0,0
6872,195851,238,0,0,0
6873,195852,238,0,0,0
6874,195853,238,0,0,0
6875,195854,238,0,0,0
6876,195855,238,0,0,0
6877,195856,238,0,0,0
6878,195857,238,0,0,0
6879,195858,238,0,0,0
6880,195859,238,0,0,0
6881,195860,238,0,0,0
6882,195861,238,0,0,0
6883,195862,238,0,0,0
6884,195863,238,0,0,0
6885,195864,238,0,0,0
6886,195865,238,0,0,0
6887,195866,238,0,0,0
6888,195867,238,0,0,0
6889,195868,238,0,0,0
6890,195869,238,0,0,0
6891,195870,238,0,0,0
6892,195871,238,0,0,0
6893,195872,238,0,0,0
6894,195873,238,0,0,0
6895,195874,238,0,0,0
6896,195875,238,0,0,0
6897,195876,238,0,0,0
6898,195877,238,0,0,0
6899,195878,238,0,0,0
6900,195879,238,0,0,0
6901,195880,238,0,0,0
6902,195881,238,0,0,0
6903,195882,238,0,0,0
6904,195883,238,0,0,0
6905,195902,238,0,0,0
6906,195903,238,0,0,0
6907,195904,238,0,0,0
6908,195905,238,0,0,0
6909,195906,238,0,0,0
6910,195907,238,0,0,0
6911,195908,238,0,0,0
6912,195909,238,0,0,0
6913,195910,238,0,0,0
6914,195911,238,0,0,0
6915,195912,238,0,0,0
6916,195913,238,0,0,0
6917,195914,238,0,0,0
6918,195915,238,0,0,0
6919,195916,238,0,0,0
6920,195917,238,0,0,0
6921,195918,238,0,0,0
6922,195919,238,0,0,0
6923,195920,238,0,0,0
6924,195921,238,0,0,0
6925,195922,238,0,0,0
6926,195923,238,0,0,0
6927,195924,238,0,0,0
6928,195925,238,0,0,0
6929,195926,238,0,0,0
6930,195927,238,0,0,0
6931,195928,238,0,0,0
6932,195929,238,0,0,0
6933,195930,238,0,0,0
6934,195931,238,0,0,0
6935,195932,238,0,0,0
6936,195933,238,0,0,0
6937,195934,238,0,0,0
6938,195935,238,0,0,0
6939,195936,238,0,0,0
6940,195937,238,0,0,0
6941,195938,238,0,0,0
6942,195939,238,0,0,0
6943,195940,238,0,0,0
6944,195941,238,0,0,0
6945,195942,238,0,0,0
6946,195943,238,0,0,0
6978,202580,0,0,133912,0
7007,209496,162,0,0,0
7008,209497,162,0,0,0
7009,209498,162,0,0,0
7010,209499,162,0,0,0
7011,209564,162,0,0,0
7012,209603,238,0,0,0
7013,209604,238,0,0,0
7014,209605,238,0,0,0
7015,209606,238,0,0,0
7016,209607,238,0,0,0
7017,209608,238,0,0,0
7018,209609,238,0,0,0
7019,209610,238,0,0,0
7020,209611,238,0,0,0
7037,213916,162,0,0,0
7046,217651,10,0,0,0
7047,217645,209,0,0,0
7048,217641,209,0,0,0
7049,217644,209,0,0,0
7050,217637,209,0,0,0
7051,217655,209,0,0,0
7052,217650,209,0,0,0
7053,217649,209,0,0,0
7063,220178,2,0,0,0
7064,222851,209,0,0,0
7065,222852,209,0,0,0
7066,222853,209,0,0,0
7068,224199,209,0,0,0
7092,228139,209,0,0,0
7096,228402,209,0,0,0
7097,228403,209,0,0,0
7098,228404,209,0,0,0
7099,228405,209,0,0,0
7100,228406,209,0,0,0
7101,228407,209,0,0,0
7102,228408,209,0,0,0
7103,228409,209,0,0,0
7104,228410,209,0,0,0
7208,235695,209,0,0,0
7209,235696,209,0,0,0
7210,235697,209,0,0,0
7211,235698,209,0,0,0
7212,235699,209,0,0,0
7213,235700,209,0,0,0
7214,235701,209,0,0,0
7215,235702,209,0,0,0
7216,235703,209,0,0,0
7217,235704,209,0,0,0
7218,235705,209,0,0,0
7219,235706,209,0,0,0
7220,235794,209,0,0,0
7276,239415,162,0,0,0
7364,247700,162,0,0,0
7365,247710,162,0,0,0
7366,247713,162,0,0,0
7367,247714,162,0,0,0
7377,252106,209,0,0,0
7381,247751,238,0,0,0
7382,247754,238,0,0,0
7383,247755,238,0,0,0
7384,247771,238,0,0,0
7385,247773,238,0,0,0
7386,247772,238,0,0,0
7387,247774,238,0,0,0
7388,247756,238,0,0,0
7389,247757,238,0,0,0
7390,247758,238,0,0,0
7391,247762,238,0,0,0
7392,247763,238,0,0,0
7393,247764,238,0,0,0
7394,247765,238,0,0,0
7395,247766,238,0,0,0
7396,247767,238,0,0,0
7397,254227,121,0,0,0
7398,254231,121,0,0,0
7399,254238,121,0,0,0
7400,248869,162,0,0,0
7401,248867,162,0,0,0
7402,248870,162,0,0,0
7403,248864,162,0,0,0
7404,248937,238,0,0,0
7405,248940,238,0,0,0
7406,248939,238,0,0,0
7407,248938,238,0,0,0
7408,254584,209,0,0,0
7409,254706,209,0,0,0
7411,255035,209,0,0,0
7412,255040,209,0,0,0
7416,255065,209,0,0,0
7417,255066,209,0,0,0
7418,255068,209,0,0,0
7419,255070,209,0,0,0
7420,255071,209,0,0,0
7421,255072,209,0,0,0
7422,255073,209,0,0,0
7423,255074,209,0,0,0
7424,255075,209,0,0,0
7425,255076,209,0,0,0
7426,255077,209,0,0,0
7427,255078,209,0,0,0
7428,255086,209,0,0,0
7429,255087,209,0,0,0
7430,255088,209,0,0,0
7431,255089,209,0,0,0
7432,255090,209,0,0,0
7433,255091,209,0,0,0
7434,255092,209,0,0,0
7435,255093,209,0,0,0
7436,255094,209,0,0,0
7437,255095,209,0,0,0
7438,255096,209,0,0,0
7439,255097,209,0,0,0
7440,255098,209,0,0,0
7441,255099,209,0,0,0
7442,255100,209,0,0,0
7443,255101,209,0,0,0
7444,255103,209,0,0,0
7445,255104,209,0,0,0
7446,255105,209,0,0,0
7447,255106,162,0,0,0
7448,255107,162,0,0,0
7450,255110,209,0,0,0
7451,255111,209,0,0,0
7452,255112,209,0,0,0
7453,255129,209,0,0,0
7454,255130,209,0,0,0
7455,255131,209,0,0,0
7456,255141,209,0,0,0
7457,255142,209,0,0,0
7458,255143,209,0,0,0
7465,256245,121,0,0,0
7466,256246,121,0,0,0
7467,256275,121,0,0,0
7468,256276,121,0,0,0
7469,256277,121,0,0,0
7470,256278,121,0,0,0
7471,256279,121,0,0,0
7472,256280,121,0,0,0
7473,256281,121,0,0,0
7474,256282,121,0,0,0
7475,256283,121,0,0,0
7476,256284,121,0,0,0
7477,256285,121,0,0,0
7478,256286,121,0,0,0
7479,256287,121,0,0,0
7480,256288,121,0,0,0
7481,256289,121,0,0,0
7482,256290,121,0,0,0
7483,256291,121,0,0,0
7484,256293,121,0,0,0
7485,256294,121,0,0,0
7486,256295,121,0,0,0
7487,256296,121,0,0,0
7488,256297,121,0,0,0
7489,256298,121,0,0,0
7490,256299,121,0,0,0
7491,256689,238,0,0,0
7492,256690,238,0,0,0
7493,256691,238,0,0,0
7494,256692,238,0,0,0
7495,256693,238,0,0,0
7496,256694,238,0,0,0
7497,256695,238,0,0,0
7498,256696,238,0,0,0
7499,256698,238,0,0,0
7500,256699,238,0,0,0
7501,256700,238,0,0,0
7502,256701,238,0,0,0
7503,256702,238,0,0,0
7504,256703,238,0,0,0
7505,256794,238,0,0,0
7552,259665,121,253,0,0
13041,267458,209,0,0,0
13042,267482,209,0,0,0
13043,267486,209,0,0,0
13044,267490,209,0,0,0
13045,267495,209,0,0,0
13046,267498,209,0,0,0
13053,268852,209,0,0,0
13054,268878,209,0,0,0
13055,268879,209,0,0,0
13056,268894,209,0,0,0
13057,268895,209,0,0,0
13058,268897,209,0,0,0
13059,268901,209,0,0,0
13060,268902,209,0,0,0
13061,268903,209,0,0,0
13062,268907,209,0,0,0
13063,268908,209,0,0,0
13064,268909,209,0,0,0
13065,268913,209,0,0,0
13066,268914,209,0,0,0
13067,268915,209,0,0,0
13077,271366,209,0,0,0
13078,271433,209,0,0,0
13182,278527,121,0,0,0
13183,272226,238,0,0,0
13184,256510,238,0,0,0
13185,256514,238,0,0,0
13186,256515,238,0,0,0
13187,272227,238,0,0,0
13188,256511,238,0,0,0
13189,256516,238,0,0,0
13190,256517,238,0,0,0
13191,272228,238,0,0,0
13192,256512,238,0,0,0
13193,256518,238,0,0,0
13194,256519,238,0,0,0
13195,272230,238,0,0,0
13196,256513,238,0,0,0
13197,256520,238,0,0,0
13198,256521,238,0,0,0
13199,256253,238,0,0,0
13200,256255,238,0,0,0
13201,256256,238,0,0,0
13202,256257,238,0,0,0
13203,256254,238,0,0,0
13204,256258,238,0,0,0
13205,256259,238,0,0,0
13206,256260,238,0,0,0
13207,269734,238,0,0,0
13208,269735,238,0,0,0
13209,269736,238,0,0,0
13210,280671,162,0,0,0
13211,278419,238,0,0,0
13212,256507,238,0,0,0
13213,256508,238,0,0,0
13214,256509,238,0,0,0
13215,256501,238,0,0,0
13221,283399,0,0,164740,0
13222,283401,0,0,164740,0
13223,283403,0,0,164740,0
13224,284292,121,0,0,0
13225,284293,121,0,0,0
13226,284294,121,0,0,0
13227,284295,121,0,0,0
13228,284296,121,0,0,0
13229,284297,121,0,0,0
13230,282343,238,0,0,0
13231,282344,238,0,0,0
13232,282345,238,0,0,0
13233,289105,238,0,0,0
13234,289174,238,0,0,0
13235,289175,238,0,0,0
13236,289179,238,0,0,0
13237,289180,238,0,0,0
13238,289181,238,0,0,0
13239,289313,121,0,0,0
13240,289356,121,0,0,0
13241,290360,209,0,0,0
13242,290361,209,0,0,0
13243,291207,14,0,0,0
13245,292012,121,253,0,0
13246,292320,121,253,0,0
13247,292322,121,253,0,0
13248,293801,121,0,0,0
13249,294793,238,0,0,0
13250,294794,238,0,0,0
13251,294795,238,0,0,0
13252,253145,162,0,0,0
13253,260403,12,0,0,0
13254,284415,209,0,0,0
13256,297989,209,0,0,0
13257,297991,209,0,0,0
13258,297993,209,0,0,0
13259,297994,209,0,0,0
13260,297995,209,0,0,0
13261,297999,209,0,0,0
13262,298001,209,0,0,0
13263,298002,209,0,0,0
13264,298009,209,0,0,0
13265,298010,209,0,0,0
13266,298011,209,0,0,0
13267,298016,209,0,0,0
13268,298255,0,0,164740,0
13269,298256,0,0,164740,0
13270,298257,0,0,164740,0
13272,298433,209,0,0,0
13273,298437,209,0,0,0
13274,298438,209,0,0,0
13275,298439,209,0,0,0
13276,298440,209,0,0,0
13277,298441,209,0,0,0
13278,298442,209,0,0,0
13279,298794,238,0,0,0
13280,298796,238,0,0,0
13281,298797,238,0,0,0
13282,298798,238,0,0,0
13283,298799,238,0,0,0
13284,298800,238,0,0,0
13285,298801,238,0,0,0
13286,298930,162,15,0,0
13287,299016,238,0,0,0
13288,299017,238,0,0,0
13289,299018,238,0,0,0
13290,299665,121,0,0,0
13291,299666,121,0,0,0
13292,299667,121,0,0,0
13293,299668,121,0,0,0
13294,299669,121,0,0,0
13295,299670,121,0,0,0
13296,299671,121,0,0,0
13297,299672,121,0,0,0
13298,299673,121,0,0,0
13300,300756,238,0,0,0
13301,300769,209,0,0,0
13302,300770,209,0,0,0
13303,300788,209,0,0,0
13304,300789,209,0,0,0
13305,301412,209,0,0,0
13306,253165,162,0,0,0
13307,253162,162,0,0,0
13308,253168,162,0,0,0
13309,253171,162,0,0,0
13310,253174,162,0,0,0
13311,253113,162,0,0,0
13312,253177,162,0,0,0
13313,253180,162,0,0,0
13314,253183,162,0,0,0
13315,253186,162,0,0,0
13316,253187,162,0,0,0
13317,253188,162,0,0,0
13318,253116,162,0,0,0
13319,253117,162,0,0,0
13320,253118,162,0,0,0
13321,253190,162,0,0,0
13322,253191,162,0,0,0
13323,253192,162,0,0,0
13324,269424,162,0,0,0
13325,269425,162,0,0,0
13326,269426,162,0,0,0
13327,269421,162,0,0,0
13328,269422,162,0,0,0
13329,269423,162,0,0,0
13330,269444,162,0,0,0
13331,269446,162,0,0,0
13332,269447,162,0,0,0
13333,269448,162,0,0,0
13334,269449,162,0,0,0
13335,269450,162,0,0,0
13336,269451,162,0,0,0
13337,269452,162,0,0,0
13338,269453,162,0,0,0
13339,253110,162,0,0,0
13340,269064,162,0,0,0
13341,253112,162,0,0,0
13342,286017,162,0,0,0
13343,286018,162,0,0,0
13344,278416,162,0,0,0
13345,278415,162,0,0,0
13346,278417,162,0,0,0
13347,269458,162,0,0,0
13348,269459,162,0,0,0
13349,269460,162,0,0,0
13350,253125,162,0,0,0
13351,253132,162,0,0,0
13352,253135,162,0,0,0
13353,253138,162,0,0,0
13354,253141,162,0,0,0
13355,278131,162,0,0,0
13356,278132,162,0,0,0
13357,278133,162,0,0,0
13358,253156,162,0,0,0
13359,253157,162,0,0,0
13360,253158,162,0,0,0
13361,253159,162,0,0,0
13362,253160,162,0,0,0
13363,253161,162,0,0,0
13364,269464,162,0,0,0
13365,269465,162,0,0,0
13366,269466,162,0,0,0
13367,269470,162,0,0,0
13368,269471,162,0,0,0
13369,269472,162,0,0,0
13370,269476,162,0,0,0
13371,269477,162,0,0,0
13372,269478,162,0,0,0
13373,256786,162,0,0,0
13374,253149,162,0,0,0
13375,253144,162,0,0,0
13376,269479,162,0,0,0
13377,269480,162,0,0,0
13378,269481,162,0,0,0
13379,283249,162,0,0,0
13380,283250,162,0,0,0
13381,283251,162,0,0,0
13382,283245,162,0,0,0
13383,283247,162,0,0,0
13384,283248,162,0,0,0
13385,283242,162,0,0,0
13386,283243,162,0,0,0
13387,283244,162,0,0,0
13388,285082,162,0,0,0
13389,285090,162,0,0,0
13390,285098,162,0,0,0
13391,285081,162,0,0,0
13392,285089,162,0,0,0
13393,285097,162,0,0,0
13394,282876,162,0,0,0
13395,282878,162,0,0,0
13396,282879,162,0,0,0
13397,283239,162,0,0,0
13398,283240,162,0,0,0
13399,283241,162,0,0,0
13400,282889,162,0,0,0
13401,283237,162,0,0,0
13402,283238,162,0,0,0
13403,286015,162,0,0,0
13404,286016,162,0,0,0
13405,287235,162,0,0,0
13406,286631,162,0,0,0
13407,282871,162,0,0,0
13408,282872,162,0,0,0
13409,282873,162,0,0,0
13410,282868,162,0,0,0
13411,282869,162,0,0,0
13412,282870,162,0,0,0
13413,282865,162,0,0,0
13414,282866,162,0,0,0
13415,282867,162,0,0,0
13416,282862,162,0,0,0
13417,282863,162,0,0,0
13418,282864,162,0,0,0
13419,282859,162,0,0,0
13420,282860,162,0,0,0
13421,282861,162,0,0,0
13422,294748,162,0,0,0
13423,294749,162,0,0,0
13424,294750,162,0,0,0
13425,294751,162,0,0,0
13426,294752,162,0,0,0
13427,294753,162,0,0,0
13428,294754,162,0,0,0
13429,294755,162,0,0,0
13430,294756,162,0,0,0
13431,298998,162,0,0,0
13432,298999,162,0,0,0
13433,299000,162,0,0,0
13434,299001,162,0,0,0
13435,299002,162,0,0,0
13436,299003,162,0,0,0
13437,294757,162,0,0,0
13438,294758,162,0,0,0
13439,294759,162,0,0,0
13440,294760,162,0,0,0
13441,294761,162,0,0,0
13442,294762,162,0,0,0
13443,294763,162,0,0,0
13444,294764,162,0,0,0
13445,294765,162,0,0,0
13446,301413,162,0,0,0
13447,265937,162,0,0,0
13448,265938,162,0,0,0
13449,265939,162,0,0,0
13450,294766,162,0,0,0
13451,294767,162,0,0,0
13452,294768,162,0,0,0
13453,294769,162,0,0,0
13454,294770,162,0,0,0
13455,294771,162,0,0,0
13456,294772,162,0,0,0
13457,294773,162,0,0,0
13458,294774,162,0,0,0
13459,294775,162,0,0,0
13460,294776,162,0,0,0
13461,294777,162,0,0,0
13462,294778,162,0,0,0
13463,294779,162,0,0,0
13464,294780,162,0,0,0
13467,302187,121,0,0,0
13468,302189,121,0,0,0
13469,302188,121,0,0,0
13470,302190,121,0,0,0
13471,304030,121,0,0,0
13472,304033,121,0,0,0
13473,304036,121,0,0,0
13474,304042,121,0,0,0
13475,304307,162,0,0,0
13476,304308,162,0,0,0
13477,304312,162,0,0,0
13478,304314,162,0,0,0
13479,304315,162,0,0,0
13480,304317,162,0,0,0
13481,304318,162,0,0,0
13482,304320,162,0,0,0
13483,304322,162,0,0,0
13484,304323,162,0,0,0
13485,304324,162,0,0,0
13486,298515,209,0,0,0
13487,276121,121,0,0,0
13488,276059,121,0,0,0
13489,276088,121,0,0,0
13490,305168,238,0,0,0
13491,305170,238,0,0,0
13492,305171,238,0,0,0
13494,305838,0,162,0,0
13495,305839,0,162,0,0
13496,305840,0,162,0,0
13497,305841,0,162,0,0
13498,305842,0,162,0,0
13499,305843,0,162,0,0
13500,305844,162,0,0,0
13501,305845,162,0,0,0
13502,305846,162,0,0,0
13503,305847,162,0,0,0
13504,305848,162,0,0,0
13505,305849,162,0,0,0
13506,305850,162,0,0,0
13507,305851,162,0,0,0
13508,305852,162,0,0,0
13509,305853,162,0,0,0
13510,305980,0,238,0,0
13511,305981,0,238,0,0
13512,305982,0,238,0,0
13513,306078,162,0,0,0
13514,306079,162,0,0,0
13515,306080,162,0,0,0
13516,306081,162,0,0,0
13517,306082,162,0,0,0
13518,306083,162,0,0,0
13519,306084,162,0,0,0
13520,306085,162,0,0,0
13521,306086,162,0,0,0
13522,306087,162,0,0,0
13525,306038,0,0,171095,0
13526,306048,0,0,171095,0
13527,306310,162,0,0,0
13528,306312,162,0,0,0
13562,307414,63,0,0,0
13563,307650,162,0,0,0
13564,280659,162,0,0,0
13565,280657,162,0,0,0
13566,253119,162,0,0,0
13567,253129,162,0,0,0
13570,307611,162,0,0,0
13571,307648,162,0,0,0
13572,307649,162,0,0,0
13574,307663,162,0,0,0
13575,307664,162,0,0,0
13576,307665,162,0,0,0
13577,307666,162,0,0,0
13578,307667,162,0,0,0
13579,307668,162,0,0,0
13580,307669,162,0,0,0
13581,307670,162,0,0,0
13582,307671,162,0,0,0
13583,307672,162,0,0,0
13584,307674,162,0,0,0
13585,307675,162,0,0,0
13586,307676,162,0,0,0
13587,307677,162,0,0,0
13588,307678,162,0,0,0
13589,307679,162,0,0,0
13590,307680,162,0,0,0
13591,307681,162,0,0,0
13592,307682,162,0,0,0
13612,307705,162,0,0,0
13613,307706,162,0,0,0
13614,307707,162,0,0,0
13615,307708,162,0,0,0
13616,307709,162,0,0,0
13617,307710,162,0,0,0
13618,307711,162,0,0,0
13619,307712,162,0,0,0
13620,307717,162,0,0,0
13621,307718,162,0,0,0
13622,307719,162,0,0,0
13623,307720,162,0,0,0
13624,307721,162,0,0,0
13625,308398,63,0,0,0
13626,308725,63,0,0,0
13627,309443,121,0,0,0
13628,309524,209,0,0,0
13629,309525,209,0,0,0
13630,309526,209,0,0,0
13632,309528,209,0,0,0
13633,309530,209,0,0,0
13634,309531,209,0,0,0
13635,309532,209,0,0,0
13636,309534,209,0,0,0
13637,309535,209,0,0,0
13638,309608,209,0,0,0
13639,309609,209,0,0,0
13640,309610,209,0,0,0
13642,309612,209,0,0,0
13643,309613,209,0,0,0
13644,309614,209,0,0,0
13645,309615,209,0,0,0
13646,309616,209,0,0,0
13647,309617,209,0,0,0
13648,309618,209,0,0,0
13649,309619,209,0,0,0
13650,309620,209,0,0,0
13651,309621,209,0,0,0
13652,309622,209,0,0,0
13653,309623,209,0,0,0
13655,309627,209,0,0,0
13658,311859,238,0,0,0
13659,311863,238,0,0,0
13660,311864,238,0,0,0
13661,311865,238,0,0,0
13662,311866,238,0,0,0
13663,311867,238,0,0,0
13664,311868,238,0,0,0
13665,311869,238,0,0,0
13666,311870,238,0,0,0
13667,311871,238,0,0,0
13668,311875,238,0,0,0
13669,311876,238,0,0,0
13670,311879,238,0,0,0
13671,311880,238,0,0,0
13672,311881,238,0,0,0
13673,311882,238,0,0,0
13674,311883,238,0,0,0
13675,311884,238,0,0,0
13676,311885,238,0,0,0
13677,311886,238,0,0,0
13678,311887,238,0,0,0
13679,311902,238,0,0,0
13680,311903,238,0,0,0
13681,311904,238,0,0,0
13682,311905,238,0,0,0
13683,311906,238,0,0,0
13684,311907,238,0,0,0
13685,311908,238,0,0,0
13686,311909,238,0,0,0
13687,311424,121,0,0,0
13688,311441,121,0,0,0
13689,311425,121,0,0,0
13691,311423,121,0,0,0
13695,311408,121,0,0,0
13696,311453,121,0,0,0
13697,310495,14,0,0,0
13698,310496,14,0,0,0
13699,310497,14,0,0,0
13700,310536,14,0,0,0
13704,322587,162,0,0,0
13705,322588,162,0,0,0
13706,322589,162,0,0,0
13707,322590,162,0,0,0
13708,322591,162,0,0,0
13710,322593,162,0,0,0
13711,322594,162,0,0,0
13712,322595,162,0,0,0
13762,310493,14,162,0,0
13763,310492,14,162,0,0
13765,310490,14,162,0,0
13770,323609,209,0,0,0
13771,323755,209,0,0,0
13772,323760,209,0,0,0
13773,323761,209,0,0,0
13774,323762,209,0,0,0
13777,310534,14,162,0,0
13778,310533,14,162,0,0
13779,324035,121,0,0,0
13780,324036,121,0,0,0
13781,324037,121,0,0,0
13782,324039,121,0,0,0
13783,324773,209,0,0,0
13792,309636,209,0,0,0
13793,309637,209,0,0,0
13794,309638,209,0,0,0
13795,309645,209,0,0,0
13796,309644,209,0,0,0
13797,327920,238,0,0,0
13798,327921,238,0,0,0
13800,311412,121,0,0,0
13801,311411,121,0,0,0
13802,311409,121,0,0,0
13803,311410,121,0,0,0
13808,330134,162,0,0,0
13809,330140,162,0,0,0
13810,330141,162,0,0,0
13811,330142,162,0,0,0
13812,330143,162,0,0,0
13813,330144,162,0,0,0
13814,330145,162,0,0,0
13815,330146,162,0,0,0
13816,330147,162,0,0,0
13817,330148,162,0,0,0
13818,330149,162,0,0,0
13819,330150,162,0,0,0
13820,330151,162,0,0,0
13821,330152,162,0,0,0
13822,330153,162,0,0,0
13823,330154,162,0,0,0
13824,330155,162,0,0,0
13825,330156,162,0,0,0
13826,330157,162,0,0,0
13827,330158,162,0,0,0
13828,330159,162,0,0,0
13829,330160,162,0,0,0
13830,330161,162,0,0,0
13831,330162,162,0,0,0
13832,330163,162,0,0,0
13833,330164,162,0,0,0
13834,330165,162,0,0,0
13835,330166,162,0,0,0
13836,330167,162,0,0,0
13837,330168,162,0,0,0
13838,330169,162,0,0,0
13839,330170,162,0,0,0
13840,330171,162,0,0,0
13841,330172,162,0,0,0
13842,330173,162,0,0,0
13843,330174,162,0,0,0
13844,330175,162,0,0,0
13845,330176,162,0,0,0
13846,330177,162,0,0,0
13847,330178,162,0,0,0
14612,331007,14,162,0,0
14613,310535,14,162,0,0
14614,310509,14,162,0,0
14615,310507,14,162,0,0
14616,310504,14,162,0,0
14617,310501,14,162,0,0
14618,332006,162,0,0,0
14619,332007,162,0,0,0
14620,332008,162,0,0,0
14621,332009,162,0,0,0
14622,332010,162,0,0,0
14623,332011,162,0,0,0
14624,332012,162,0,0,0
14625,332013,162,0,0,0
14626,332039,238,0,0,0
14627,332040,238,0,0,0
14628,332041,162,0,0,0
14629,332042,162,0,0,0
14630,332043,162,0,0,0
14631,332044,162,0,0,0
14632,332045,162,0,0,0
14633,332046,162,0,0,0
14634,332047,162,0,0,0
14635,332048,162,0,0,0
14636,332074,238,0,0,0
14637,332075,238,0,0,0
14638,334537,121,0,0,0
14639,334548,238,0,0,0
14640,310525,162,0,0,0
14641,310526,14,0,0,0
14642,324195,121,0,0,0
14643,324196,121,0,0,0
14644,324198,121,0,0,0
14645,324197,121,0,0,0
14646,338968,162,0,0,0
14647,338969,162,0,0,0
14648,338970,162,0,0,0
14649,338971,162,0,0,0
14650,338972,162,0,0,0
14651,338974,162,0,0,0
14652,338975,162,0,0,0
14653,338976,162,0,0,0
14654,338977,238,0,0,0
14655,338978,238,0,0,0
14656,342316,209,0,0,0
14657,343184,162,0,0,0
14658,343185,162,0,0,0
14659,343188,162,0,0,0
14661,343662,162,0,0,0
14664,343683,6,0,0,0
14665,343684,6,0,0,0
14666,343680,6,0,0,0
14669,343186,162,0,0,0
14672,343689,121,0,0,0
14673,343691,121,0,0,0
14674,343686,121,0,0,0
14675,343694,238,0,0,0
14676,343695,238,0,0,0
14677,343696,238,0,0,0
14678,343697,238,0,0,0
14679,343693,238,0,0,0
15286,343100,14,0,0,0
15287,345179,14,162,0,0
15295,346026,6,0,0,0
15297,349812,238,0,0,0
15318,352439,162,0,0,0
15319,352443,238,0,0,0
15320,354000,121,0,0,0
15321,354394,121,0,0,0
15322,355187,238,0,0,0
15323,355189,238,0,0,0
15325,359663,238,0,0,0
15326,359665,162,0,0,0
15327,359671,162,0,0,0
15328,359672,238,0,0,0
15329,359700,162,0,0,0
15330,359701,238,0,0,0
15331,359786,121,0,0,0
15332,359890,121,0,0,0
15333,360007,209,0,0,0
15334,360013,209,0,0,0
15335,360016,238,0,0,0
15336,360317,238,0,0,0
15337,360539,121,0,0,0
15338,360542,121,0,0,0
15339,360545,121,0,0,0
15340,360880,121,0,0,0
15341,360882,121,0,0,0
15342,360885,121,0,0,0
15343,360899,121,0,0,0
15344,362412,121,0,0,0
15345,365729,162,0,0,0
15346,365730,162,0,0,0
15347,365731,162,0,0,0
15348,365734,162,0,0,0
15349,365735,162,0,0,0
15350,367585,162,0,0,0
15351,367586,162,0,0,0
15352,367587,162,0,0,0
15353,367588,162,0,0,0
15354,367589,162,0,0,0
15355,367590,162,0,0,0
15356,367591,162,0,0,0
15357,367592,162,0,0,0
15358,367593,162,0,0,0
15359,367594,162,0,0,0
15360,367595,162,0,0,0
15361,367596,162,0,0,0
15362,367597,162,0,0,0
15363,367598,162,0,0,0
15364,367599,162,0,0,0
15365,367600,162,0,0,0
15366,367601,162,0,0,0
15367,367602,162,0,0,0
15368,367603,162,0,0,0
15369,367604,162,0,0,0
15370,367605,162,0,0,0
15371,367606,162,0,0,0
15372,367607,162,0,0,0
15373,367608,162,0,0,0
15374,367609,162,0,0,0
15375,367610,162,0,0,0
15376,367611,162,0,0,0
15379,367614,162,0,0,0
15380,367615,162,0,0,0
15381,367616,162,0,0,0
15382,367617,162,0,0,0
15383,367618,162,0,0,0
15384,367619,162,0,0,0
15385,367622,162,0,0,0
15386,367623,162,0,0,0
15387,367712,162,0,0,0
15388,367713,162,0,0,0
15389,367714,162,0,0,0
16549,371302,162,0,0,0
16550,371304,162,0,0,0
16551,371309,162,0,0,0
16552,371338,162,0,0,0
16555,371343,162,0,0,0
16556,371344,162,0,0,0
16557,371349,162,0,0,0
16559,371360,162,0,0,0
16560,371364,162,0,0,0
16561,371365,162,0,0,0
16562,371366,162,0,0,0
16563,371367,162,0,0,0
16564,371368,162,0,0,0
16565,371369,162,0,0,0
16566,371371,162,0,0,0
16567,371372,162,0,0,0
16568,371374,162,0,0,0
16574,371394,162,0,0,0
16575,371395,162,0,0,0
16579,371403,162,0,0,0
16580,371412,162,0,0,0
16582,371650,162,0,0,0
16583,371674,162,0,0,0
16584,371682,162,0,0,0
16587,376617,162,0,0,0
16588,376618,162,0,0,0
16589,376619,162,0,0,0
16590,376620,162,0,0,0
16591,376621,162,0,0,0
16592,376622,162,0,0,0
16593,376623,162,0,0,0
16594,376624,162,0,0,0
16595,377280,162,0,0,0
16596,377281,162,0,0,0
16597,374437,238,0,0,0
16598,374438,238,0,0,0
16599,374439,238,0,0,0
16600,374440,238,0,0,0
16601,374441,238,0,0,0
16602,374442,238,0,0,0
16603,374443,238,0,0,0
16604,374444,238,0,0,0
16605,374445,238,0,0,0
16606,374446,238,0,0,0
16607,374447,238,0,0,0
16608,374448,238,0,0,0
16609,374449,238,0,0,0
16610,374450,238,0,0,0
16611,374453,238,0,0,0
16612,374454,238,0,0,0
16613,374455,238,0,0,0
16614,374456,238,0,0,0
16615,374457,238,0,0,0
16616,374458,238,0,0,0
16617,374459,238,0,0,0
16618,374460,238,0,0,0
16619,374461,238,0,0,0
16620,374462,238,0,0,0
16621,374463,238,0,0,0
16622,374465,238,0,0,0
16623,374467,238,0,0,0
16624,374468,238,0,0,0
16625,374470,238,0,0,0
16626,374472,238,0,0,0
16627,374475,238,0,0,0
16628,374477,238,0,0,0
16629,374478,238,0,0,0
16630,374480,238,0,0,0
16631,374483,238,0,0,0
16632,374484,238,0,0,0
16633,374486,238,0,0,0
16634,374488,238,0,0,0
16635,374490,238,0,0,0
16636,374493,238,0,0,0
16637,374494,238,0,0,0
16638,374495,238,0,0,0
16639,374496,238,0,0,0
16640,374497,238,0,0,0
16641,374498,238,0,0,0
16642,374499,238,0,0,0
16643,374501,238,0,0,0
16644,374502,238,0,0,0
16645,374506,238,0,0,0
16646,374508,238,0,0,0
16647,374509,238,0,0,0
16648,374510,238,0,0,0
16649,374511,238,0,0,0
16650,374512,238,0,0,0
16651,374514,238,0,0,0
16652,374516,238,0,0,0
16653,374518,238,0,0,0
16654,374522,238,0,0,0
16655,374525,238,0,0,0
16657,374530,238,0,0,0
16658,374531,238,0,0,0
16659,374532,238,0,0,0
16660,374537,238,0,0,0
16661,374538,238,0,0,0
16662,374540,238,0,0,0
16663,374542,238,0,0,0
16664,374543,238,0,0,0
16665,374546,238,0,0,0
16666,374547,238,0,0,0
16667,374548,238,0,0,0
16668,374549,238,0,0,0
16669,374550,238,0,0,0
16670,374551,238,0,0,0
16671,374553,238,0,0,0
16672,375063,238,0,0,0
16673,376233,238,0,0,0
16674,376582,238,0,0,0
16675,376878,238,0,0,0
16676,377804,238,0,0,0
16677,377960,238,0,0,0
16688,382317,14,15,0,0
16689,382318,14,15,0,0
16690,382319,14,15,0,0
16691,382320,14,15,0,0
16692,382321,14,15,0,0
16693,382322,14,15,0,0
16694,382323,14,15,0,0
16695,382324,14,15,0,0
16696,382325,14,15,0,0
16697,382326,14,15,0,0
16698,382327,14,15,0,0
16699,382328,14,15,0,0
16700,382329,14,15,0,0
16701,382330,14,15,0,0
16702,382331,14,15,0,0
16703,382332,14,15,0,0
16704,382333,14,15,0,0
16705,382334,14,15,0,0
16706,382335,14,15,0,0
16707,382336,14,15,0,0
16708,382337,14,15,0,0
16709,382338,14,15,0,0
16710,382339,14,15,0,0
16711,382340,14,15,0,0
16712,382341,14,15,0,0
16713,382342,14,15,0,0
16714,382343,14,15,0,0
16715,382344,14,15,0,0
16716,382345,14,15,0,0
16717,382346,14,15,0,0
16718,382348,14,15,0,0
16719,382349,14,15,0,0
16720,382350,14,15,0,0
16721,382351,14,15,0,0
16723,382353,14,15,0,0
16724,382354,14,15,0,0
16725,382355,14,15,0,0
16726,382356,14,15,0,0
16727,382357,14,15,0,0
16728,382358,14,15,0,0
16729,382359,14,15,0,0
16731,382361,14,15,0,0
16732,382362,14,15,0,0
16733,382363,14,15,0,0
16734,382364,14,15,0,0
16735,382365,14,15,0,0
16736,382366,14,15,0,0
16737,382367,14,15,0,0
16738,382368,14,15,0,0
16739,382369,14,15,0,0
16740,382370,14,15,0,0
16741,382371,14,15,0,0
16744,382374,14,0,0,0
16745,382375,14,15,0,0
16746,382376,14,15,0,0
16747,382377,14,15,0,0
16748,382378,14,15,0,0
16749,382379,14,15,0,0
16750,382380,14,15,0,0
16751,382381,14,15,0,0
16753,382383,14,15,0,0
16754,382384,14,15,0,0
16755,382385,14,15,0,0
16756,382386,14,15,0,0
16757,382387,14,15,0,0
16758,382388,14,15,0,0
16759,382389,14,15,0,0
16760,382390,14,15,0,0
16761,382391,14,15,0,0
16762,382392,14,15,0,0
16763,382393,14,15,0,0
16764,382394,14,15,0,0
16765,382395,14,15,0,0
16766,382396,14,15,0,0
16767,382397,14,15,0,0
16768,382398,14,15,0,0
16769,382399,14,15,0,0
16770,382400,14,15,0,0
16771,382401,14,15,0,0
16772,382402,14,15,0,0
16773,382403,14,15,0,0
16774,382404,14,15,0,0
16775,382405,14,15,0,0
16777,382407,14,15,0,0
16778,382408,14,15,0,0
16786,384313,14,15,0,0
16787,384314,14,15,0,0
16788,384491,14,15,0,0
16792,386667,14,15,0,0
16793,386670,14,15,0,0
16794,386966,14,15,0,0
16795,387246,14,15,0,0
16796,388279,162,0,0,0
16798,388930,209,0,0,0
16799,389135,209,0,0,0
16800,389136,209,0,0,0
16801,389151,209,0,0,0
16802,389292,209,0,0,0
16803,389293,209,0,0,0
16804,389294,209,0,0,0
16805,389295,209,0,0,0
16806,389297,209,0,0,0
16807,389298,209,0,0,0
16808,389300,209,0,0,0
16809,389301,209,0,0,0
16810,389303,209,0,0,0
16811,389304,209,0,0,0
16812,389397,209,0,0,0
16813,389398,209,0,0,0
16814,389400,209,0,0,0
16815,389403,209,0,0,0
16816,389404,209,0,0,0
16817,389405,209,0,0,0
16818,389410,209,0,0,0
16819,389416,209,0,0,0
16820,389417,209,0,0,0
16821,389419,209,0,0,0
16822,389479,209,0,0,0
16823,389480,209,0,0,0
16824,389484,209,0,0,0
16825,389508,209,0,0,0
16826,389513,209,0,0,0
16827,389519,209,0,0,0
16828,389525,209,0,0,0
16829,389530,209,0,0,0
16830,389537,209,0,0,0
16831,389540,209,0,0,0
16832,389542,209,0,0,0
16833,389543,209,0,0,0
16834,389546,209,0,0,0
16835,389547,209,0,0,0
16836,389549,209,0,0,0
16837,389550,209,0,0,0
16838,389551,209,0,0,0
16839,389558,209,0,0,0
16842,390831,209,0,0,0
16843,390839,209,0,0,0
16844,390855,209,0,0,0
16845,390951,209,0,0,0
16846,391176,209,0,0,0
16847,391179,209,0,0,0
16848,391185,209,0,0,0
16849,391196,209,0,0,0
16850,391197,209,0,0,0
16852,391202,209,0,0,0
16853,391302,209,0,0,0
16854,391304,209,0,0,0
16855,391806,209,0,0,0
16856,391807,209,0,0,0
16857,391808,209,0,0,0
16858,391809,209,0,0,0
16859,391810,209,0,0,0
16860,391811,209,0,0,0
16861,391812,209,0,0,0
16862,391813,209,0,0,0
16863,391814,209,0,0,0
16864,391815,209,0,0,0
16865,391816,209,0,0,0
16867,392697,238,0,0,0
16869,393404,162,0,0,0
16870,393416,162,0,0,0
16873,393796,14,15,0,0
16874,393853,162,0,0,0
16875,394621,238,0,0,0
16876,395626,0,0,201883,0
16877,395879,162,0,0,0
16878,395880,162,0,0,0
16879,395881,162,0,0,0
16880,395883,162,0,0,0
16881,395886,162,0,0,0
16882,396777,14,15,0,0
16883,383791,121,0,0,0
16884,383786,121,0,0,0
16885,383787,121,0,0,0
16886,383788,121,0,0,0
16887,383530,121,0,0,0
16888,383531,121,0,0,0
16889,383527,121,0,0,0
16890,383525,121,0,0,0
16891,383529,121,0,0,0
16892,383569,121,0,0,0
16893,383567,121,0,0,0
16894,383570,121,0,0,0
16895,383571,121,0,0,0
16896,384869,121,0,0,0
16897,383565,121,0,0,0
16898,383573,121,0,0,0
16899,383572,121,0,0,0
16900,385197,121,0,0,0
16901,383512,121,0,0,0
16902,383563,121,0,0,0
16903,384948,121,0,0,0
16904,384949,121,0,0,0
16905,383549,121,0,0,0
16906,383551,121,0,0,0
16907,383539,121,0,0,0
16908,391782,238,0,0,0
16909,383543,121,0,0,0
16910,383544,121,0,0,0
16911,383547,121,0,0,0
16912,397853,162,0,0,0
16913,397855,162,0,0,0
16914,397856,162,0,0,0
16915,397857,162,0,0,0
16916,397858,14,15,0,0
16917,397859,15,14,0,0
16918,397860,14,15,0,0
16919,397861,15,14,0,0
16924,397866,121,0,0,0
16925,397867,121,0,0,0
17049,402118,162,0,0,0
17051,402123,162,0,0,0
17052,402124,162,0,0,0
17053,402125,162,0,0,0
17054,402126,162,0,0,0
17055,402128,162,0,0,0
17056,402129,162,0,0,0
17057,402130,162,0,0,0
17058,402131,162,0,0,0
17059,402133,162,0,0,0
17060,402134,162,0,0,0
17061,402135,162,0,0,0
17062,402136,162,0,0,0
17063,402137,162,0,0,0
17064,402138,162,0,0,0
17065,402140,121,0,0,0
17066,402141,121,0,0,0
17067,402142,121,0,0,0
17071,403131,238,0,0,0
17072,403132,238,0,0,0
17073,403158,162,0,0,0
17074,403159,162,0,0,0
17075,403160,162,0,0,0
17076,403161,162,0,0,0
17077,403162,162,0,0,0
17078,403163,162,0,0,0
17079,403164,162,0,0,0
17080,403165,162,0,0,0
17081,403483,238,0,0,0
17083,404859,209,0,0,0
17085,405076,209,0,0,0
17086,405205,238,0,0,0
17087,405650,209,0,0,0
17088,405803,209,0,0,0
17090,407005,14,15,0,0
17091,407006,14,15,0,0
17093,407161,238,0,0,0
17094,407170,14,15,0,0
17095,408052,14,15,0,0
17096,408230,14,15,0,0
17097,408231,238,0,0,0
17098,408271,121,0,0,0
17099,408282,162,0,0,0
17100,408283,162,0,0,0
17101,408288,162,0,0,0
17102,408299,162,0,0,0
17103,408326,162,0,0,0
17109,408397,238,0,0,0
17110,408398,238,0,0,0
17116,409224,162,0,0,0
17117,405937,209,0,0,0
17118,406413,209,0,0,0
17119,406418,209,0,0,0
17120,406108,209,0,0,0
17121,409351,14,15,0,0
17122,409353,14,15,0,0
17123,409355,14,15,0,0
17124,409356,14,15,0,0
17126,413506,162,0,0,0
17127,413507,162,0,0,0
17128,413508,162,0,0,0
17129,413509,162,0,0,0
17130,413510,162,0,0,0
17133,414946,209,0,0,0
17134,414985,209,0,0,0
17135,414988,209,0,0,0
17136,414989,209,0,0,0
17138,416047,209,0,0,0
17139,416149,14,15,0,0
17141,416819,0,0,206653,0
17142,413748,121,0,0,0
17143,413519,121,0,0,0
17144,413515,121,0,0,0
17145,413745,162,0,0,0
17146,414590,162,0,0,0
17147,413755,162,0,0,0
17148,413758,162,0,0,0
17149,413742,162,0,0,0
17150,413757,162,0,0,0
17151,413749,162,0,0,0
17152,413741,162,0,0,0
17153,413760,162,0,0,0
17154,413740,162,0,0,0
17155,413750,162,0,0,0
17156,413520,162,0,0,0
17157,413521,162,0,0,0
17158,413753,162,0,0,0
17159,413746,162,0,0,0
17160,413522,162,0,0,0
17161,413523,162,0,0,0
17162,413739,162,0,0,0
17163,413759,14,15,0,0
17164,413751,238,0,0,0
17165,413752,238,0,0,0
17166,413513,162,0,0,0
17167,416687,162,0,0,0
17168,416688,162,0,0,0
17169,413512,162,0,0,0
17170,413744,162,0,0,0
17171,416682,162,0,0,0
17172,413514,162,0,0,0
17173,416683,162,0,0,0
17174,413524,162,0,0,0
17175,413518,162,0,0,0
17176,413511,162,0,0,0
17177,416689,14,15,0,0
17178,416691,14,15,0,0
17179,413743,238,0,0,0
17181,416686,6,0,0,0
17182,416690,121,0,0,0
17183,419004,238,0,0,0
17184,419005,238,0,0,0
17185,419031,162,0,0,0
17186,419032,162,0,0,0
17187,419033,162,0,0,0
17188,419034,162,0,0,0
17189,419035,162,0,0,0
17190,419036,162,0,0,0
17191,419037,162,0,0,0
17192,419038,162,0,0,0
17193,419042,14,15,0,0
17194,419043,14,15,0,0
17195,419044,14,15,0,0
17196,419045,14,15,0,0
17197,416684,6,0,0,0
17198,416685,6,0,0,0
17199,420740,238,0,0,0
17207,426332,162,0,0,0
17214,429945,209,0,0,0
17215,429947,209,0,0,0
17216,429948,209,0,0,0
17217,430055,238,0,0,0
17218,430056,238,0,0,0
17219,430082,162,0,0,0
17220,430083,162,0,0,0
17221,430084,162,0,0,0
17222,430085,162,0,0,0
17223,430086,162,0,0,0
17224,430087,162,0,0,0
17225,430088,162,0,0,0
17226,430089,162,0,0,0
17227,430093,14,15,0,0
17228,430094,14,15,0,0
17229,430095,14,15,0,0
17230,430096,14,15,0,0
17231,430315,12,0,0,0
17234,430624,12,0,0,0
17235,430619,12,0,0,0
17236,430618,12,0,0,0
17237,430620,12,0,0,0
17238,430621,12,0,0,0
17239,430622,12,0,0,0
17240,430623,12,0,0,0
17243,432338,0,0,212575,0
17245,434536,238,0,0,0
17246,434537,238,0,0,0
17247,434538,238,0,0,0
17248,434539,238,0,0,0
17249,434540,238,0,0,0
17250,434541,238,0,0,0
17251,434542,238,0,0,0
17252,434543,238,0,0,0
17253,434544,238,0,0,0
17254,434545,238,0,0,0
17255,434546,238,0,0,0
17256,434547,238,0,0,0
17257,434548,238,0,0,0
17258,434549,238,0,0,0
17259,434550,238,0,0,0
17260,434551,238,0,0,0
17261,434552,238,0,0,0
17262,434553,238,0,0,0
17263,434554,238,0,0,0
17264,434555,238,0,0,0
17265,434563,238,0,0,0
17266,435230,238,0,0,0
17267,435318,238,0,0,0
17268,435319,238,0,0,0
17269,435320,238,0,0,0
17270,435321,238,0,0,0
17271,435322,238,0,0,0
17272,435323,238,0,0,0
17273,435324,238,0,0,0
17274,435325,238,0,0,0
17275,435326,238,0,0,0
17276,435327,238,0,0,0
17277,435329,238,0,0,0
17278,435330,238,0,0,0
17279,435331,238,0,0,0
17280,435332,238,0,0,0
17281,435333,238,0,0,0
17282,435334,238,0,0,0
17285,435337,238,0,0,0
17286,435338,238,0,0,0
17287,435339,238,0,0,0
17288,435369,238,0,0,0
17289,435370,238,0,0,0
17290,435371,238,0,0,0
17291,435372,238,0,0,0
17292,435373,238,0,0,0
17293,435374,238,0,0,0
17294,435375,238,0,0,0
17295,435376,238,0,0,0
17296,435377,238,0,0,0
17297,435378,238,0,0,0
17298,435379,238,0,0,0
17299,435380,238,0,0,0
17301,435382,238,0,0,0
17302,435383,238,0,0,0
17303,435384,238,0,0,0
17304,435385,238,0,0,0
17305,435386,238,0,0,0
17306,435387,238,0,0,0
17308,435389,238,0,0,0
17310,435391,238,0,0,0
17311,435392,238,0,0,0
17312,435393,0,0,215110,0
17422,444190,121,0,0,0
17423,444191,121,0,0,0
17424,444196,121,0,0,0
17425,444200,121,0,0,0
17426,444201,121,0,0,0
17427,444204,121,0,0,0
17428,444206,121,0,0,0
17429,444208,121,0,0,0
17431,444221,121,0,0,0
17435,444623,121,0,0,0
17439,444627,121,0,0,0
17440,444629,121,0,0,0
17441,444632,121,0,0,0
17442,445245,0,0,220344,0
17443,445317,209,0,0,0
17444,445318,209,0,0,0
17445,445319,209,0,0,0
17446,445320,209,0,0,0
17447,445321,209,0,0,0
17448,445322,209,0,0,0
17449,445323,209,0,0,0
17450,445324,209,0,0,0
17451,445325,209,0,0,0
17452,445326,209,0,0,0
17453,445327,209,0,0,0
17454,445328,209,0,0,0
17455,445329,209,0,0,0
17456,445330,209,0,0,0
17457,445331,209,0,0,0
17458,445332,209,0,0,0
17459,445333,209,0,0,0
17460,445334,209,0,0,0
17461,445335,209,0,0,0
17462,445336,209,0,0,0
17463,445337,209,0,0,0
17464,445338,209,0,0,0
17465,445339,209,0,0,0
17466,445340,209,0,0,0
17467,445341,209,0,0,0
17468,445342,209,0,0,0
17469,445343,209,0,0,0
17470,445344,209,0,0,0
17471,445345,209,0,0,0
17472,445346,209,0,0,0
17473,445347,209,0,0,0
17474,445348,209,0,0,0
17475,445349,209,0,0,0
17476,445350,209,0,0,0
17477,445351,209,0,0,0
17478,445352,209,0,0,0
17479,445353,209,0,0,0
17480,445354,209,0,0,0
17481,445355,209,0,0,0
17482,445356,209,0,0,0
17483,445357,209,0,0,0
17484,445358,209,0,0,0
17485,445359,209,0,0,0
17486,445360,209,0,0,0
17488,445362,209,0,0,0
17489,445363,209,0,0,0
17490,445364,209,0,0,0
17491,445365,209,0,0,0
17492,445366,209,0,0,0
17493,445367,209,0,0,0
17494,445368,209,0,0,0
17495,445370,209,0,0,0
17496,445371,230,0,0,0
17497,445372,209,0,0,0
17498,445373,209,0,0,0
17499,445374,209,0,0,0
17500,445375,209,0,0,0
17501,445376,209,0,0,0
17502,445377,209,0,0,0
17503,445378,209,0,0,0
17504,445379,209,0,0,0
17505,445380,209,0,0,0
17506,445381,209,0,0,0
17507,445382,209,0,0,0
17508,445383,209,0,0,0
17509,445384,209,0,0,0
17510,445385,209,0,0,0
17511,445386,209,0,0,0
17512,445387,209,0,0,0
17513,445388,209,0,0,0
17514,445389,209,0,0,0
17515,445390,209,0,0,0
17516,445391,209,0,0,0
17517,445392,209,0,0,0
17518,445393,209,0,0,0
17519,445394,209,0,0,0
17520,445395,209,0,0,0
17521,445396,209,0,0,0
17522,445397,209,0,0,0
17523,445398,209,0,0,0
17524,445399,209,0,0,0
17525,445400,209,0,0,0
17526,445401,209,0,0,0
17527,445402,209,0,0,0
17528,445403,209,0,0,0
17722,449571,12,0,0,0
17723,449572,12,0,0,0
17724,449573,12,0,0,0
17725,449574,12,0,0,0
17726,449575,12,0,0,0
17727,449938,12,0,0,0
17728,450216,162,0,0,0
17729,450217,162,0,0,0
17730,450218,162,0,0,0
17731,450219,162,0,0,0
17732,450220,162,0,0,0
17733,450221,162,0,0,0
17734,450222,162,0,0,0
17735,450223,162,0,0,0
17736,450224,162,0,0,0
17737,450225,162,0,0,0
17738,450226,162,0,0,0
17739,450227,162,0,0,0
17740,450228,162,0,0,0
17741,450229,162,0,0,0
17742,450230,162,0,0,0
17743,450231,162,0,0,0
17744,450232,162,0,0,0
17745,450233,162,0,0,0
17746,450234,162,0,0,0
17747,450235,162,0,0,0
17748,450236,162,0,0,0
17749,450237,162,0,0,0
17750,450238,162,0,0,0
17751,450239,162,0,0,0
17752,450240,162,0,0,0
17753,450241,162,0,0,0
17754,450242,162,0,0,0
17757,450245,162,0,0,0
17758,450246,162,0,0,0
17762,450250,162,0,0,0
17763,450251,162,0,0,0
17764,450252,162,0,0,0
17765,450253,162,0,0,0
17766,450254,162,0,0,0
17767,450255,162,0,0,0
17768,450256,162,0,0,0
17769,450257,162,0,0,0
17770,450258,162,0,0,0
17771,450259,162,0,0,0
17772,450260,162,0,0,0
17773,450261,162,0,0,0
17774,450262,162,0,0,0
17775,450263,162,0,0,0
17776,450264,162,0,0,0
17777,450265,162,0,0,0
17778,450266,162,0,0,0
17779,450267,162,0,0,0
17780,450268,162,0,0,0
17781,450269,162,0,0,0
17782,450270,162,0,0,0
17783,450271,162,0,0,0
17784,450272,162,0,0,0
17785,450273,162,0,0,0
17786,450274,162,0,0,0
17787,450275,162,0,0,0
17788,450276,162,0,0,0
17789,450277,162,0,0,0
17790,450278,162,0,0,0
17791,450279,162,0,0,0
17792,450280,162,0,0,0
17793,450281,162,0,0,0
17794,450282,162,0,0,0
17795,450283,162,0,0,0
17796,450284,162,0,0,0
17797,450285,162,0,0,0
17798,450286,162,0,0,0
17799,450287,162,0,0,0
17800,450288,162,0,0,0
17801,450289,162,0,0,0
17803,450291,162,0,0,0
17804,450292,162,0,0,0
17882,455488,209,0,0,0
